{"type":"FeatureCollection", "features": [
{"type":"Feature","geometry":{"type":"Polygon","coordinates":[[[127.023,37.578],[126.989,37.591],[126.984,37.621],[126.975,37.632],[126.958,37.629],[126.95,37.611],[126.954,37.605],[126.954,37.604],[126.953,37.603],[126.952,37.602],[126.953,37.602],[126.953,37.601],[126.953,37.6],[126.958,37.598],[126.959,37.595],[126.959,37.594],[126.958,37.593],[126.957,37.589],[126.957,37.586],[126.958,37.585],[126.958,37.584],[126.958,37.582],[126.957,37.58],[126.967,37.566],[126.976,37.569],[126.99,37.568],[127.023,37.572],[127.023,37.578]]]},"properties":{"name":"종로구","code":"11010","grp":"11010"}},
{"type":"Feature","geometry":{"type":"Polygon","coordinates":[[[126.967,37.566],[126.968,37.564],[126.969,37.562],[126.967,37.562],[126.967,37.561],[126.966,37.561],[126.966,37.56],[126.963,37.559],[126.962,37.559],[126.962,37.558],[126.963,37.558],[126.963,37.557],[126.962,37.552],[127.004,37.55],[127.009,37.544],[127.026,37.563],[127.023,37.572],[126.99,37.568],[126.976,37.569],[126.967,37.566]]]},"properties":{"name":"중구","code":"11020","grp":"11020"}},
{"type":"Feature","geometry":{"type":"Polygon","coordinates":[[[126.962,37.552],[126.945,37.534],[126.95,37.527],[126.95,37.523],[126.95,37.518],[126.962,37.513],[126.965,37.511],[126.974,37.507],[126.98,37.507],[126.982,37.507],[126.984,37.507],[126.986,37.507],[126.991,37.513],[127.009,37.526],[127.017,37.534],[127.009,37.544],[127.004,37.55],[126.962,37.552]]]},"properties":{"name":"용산구","code":"11030","grp":"11030"}},
{"type":"Feature","geometry":{"type":"Polygon","coordinates":[[[127.009,37.544],[127.017,37.534],[127.04,37.536],[127.056,37.528],[127.072,37.56],[127.043,37.573],[127.023,37.572],[127.026,37.563],[127.009,37.544]]]},"properties":{"name":"성동구","code":"11040","grp":"11040"}},
{"type":"Feature","geometry":{"type":"Polygon","coordinates":[[[127.056,37.528],[127.067,37.525],[127.09,37.527],[127.109,37.543],[127.115,37.557],[127.101,37.574],[127.078,37.572],[127.072,37.56],[127.056,37.528]]]},"properties":{"name":"광진구","code":"11050","grp":"11050"}},
{"type":"Feature","geometry":{"type":"Polygon","coordinates":[[[127.023,37.572],[127.043,37.573],[127.072,37.56],[127.078,37.572],[127.071,37.608],[127.043,37.597],[127.023,37.578],[127.023,37.572]]]},"properties":{"name":"동대문구","code":"11060","grp":"11060"}},
{"type":"Feature","geometry":{"type":"Polygon","coordinates":[[[127.101,37.574],[127.118,37.605],[127.106,37.62],[127.07,37.615],[127.071,37.608],[127.078,37.572],[127.101,37.574]]]},"properties":{"name":"중랑구","code":"11070","grp":"11070"}},
{"type":"Feature","geometry":{"type":"Polygon","coordinates":[[[127.023,37.578],[127.043,37.597],[127.071,37.608],[127.07,37.615],[127.05,37.624],[127.022,37.611],[126.984,37.636],[126.975,37.632],[126.984,37.621],[126.989,37.591],[127.023,37.578]]]},"properties":{"name":"성북구","code":"11080","grp":"11080"}},
{"type":"Feature","geometry":{"type":"Polygon","coordinates":[[[127.05,37.624],[127.043,37.631],[127.012,37.652],[127.016,37.674],[127.009,37.684],[126.992,37.68],[126.993,37.666],[126.98,37.656],[126.984,37.636],[127.022,37.611],[127.05,37.624]]]},"properties":{"name":"강북구","code":"11090","grp":"11090"}},
{"type":"Feature","geometry":{"type":"Polygon","coordinates":[[[127.043,37.631],[127.056,37.647],[127.049,37.674],[127.052,37.686],[127.015,37.701],[127.009,37.684],[127.016,37.674],[127.012,37.652],[127.043,37.631]]]},"properties":{"name":"도봉구","code":"11100","grp":"11100"}},
{"type":"Feature","geometry":{"type":"Polygon","coordinates":[[[127.106,37.62],[127.111,37.642],[127.095,37.645],[127.091,37.659],[127.094,37.663],[127.095,37.668],[127.096,37.668],[127.096,37.669],[127.096,37.67],[127.094,37.676],[127.092,37.679],[127.096,37.689],[127.085,37.69],[127.081,37.696],[127.052,37.686],[127.049,37.674],[127.056,37.647],[127.043,37.631],[127.05,37.624],[127.07,37.615],[127.106,37.62]]]},"properties":{"name":"노원구","code":"11110","grp":"11110"}},
{"type":"Feature","geometry":{"type":"Polygon","coordinates":[[[126.958,37.629],[126.957,37.653],[126.948,37.657],[126.912,37.644],[126.9,37.611],[126.9,37.59],[126.882,37.591],[126.889,37.585],[126.898,37.579],[126.902,37.576],[126.902,37.577],[126.903,37.578],[126.906,37.58],[126.912,37.586],[126.921,37.583],[126.95,37.611],[126.958,37.629]]]},"properties":{"name":"은평구","code":"11120","grp":"11120"}},
{"type":"Feature","geometry":{"type":"Polygon","coordinates":[[[126.95,37.611],[126.921,37.583],[126.912,37.586],[126.906,37.58],[126.903,37.578],[126.902,37.577],[126.902,37.576],[126.906,37.573],[126.91,37.571],[126.918,37.567],[126.92,37.567],[126.922,37.566],[126.925,37.566],[126.928,37.563],[126.937,37.555],[126.938,37.555],[126.939,37.556],[126.941,37.556],[126.941,37.557],[126.96,37.558],[126.962,37.559],[126.963,37.559],[126.966,37.56],[126.966,37.561],[126.967,37.561],[126.967,37.562],[126.969,37.562],[126.968,37.564],[126.967,37.566],[126.957,37.58],[126.958,37.582],[126.958,37.584],[126.958,37.585],[126.957,37.586],[126.957,37.589],[126.958,37.593],[126.959,37.594],[126.959,37.595],[126.958,37.598],[126.953,37.6],[126.953,37.601],[126.953,37.602],[126.952,37.602],[126.953,37.603],[126.954,37.604],[126.954,37.605],[126.95,37.611]]]},"properties":{"name":"서대문구","code":"11130","grp":"11130"}},
{"type":"Feature","geometry":{"type":"Polygon","coordinates":[[[126.962,37.559],[126.96,37.558],[126.941,37.557],[126.941,37.556],[126.939,37.556],[126.938,37.555],[126.937,37.555],[126.928,37.563],[126.925,37.566],[126.922,37.566],[126.92,37.567],[126.918,37.567],[126.91,37.571],[126.906,37.573],[126.902,37.576],[126.898,37.579],[126.889,37.585],[126.882,37.591],[126.876,37.578],[126.854,37.572],[126.88,37.556],[126.905,37.541],[126.93,37.541],[126.945,37.534],[126.962,37.552],[126.963,37.557],[126.963,37.558],[126.962,37.558],[126.962,37.559]]]},"properties":{"name":"마포구","code":"11140","grp":"11140"}},
{"type":"Feature","geometry":{"type":"Polygon","coordinates":[[[126.827,37.509],[126.828,37.509],[126.831,37.508],[126.835,37.503],[126.844,37.507],[126.847,37.51],[126.858,37.51],[126.864,37.505],[126.869,37.505],[126.871,37.506],[126.872,37.504],[126.874,37.504],[126.875,37.507],[126.875,37.511],[126.874,37.511],[126.875,37.512],[126.876,37.512],[126.878,37.514],[126.879,37.518],[126.878,37.518],[126.878,37.519],[126.879,37.521],[126.879,37.523],[126.879,37.525],[126.881,37.528],[126.89,37.53],[126.89,37.531],[126.891,37.532],[126.89,37.534],[126.885,37.543],[126.882,37.547],[126.881,37.548],[126.88,37.548],[126.878,37.547],[126.874,37.547],[126.871,37.548],[126.864,37.551],[126.862,37.544],[126.864,37.542],[126.864,37.541],[126.863,37.536],[126.864,37.53],[126.841,37.526],[126.831,37.542],[126.83,37.544],[126.83,37.548],[126.828,37.548],[126.826,37.545],[126.826,37.544],[126.826,37.543],[126.826,37.542],[126.825,37.542],[126.824,37.541],[126.822,37.541],[126.822,37.539],[126.822,37.537],[126.822,37.535],[126.828,37.529],[126.825,37.518],[126.824,37.511],[126.827,37.51],[126.827,37.509]]]},"properties":{"name":"양천구","code":"11150","grp":"11150"}},
{"type":"Feature","geometry":{"type":"Polygon","coordinates":[[[126.854,37.572],[126.803,37.605],[126.794,37.582],[126.771,37.557],[126.771,37.548],[126.775,37.549],[126.776,37.549],[126.777,37.548],[126.778,37.547],[126.787,37.546],[126.794,37.54],[126.794,37.537],[126.794,37.536],[126.799,37.538],[126.802,37.543],[126.807,37.544],[126.812,37.541],[126.813,37.541],[126.814,37.541],[126.815,37.541],[126.816,37.541],[126.817,37.541],[126.818,37.541],[126.819,37.541],[126.821,37.541],[126.822,37.541],[126.824,37.541],[126.825,37.542],[126.826,37.542],[126.826,37.543],[126.826,37.544],[126.826,37.545],[126.828,37.548],[126.83,37.548],[126.83,37.544],[126.831,37.542],[126.841,37.526],[126.864,37.53],[126.863,37.536],[126.864,37.541],[126.864,37.542],[126.862,37.544],[126.864,37.551],[126.871,37.548],[126.874,37.547],[126.878,37.547],[126.88,37.548],[126.881,37.548],[126.878,37.552],[126.878,37.553],[126.88,37.556],[126.854,37.572]]]},"properties":{"name":"강서구","code":"11160","grp":"11160"}},
{"type":"Feature","geometry":{"type":"Polygon","coordinates":[[[126.827,37.509],[126.826,37.509],[126.825,37.508],[126.824,37.508],[126.823,37.508],[126.822,37.508],[126.822,37.507],[126.822,37.506],[126.823,37.506],[126.822,37.502],[126.82,37.499],[126.82,37.476],[126.832,37.478],[126.832,37.477],[126.833,37.477],[126.845,37.474],[126.875,37.485],[126.899,37.479],[126.899,37.48],[126.9,37.48],[126.9,37.481],[126.901,37.482],[126.903,37.485],[126.9,37.486],[126.898,37.487],[126.896,37.491],[126.892,37.509],[126.879,37.518],[126.878,37.514],[126.876,37.512],[126.875,37.512],[126.874,37.511],[126.875,37.511],[126.875,37.507],[126.874,37.504],[126.872,37.504],[126.871,37.506],[126.869,37.505],[126.864,37.505],[126.858,37.51],[126.847,37.51],[126.844,37.507],[126.835,37.503],[126.831,37.508],[126.828,37.509],[126.827,37.509]]]},"properties":{"name":"구로구","code":"11170","grp":"11170"}},
{"type":"Feature","geometry":{"type":"Polygon","coordinates":[[[126.875,37.485],[126.886,37.456],[126.899,37.439],[126.903,37.434],[126.904,37.434],[126.905,37.434],[126.906,37.434],[126.907,37.434],[126.909,37.434],[126.919,37.44],[126.923,37.445],[126.928,37.449],[126.928,37.45],[126.929,37.451],[126.928,37.451],[126.925,37.453],[126.922,37.457],[126.917,37.457],[126.915,37.457],[126.914,37.458],[126.914,37.461],[126.914,37.462],[126.913,37.464],[126.914,37.465],[126.912,37.466],[126.912,37.467],[126.908,37.473],[126.911,37.474],[126.911,37.475],[126.912,37.477],[126.912,37.478],[126.909,37.478],[126.909,37.48],[126.907,37.48],[126.905,37.48],[126.899,37.479],[126.875,37.485]]]},"properties":{"name":"금천구","code":"11180","grp":"11180"}},
{"type":"Feature","geometry":{"type":"Polygon","coordinates":[[[126.945,37.534],[126.93,37.541],[126.905,37.541],[126.88,37.556],[126.878,37.553],[126.878,37.552],[126.881,37.548],[126.882,37.547],[126.885,37.543],[126.89,37.534],[126.891,37.532],[126.89,37.531],[126.89,37.53],[126.881,37.528],[126.879,37.525],[126.879,37.523],[126.879,37.521],[126.878,37.519],[126.878,37.518],[126.879,37.518],[126.892,37.509],[126.896,37.491],[126.898,37.487],[126.9,37.486],[126.903,37.485],[126.904,37.486],[126.906,37.489],[126.91,37.494],[126.913,37.496],[126.919,37.498],[126.92,37.498],[126.921,37.501],[126.924,37.51],[126.927,37.513],[126.927,37.514],[126.927,37.515],[126.927,37.516],[126.932,37.516],[126.939,37.516],[126.95,37.518],[126.95,37.523],[126.95,37.527],[126.945,37.534]]]},"properties":{"name":"영등포구","code":"11190","grp":"11190"}},
{"type":"Feature","geometry":{"type":"Polygon","coordinates":[[[126.95,37.518],[126.939,37.516],[126.932,37.516],[126.927,37.516],[126.927,37.515],[126.927,37.514],[126.927,37.513],[126.924,37.51],[126.921,37.501],[126.92,37.498],[126.919,37.498],[126.913,37.496],[126.91,37.494],[126.906,37.489],[126.904,37.486],[126.903,37.485],[126.906,37.485],[126.912,37.487],[126.916,37.489],[126.924,37.49],[126.927,37.495],[126.954,37.491],[126.971,37.475],[126.978,37.477],[126.982,37.477],[126.982,37.485],[126.983,37.49],[126.983,37.491],[126.983,37.497],[126.985,37.5],[126.98,37.505],[126.98,37.507],[126.974,37.507],[126.965,37.511],[126.962,37.513],[126.95,37.518]]]},"properties":{"name":"동작구","code":"11200","grp":"11200"}},
{"type":"Feature","geometry":{"type":"Polygon","coordinates":[[[126.899,37.479],[126.905,37.48],[126.907,37.48],[126.909,37.48],[126.909,37.478],[126.912,37.478],[126.912,37.477],[126.911,37.475],[126.911,37.474],[126.908,37.473],[126.912,37.467],[126.912,37.466],[126.914,37.465],[126.913,37.464],[126.914,37.462],[126.914,37.461],[126.914,37.458],[126.915,37.457],[126.917,37.457],[126.922,37.457],[126.925,37.453],[126.928,37.451],[126.929,37.451],[126.928,37.45],[126.93,37.447],[126.931,37.445],[126.937,37.442],[126.94,37.436],[126.945,37.437],[126.946,37.437],[126.948,37.439],[126.949,37.438],[126.959,37.439],[126.964,37.441],[126.989,37.458],[126.988,37.459],[126.988,37.46],[126.988,37.461],[126.988,37.462],[126.988,37.463],[126.988,37.464],[126.988,37.465],[126.988,37.466],[126.987,37.468],[126.982,37.477],[126.978,37.477],[126.971,37.475],[126.954,37.491],[126.927,37.495],[126.924,37.49],[126.916,37.489],[126.912,37.487],[126.906,37.485],[126.903,37.485],[126.901,37.482],[126.9,37.481],[126.9,37.48],[126.899,37.48],[126.899,37.479]]]},"properties":{"name":"관악구","code":"11210","grp":"11210"}},
{"type":"Feature","geometry":{"type":"Polygon","coordinates":[[[126.98,37.507],[126.98,37.505],[126.985,37.5],[126.983,37.497],[126.983,37.491],[126.983,37.49],[126.982,37.485],[126.982,37.477],[126.987,37.468],[126.988,37.466],[126.988,37.465],[126.988,37.464],[126.988,37.463],[126.988,37.462],[126.988,37.461],[126.988,37.46],[126.988,37.459],[126.989,37.458],[127.026,37.458],[127.047,37.431],[127.07,37.431],[127.095,37.456],[127.077,37.475],[127.051,37.468],[127.034,37.484],[127.018,37.522],[127.009,37.526],[126.991,37.513],[126.986,37.507],[126.984,37.507],[126.982,37.507],[126.98,37.507]]]},"properties":{"name":"서초구","code":"11220","grp":"11220"}},
{"type":"Feature","geometry":{"type":"Polygon","coordinates":[[[127.009,37.526],[127.018,37.522],[127.034,37.484],[127.051,37.468],[127.077,37.475],[127.095,37.456],[127.124,37.467],[127.108,37.489],[127.07,37.503],[127.067,37.525],[127.056,37.528],[127.04,37.536],[127.017,37.534],[127.009,37.526]]]},"properties":{"name":"강남구","code":"11230","grp":"11230"}},
{"type":"Feature","geometry":{"type":"Polygon","coordinates":[[[127.067,37.525],[127.07,37.503],[127.108,37.489],[127.124,37.467],[127.144,37.474],[127.161,37.5],[127.145,37.517],[127.119,37.528],[127.109,37.543],[127.09,37.527],[127.067,37.525]]]},"properties":{"name":"송파구","code":"11240","grp":"11240"}},
{"type":"Feature","geometry":{"type":"Polygon","coordinates":[[[127.109,37.543],[127.119,37.528],[127.145,37.517],[127.163,37.545],[127.183,37.546],[127.169,37.579],[127.115,37.557],[127.109,37.543]]]},"properties":{"name":"강동구","code":"11250","grp":"11250"}},
{"type":"Feature","geometry":{"type":"Polygon","coordinates":[[[129.044,35.108],[129.027,35.116],[129.026,35.096],[129.044,35.108]]]},"properties":{"name":"중구","code":"21010","grp":"21010"}},
{"type":"Feature","geometry":{"type":"Polygon","coordinates":[[[129.027,35.116],[129.026,35.136],[129.012,35.137],[129.004,35.136],[129.003,35.125],[129.001,35.125],[129,35.124],[129,35.123],[129.007,35.1],[129.011,35.098],[129.014,35.094],[129.014,35.093],[129.014,35.091],[129.012,35.085],[129.011,35.077],[129.006,35.071],[129.011,35.063],[129.021,35.07],[129.026,35.096],[129.027,35.116]]]},"properties":{"name":"서구","code":"21020","grp":"21020"}},
{"type":"Feature","geometry":{"type":"Polygon","coordinates":[[[129.044,35.108],[129.066,35.129],[129.065,35.141],[129.041,35.146],[129.026,35.136],[129.027,35.116],[129.044,35.108]]]},"properties":{"name":"동구","code":"21030","grp":"21030"}},
{"type":"Feature","geometry":{"type":"Polygon","coordinates":[[[129.062,35.101],[129.031,35.094],[129.034,35.085],[129.065,35.062],[129.093,35.052],[129.079,35.085],[129.062,35.101]]]},"properties":{"name":"영도구","code":"21040","grp":"21040"}},
{"type":"Feature","geometry":{"type":"Polygon","coordinates":[[[129.026,35.136],[129.041,35.146],[129.065,35.141],[129.083,35.158],[129.079,35.175],[129.063,35.177],[129.048,35.195],[129.044,35.199],[129.021,35.187],[129.011,35.174],[129.017,35.153],[129.012,35.137],[129.026,35.136]]]},"properties":{"name":"부산진구","code":"21050","grp":"21050"}},
{"type":"Feature","geometry":{"type":"Polygon","coordinates":[[[129.048,35.195],[129.081,35.199],[129.115,35.184],[129.116,35.186],[129.11,35.21],[129.078,35.226],[129.062,35.226],[129.044,35.199],[129.048,35.195]]]},"properties":{"name":"동래구","code":"21060","grp":"21060"}},
{"type":"Feature","geometry":{"type":"Polygon","coordinates":[[[129.066,35.129],[129.075,35.104],[129.124,35.099],[129.129,35.118],[129.112,35.136],[129.095,35.161],[129.083,35.158],[129.065,35.141],[129.066,35.129]]]},"properties":{"name":"남구","code":"21070","grp":"21070"}},
{"type":"Feature","geometry":{"type":"Polygon","coordinates":[[[129.044,35.199],[129.062,35.226],[129.042,35.264],[129.047,35.274],[129.013,35.274],[128.997,35.236],[128.998,35.234],[128.998,35.233],[128.997,35.226],[128.997,35.225],[128.997,35.223],[128.995,35.213],[128.995,35.21],[128.994,35.208],[128.993,35.207],[128.992,35.206],[128.991,35.204],[128.988,35.201],[129.021,35.187],[129.044,35.199]]]},"properties":{"name":"북구","code":"21080","grp":"21080"}},
{"type":"Feature","geometry":{"type":"Polygon","coordinates":[[[129.116,35.186],[129.131,35.161],[129.143,35.154],[129.196,35.164],[129.208,35.182],[129.207,35.197],[129.185,35.195],[129.16,35.206],[129.169,35.228],[129.145,35.251],[129.11,35.21],[129.116,35.186]]]},"properties":{"name":"해운대구","code":"21090","grp":"21090"}},
{"type":"Feature","geometry":{"type":"Polygon","coordinates":[[[129,35.123],[128.997,35.124],[128.99,35.125],[128.987,35.124],[128.976,35.117],[128.957,35.124],[128.962,35.136],[128.96,35.137],[128.959,35.137],[128.957,35.135],[128.951,35.129],[128.948,35.123],[128.942,35.119],[128.935,35.11],[128.932,35.085],[128.95,35.082],[128.958,35.053],[128.995,35.063],[128.993,35.084],[129.005,35.084],[129.011,35.077],[129.012,35.085],[129.014,35.091],[129.014,35.093],[129.014,35.094],[129.011,35.098],[129.007,35.1],[129,35.123]]]},"properties":{"name":"사하구","code":"21100","grp":"21100"}},
{"type":"Feature","geometry":{"type":"Polygon","coordinates":[[[129.11,35.21],[129.145,35.251],[129.123,35.262],[129.13,35.298],[129.109,35.305],[129.091,35.303],[129.074,35.291],[129.058,35.295],[129.047,35.274],[129.042,35.264],[129.062,35.226],[129.078,35.226],[129.11,35.21]]]},"properties":{"name":"금정구","code":"21110","grp":"21110"}},
{"type":"Feature","geometry":{"type":"MultiPolygon","coordinates":[[[[128.812,35.078],[128.795,35.06],[128.812,35.04],[128.814,35.019],[128.835,35.011],[128.851,35.042],[128.846,35.059],[128.833,35.058],[128.829,35.09],[128.812,35.078]]],[[[128.997,35.236],[128.99,35.232],[128.984,35.23],[128.981,35.229],[128.976,35.228],[128.973,35.227],[128.949,35.225],[128.946,35.227],[128.945,35.227],[128.945,35.228],[128.944,35.228],[128.943,35.228],[128.942,35.228],[128.941,35.228],[128.94,35.227],[128.92,35.216],[128.897,35.213],[128.889,35.215],[128.888,35.214],[128.887,35.214],[128.886,35.214],[128.885,35.214],[128.884,35.213],[128.884,35.212],[128.882,35.21],[128.881,35.21],[128.88,35.21],[128.879,35.21],[128.87,35.202],[128.881,35.183],[128.872,35.164],[128.859,35.168],[128.843,35.158],[128.794,35.157],[128.815,35.133],[128.833,35.13],[128.839,35.115],[128.84,35.115],[128.821,35.097],[128.829,35.09],[128.837,35.083],[128.911,35.079],[128.93,35.093],[128.935,35.11],[128.942,35.119],[128.948,35.123],[128.951,35.129],[128.957,35.135],[128.959,35.137],[128.96,35.137],[128.96,35.14],[128.96,35.149],[128.961,35.155],[128.962,35.161],[128.963,35.164],[128.963,35.184],[128.966,35.188],[128.968,35.189],[128.97,35.191],[128.977,35.193],[128.978,35.194],[128.98,35.195],[128.982,35.197],[128.988,35.201],[128.991,35.204],[128.992,35.206],[128.993,35.207],[128.994,35.208],[128.995,35.21],[128.995,35.213],[128.997,35.223],[128.997,35.225],[128.997,35.226],[128.998,35.233],[128.998,35.234],[128.997,35.236]]]]},"properties":{"name":"강서구","code":"21120","grp":"21120"}},
{"type":"Feature","geometry":{"type":"Polygon","coordinates":[[[129.083,35.158],[129.095,35.161],[129.097,35.179],[129.115,35.184],[129.081,35.199],[129.048,35.195],[129.063,35.177],[129.079,35.175],[129.083,35.158]]]},"properties":{"name":"연제구","code":"21130","grp":"21130"}},
{"type":"Feature","geometry":{"type":"Polygon","coordinates":[[[129.115,35.184],[129.097,35.179],[129.095,35.161],[129.112,35.136],[129.131,35.161],[129.116,35.186],[129.115,35.184]]]},"properties":{"name":"수영구","code":"21140","grp":"21140"}},
{"type":"Feature","geometry":{"type":"Polygon","coordinates":[[[129.012,35.137],[129.017,35.153],[129.011,35.174],[129.021,35.187],[128.988,35.201],[128.982,35.197],[128.98,35.195],[128.978,35.194],[128.977,35.193],[128.97,35.191],[128.968,35.189],[128.966,35.188],[128.963,35.184],[128.963,35.164],[128.962,35.161],[128.961,35.155],[128.96,35.149],[128.96,35.14],[128.96,35.137],[128.962,35.136],[128.957,35.124],[128.976,35.117],[128.987,35.124],[128.99,35.125],[128.997,35.124],[129,35.123],[129,35.124],[129.001,35.125],[129.003,35.125],[129.004,35.136],[129.012,35.137]]]},"properties":{"name":"사상구","code":"21150","grp":"21150"}},
{"type":"Feature","geometry":{"type":"Polygon","coordinates":[[[129.208,35.182],[129.223,35.185],[129.252,35.245],[129.258,35.305],[129.281,35.327],[129.305,35.33],[129.28,35.341],[129.282,35.365],[129.263,35.386],[129.219,35.379],[129.201,35.388],[129.199,35.366],[129.178,35.352],[129.149,35.364],[129.133,35.356],[129.126,35.333],[129.109,35.305],[129.13,35.298],[129.123,35.262],[129.145,35.251],[129.169,35.228],[129.16,35.206],[129.185,35.195],[129.207,35.197],[129.208,35.182]]]},"properties":{"name":"기장군","code":"21310","grp":"21310"}},
{"type":"Feature","geometry":{"type":"Polygon","coordinates":[[[128.611,35.875],[128.58,35.879],[128.58,35.87],[128.574,35.865],[128.574,35.864],[128.574,35.863],[128.574,35.861],[128.574,35.86],[128.583,35.856],[128.608,35.855],[128.615,35.868],[128.611,35.875]]]},"properties":{"name":"중구","code":"22010","grp":"22010"}},
{"type":"Feature","geometry":{"type":"Polygon","coordinates":[[[128.615,35.868],[128.63,35.867],[128.651,35.878],[128.676,35.873],[128.686,35.859],[128.726,35.858],[128.739,35.851],[128.76,35.866],[128.761,35.888],[128.755,35.915],[128.738,35.928],[128.739,35.957],[128.746,35.973],[128.735,35.993],[128.718,36.008],[128.696,36.016],[128.651,36.007],[128.641,36.011],[128.619,36.006],[128.603,35.988],[128.619,35.976],[128.627,35.957],[128.625,35.936],[128.632,35.908],[128.611,35.875],[128.615,35.868]]]},"properties":{"name":"동구","code":"22020","grp":"22020"}},
{"type":"Feature","geometry":{"type":"Polygon","coordinates":[[[128.58,35.879],[128.576,35.888],[128.541,35.894],[128.526,35.888],[128.526,35.887],[128.525,35.886],[128.518,35.885],[128.517,35.884],[128.516,35.883],[128.518,35.88],[128.519,35.88],[128.52,35.876],[128.521,35.873],[128.52,35.871],[128.519,35.869],[128.522,35.867],[128.525,35.867],[128.528,35.862],[128.548,35.854],[128.558,35.858],[128.567,35.861],[128.568,35.861],[128.574,35.863],[128.574,35.864],[128.574,35.865],[128.58,35.87],[128.58,35.879]]]},"properties":{"name":"서구","code":"22030","grp":"22030"}},
{"type":"Feature","geometry":{"type":"Polygon","coordinates":[[[128.574,35.86],[128.574,35.851],[128.562,35.843],[128.561,35.842],[128.558,35.838],[128.555,35.834],[128.563,35.824],[128.567,35.823],[128.568,35.824],[128.569,35.825],[128.569,35.824],[128.571,35.822],[128.571,35.821],[128.571,35.82],[128.571,35.819],[128.576,35.816],[128.579,35.812],[128.582,35.812],[128.584,35.807],[128.588,35.808],[128.591,35.809],[128.592,35.811],[128.594,35.813],[128.6,35.815],[128.608,35.827],[128.608,35.855],[128.583,35.856],[128.574,35.86]]]},"properties":{"name":"남구","code":"22040","grp":"22040"}},
{"type":"Feature","geometry":{"type":"Polygon","coordinates":[[[128.611,35.875],[128.632,35.908],[128.625,35.936],[128.627,35.957],[128.619,35.976],[128.603,35.988],[128.546,35.966],[128.527,35.975],[128.535,35.938],[128.529,35.924],[128.506,35.902],[128.505,35.891],[128.506,35.892],[128.507,35.893],[128.509,35.893],[128.519,35.892],[128.526,35.888],[128.541,35.894],[128.576,35.888],[128.58,35.879],[128.611,35.875]]]},"properties":{"name":"북구","code":"22050","grp":"22050"}},
{"type":"Feature","geometry":{"type":"Polygon","coordinates":[[[128.608,35.855],[128.608,35.827],[128.6,35.815],[128.594,35.813],[128.592,35.811],[128.591,35.809],[128.592,35.809],[128.597,35.807],[128.616,35.804],[128.623,35.806],[128.629,35.803],[128.638,35.804],[128.641,35.802],[128.645,35.802],[128.647,35.802],[128.649,35.803],[128.65,35.803],[128.651,35.803],[128.675,35.795],[128.679,35.793],[128.683,35.79],[128.697,35.794],[128.718,35.807],[128.709,35.827],[128.724,35.84],[128.726,35.858],[128.686,35.859],[128.676,35.873],[128.651,35.878],[128.63,35.867],[128.615,35.868],[128.608,35.855]]]},"properties":{"name":"수성구","code":"22060","grp":"22060"}},
{"type":"Feature","geometry":{"type":"Polygon","coordinates":[[[128.574,35.863],[128.568,35.861],[128.567,35.861],[128.558,35.858],[128.548,35.854],[128.528,35.862],[128.525,35.867],[128.522,35.867],[128.519,35.869],[128.501,35.863],[128.482,35.868],[128.469,35.84],[128.481,35.83],[128.483,35.816],[128.5,35.818],[128.533,35.787],[128.554,35.773],[128.57,35.78],[128.569,35.797],[128.585,35.799],[128.585,35.803],[128.587,35.805],[128.588,35.808],[128.584,35.807],[128.582,35.812],[128.579,35.812],[128.576,35.816],[128.571,35.819],[128.571,35.82],[128.571,35.821],[128.571,35.822],[128.569,35.824],[128.569,35.825],[128.568,35.824],[128.567,35.823],[128.563,35.824],[128.555,35.834],[128.558,35.838],[128.561,35.842],[128.562,35.843],[128.574,35.851],[128.574,35.86],[128.574,35.861],[128.574,35.863]]]},"properties":{"name":"달서구","code":"22070","grp":"22070"}},
{"type":"Feature","geometry":{"type":"MultiPolygon","coordinates":[[[[128.588,35.808],[128.587,35.805],[128.585,35.803],[128.585,35.799],[128.569,35.797],[128.57,35.78],[128.554,35.773],[128.533,35.787],[128.5,35.818],[128.483,35.816],[128.473,35.809],[128.474,35.807],[128.472,35.807],[128.471,35.806],[128.47,35.806],[128.441,35.806],[128.441,35.808],[128.441,35.809],[128.424,35.809],[128.421,35.809],[128.416,35.806],[128.408,35.799],[128.383,35.76],[128.391,35.748],[128.432,35.726],[128.435,35.715],[128.435,35.711],[128.434,35.707],[128.432,35.705],[128.425,35.699],[128.412,35.696],[128.397,35.7],[128.396,35.7],[128.392,35.701],[128.383,35.702],[128.359,35.709],[128.358,35.709],[128.355,35.707],[128.352,35.704],[128.352,35.697],[128.357,35.682],[128.4,35.646],[128.401,35.633],[128.388,35.618],[128.385,35.617],[128.378,35.614],[128.377,35.613],[128.376,35.613],[128.373,35.612],[128.372,35.611],[128.373,35.608],[128.378,35.607],[128.382,35.607],[128.384,35.61],[128.388,35.61],[128.39,35.612],[128.395,35.614],[128.395,35.615],[128.396,35.615],[128.398,35.615],[128.399,35.616],[128.403,35.617],[128.404,35.617],[128.405,35.616],[128.407,35.615],[128.413,35.617],[128.432,35.624],[128.441,35.634],[128.446,35.638],[128.447,35.638],[128.448,35.638],[128.449,35.638],[128.45,35.638],[128.452,35.637],[128.453,35.637],[128.454,35.637],[128.456,35.637],[128.458,35.64],[128.459,35.64],[128.46,35.641],[128.463,35.639],[128.463,35.638],[128.465,35.637],[128.466,35.637],[128.471,35.637],[128.481,35.635],[128.495,35.639],[128.506,35.64],[128.51,35.643],[128.511,35.647],[128.509,35.648],[128.509,35.649],[128.508,35.649],[128.507,35.65],[128.509,35.675],[128.53,35.683],[128.532,35.683],[128.531,35.685],[128.531,35.688],[128.532,35.689],[128.533,35.69],[128.534,35.691],[128.535,35.694],[128.528,35.713],[128.581,35.739],[128.607,35.739],[128.609,35.739],[128.612,35.739],[128.614,35.737],[128.615,35.731],[128.61,35.725],[128.616,35.72],[128.617,35.716],[128.614,35.714],[128.614,35.713],[128.614,35.71],[128.617,35.706],[128.62,35.705],[128.62,35.703],[128.631,35.707],[128.633,35.707],[128.635,35.706],[128.637,35.706],[128.638,35.706],[128.643,35.707],[128.645,35.708],[128.646,35.708],[128.657,35.718],[128.683,35.721],[128.683,35.726],[128.686,35.728],[128.687,35.728],[128.688,35.729],[128.691,35.731],[128.694,35.744],[128.692,35.747],[128.695,35.756],[128.686,35.769],[128.687,35.775],[128.686,35.778],[128.685,35.778],[128.682,35.784],[128.683,35.79],[128.679,35.793],[128.675,35.795],[128.651,35.803],[128.65,35.803],[128.649,35.803],[128.647,35.802],[128.645,35.802],[128.641,35.802],[128.638,35.804],[128.629,35.803],[128.623,35.806],[128.616,35.804],[128.597,35.807],[128.592,35.809],[128.591,35.809],[128.588,35.808]]],[[[128.526,35.888],[128.519,35.892],[128.509,35.893],[128.507,35.893],[128.506,35.892],[128.505,35.891],[128.502,35.887],[128.501,35.887],[128.5,35.886],[128.5,35.887],[128.5,35.888],[128.499,35.89],[128.495,35.891],[128.484,35.894],[128.475,35.894],[128.473,35.914],[128.473,35.923],[128.476,35.928],[128.477,35.932],[128.477,35.933],[128.476,35.934],[128.476,35.935],[128.476,35.936],[128.475,35.936],[128.474,35.937],[128.472,35.937],[128.47,35.938],[128.468,35.939],[128.467,35.939],[128.463,35.939],[128.46,35.941],[128.458,35.942],[128.454,35.943],[128.453,35.937],[128.429,35.929],[128.419,35.921],[128.407,35.901],[128.399,35.899],[128.384,35.866],[128.384,35.853],[128.387,35.851],[128.416,35.852],[128.419,35.851],[128.445,35.848],[128.447,35.847],[128.45,35.847],[128.451,35.846],[128.455,35.844],[128.46,35.842],[128.469,35.84],[128.482,35.868],[128.501,35.863],[128.519,35.869],[128.52,35.871],[128.521,35.873],[128.52,35.876],[128.519,35.88],[128.518,35.88],[128.516,35.883],[128.517,35.884],[128.518,35.885],[128.525,35.886],[128.526,35.887],[128.526,35.888]]]]},"properties":{"name":"달성군","code":"22310","grp":"22310"}},
{"type":"Feature","geometry":{"type":"MultiPolygon","coordinates":[[[[126.414,37.409],[126.4,37.396],[126.407,37.373],[126.434,37.369],[126.442,37.385],[126.414,37.409]]],[[[126.617,37.484],[126.601,37.482],[126.605,37.465],[126.593,37.449],[126.612,37.43],[126.632,37.43],[126.629,37.449],[126.629,37.452],[126.643,37.468],[126.639,37.47],[126.635,37.474],[126.617,37.484]]],[[[126.419,37.422],[126.443,37.421],[126.484,37.445],[126.507,37.466],[126.564,37.479],[126.583,37.491],[126.564,37.515],[126.547,37.518],[126.512,37.534],[126.499,37.531],[126.494,37.508],[126.471,37.499],[126.419,37.497],[126.375,37.472],[126.361,37.458],[126.385,37.44],[126.395,37.446],[126.414,37.434],[126.419,37.422]]]]},"properties":{"name":"중구","code":"23010","grp":"23010"}},
{"type":"Feature","geometry":{"type":"Polygon","coordinates":[[[126.643,37.468],[126.655,37.484],[126.674,37.476],[126.664,37.483],[126.661,37.485],[126.651,37.49],[126.647,37.492],[126.642,37.495],[126.641,37.496],[126.64,37.496],[126.636,37.496],[126.61,37.487],[126.617,37.484],[126.635,37.474],[126.639,37.47],[126.643,37.468]]]},"properties":{"name":"동구","code":"23020","grp":"23020"}},
{"type":"Feature","geometry":{"type":"Polygon","coordinates":[[[126.632,37.43],[126.634,37.431],[126.66,37.435],[126.676,37.43],[126.702,37.439],[126.697,37.461],[126.686,37.472],[126.674,37.476],[126.655,37.484],[126.643,37.468],[126.629,37.452],[126.629,37.449],[126.632,37.43]]]},"properties":{"name":"남구","code":"23030","grp":"23030"}},
{"type":"Feature","geometry":{"type":"Polygon","coordinates":[[[126.634,37.431],[126.633,37.427],[126.608,37.427],[126.598,37.416],[126.61,37.416],[126.61,37.387],[126.654,37.356],[126.667,37.353],[126.695,37.383],[126.684,37.386],[126.667,37.392],[126.704,37.425],[126.702,37.439],[126.676,37.43],[126.66,37.435],[126.634,37.431]]]},"properties":{"name":"연수구","code":"23040","grp":"23040"}},
{"type":"Feature","geometry":{"type":"Polygon","coordinates":[[[126.702,37.439],[126.704,37.425],[126.667,37.392],[126.684,37.386],[126.717,37.381],[126.744,37.403],[126.754,37.418],[126.769,37.427],[126.771,37.43],[126.771,37.431],[126.771,37.434],[126.771,37.436],[126.769,37.443],[126.779,37.451],[126.779,37.469],[126.778,37.47],[126.778,37.471],[126.778,37.472],[126.775,37.471],[126.772,37.472],[126.768,37.472],[126.746,37.465],[126.731,37.473],[126.698,37.468],[126.686,37.472],[126.697,37.461],[126.702,37.439]]]},"properties":{"name":"남동구","code":"23050","grp":"23050"}},
{"type":"Feature","geometry":{"type":"Polygon","coordinates":[[[126.768,37.472],[126.742,37.487],[126.743,37.488],[126.742,37.494],[126.744,37.502],[126.743,37.504],[126.742,37.506],[126.742,37.507],[126.742,37.508],[126.742,37.509],[126.746,37.515],[126.758,37.516],[126.761,37.52],[126.76,37.524],[126.689,37.524],[126.686,37.522],[126.684,37.518],[126.683,37.517],[126.683,37.516],[126.683,37.515],[126.686,37.513],[126.692,37.492],[126.698,37.49],[126.692,37.485],[126.691,37.479],[126.686,37.472],[126.698,37.468],[126.731,37.473],[126.746,37.465],[126.768,37.472]]]},"properties":{"name":"부평구","code":"23060","grp":"23060"}},
{"type":"Feature","geometry":{"type":"Polygon","coordinates":[[[126.794,37.582],[126.787,37.586],[126.768,37.588],[126.763,37.585],[126.759,37.585],[126.758,37.585],[126.756,37.583],[126.756,37.582],[126.756,37.581],[126.756,37.58],[126.755,37.58],[126.754,37.58],[126.752,37.58],[126.75,37.581],[126.747,37.586],[126.744,37.592],[126.742,37.592],[126.739,37.593],[126.737,37.593],[126.737,37.591],[126.736,37.591],[126.736,37.59],[126.735,37.591],[126.734,37.591],[126.731,37.592],[126.73,37.592],[126.727,37.592],[126.725,37.592],[126.699,37.573],[126.707,37.543],[126.684,37.536],[126.689,37.524],[126.76,37.524],[126.76,37.536],[126.761,37.538],[126.766,37.554],[126.771,37.548],[126.771,37.557],[126.794,37.582]]]},"properties":{"name":"계양구","code":"23070","grp":"23070"}},
{"type":"Feature","geometry":{"type":"Polygon","coordinates":[[[126.674,37.476],[126.686,37.472],[126.691,37.479],[126.692,37.485],[126.698,37.49],[126.692,37.492],[126.686,37.513],[126.683,37.515],[126.683,37.516],[126.683,37.517],[126.684,37.518],[126.686,37.522],[126.689,37.524],[126.684,37.536],[126.707,37.543],[126.699,37.573],[126.725,37.592],[126.708,37.605],[126.694,37.62],[126.667,37.636],[126.657,37.638],[126.656,37.638],[126.654,37.638],[126.637,37.627],[126.626,37.603],[126.609,37.605],[126.605,37.6],[126.59,37.592],[126.575,37.588],[126.592,37.561],[126.603,37.533],[126.605,37.496],[126.623,37.496],[126.639,37.504],[126.639,37.498],[126.641,37.497],[126.641,37.496],[126.642,37.495],[126.647,37.492],[126.651,37.49],[126.661,37.485],[126.664,37.483],[126.674,37.476]]]},"properties":{"name":"서구","code":"23080","grp":"23080"}},
{"type":"Feature","geometry":{"type":"MultiPolygon","coordinates":[[[[126.195,37.685],[126.178,37.671],[126.193,37.66],[126.209,37.664],[126.195,37.685]]],[[[126.33,37.746],[126.317,37.752],[126.289,37.743],[126.282,37.709],[126.289,37.695],[126.315,37.685],[126.329,37.67],[126.325,37.66],[126.338,37.646],[126.371,37.664],[126.379,37.683],[126.368,37.694],[126.343,37.697],[126.318,37.714],[126.318,37.73],[126.33,37.746]]],[[[126.266,37.815],[126.241,37.817],[126.223,37.805],[126.223,37.792],[126.208,37.768],[126.233,37.751],[126.24,37.762],[126.272,37.769],[126.292,37.765],[126.315,37.774],[126.333,37.797],[126.328,37.806],[126.294,37.804],[126.266,37.815]]],[[[126.439,37.825],[126.392,37.823],[126.388,37.808],[126.351,37.792],[126.355,37.758],[126.352,37.734],[126.355,37.707],[126.386,37.7],[126.403,37.676],[126.411,37.652],[126.403,37.643],[126.377,37.636],[126.375,37.612],[126.405,37.594],[126.456,37.593],[126.49,37.6],[126.511,37.582],[126.52,37.611],[126.544,37.619],[126.522,37.654],[126.522,37.698],[126.513,37.716],[126.526,37.747],[126.512,37.762],[126.503,37.785],[126.488,37.79],[126.451,37.812],[126.439,37.825]]]]},"properties":{"name":"강화군","code":"23310","grp":"23310"}},
{"type":"Feature","geometry":{"type":"MultiPolygon","coordinates":[[[[126.086,37.106],[126.067,37.107],[126.062,37.089],[126.076,37.084],[126.086,37.106]]],[[[126.29,37.267],[126.3,37.253],[126.331,37.246],[126.334,37.255],[126.29,37.267]]],[[[126.108,37.272],[126.09,37.239],[126.111,37.224],[126.117,37.209],[126.166,37.233],[126.125,37.252],[126.108,37.272]]],[[[126.482,37.244],[126.497,37.262],[126.488,37.283],[126.454,37.283],[126.436,37.266],[126.432,37.233],[126.453,37.231],[126.482,37.244]]],[[[126.472,37.537],[126.462,37.544],[126.434,37.526],[126.459,37.517],[126.472,37.537]]],[[[124.716,37.826],[124.719,37.845],[124.683,37.831],[124.685,37.811],[124.703,37.805],[124.716,37.826]]],[[[124.687,37.98],[124.671,37.981],[124.638,37.969],[124.622,37.978],[124.612,37.961],[124.626,37.954],[124.637,37.926],[124.691,37.917],[124.708,37.945],[124.73,37.954],[124.73,37.978],[124.705,37.984],[124.687,37.98]]]]},"properties":{"name":"옹진군","code":"23320","grp":"23320"}},
{"type":"Feature","geometry":{"type":"Polygon","coordinates":[[[127.004,35.121],[126.983,35.137],[126.968,35.137],[126.939,35.161],[126.916,35.165],[126.907,35.151],[126.91,35.149],[126.925,35.132],[126.912,35.116],[126.919,35.092],[126.936,35.074],[126.952,35.073],[126.967,35.089],[126.988,35.094],[126.986,35.106],[127.004,35.121]]]},"properties":{"name":"동구","code":"24010","grp":"24010"}},
{"type":"Feature","geometry":{"type":"Polygon","coordinates":[[[126.907,35.151],[126.884,35.17],[126.839,35.178],[126.825,35.166],[126.83,35.141],[126.816,35.117],[126.803,35.111],[126.803,35.093],[126.826,35.093],[126.848,35.106],[126.871,35.11],[126.888,35.121],[126.885,35.147],[126.91,35.149],[126.907,35.151]]]},"properties":{"name":"서구","code":"24020","grp":"24020"}},
{"type":"Feature","geometry":{"type":"Polygon","coordinates":[[[126.91,35.149],[126.885,35.147],[126.888,35.121],[126.871,35.11],[126.848,35.106],[126.826,35.093],[126.803,35.093],[126.786,35.075],[126.771,35.07],[126.769,35.054],[126.795,35.061],[126.804,35.052],[126.844,35.065],[126.856,35.078],[126.892,35.078],[126.919,35.092],[126.912,35.116],[126.925,35.132],[126.91,35.149]]]},"properties":{"name":"남구","code":"24030","grp":"24030"}},
{"type":"Feature","geometry":{"type":"Polygon","coordinates":[[[127.004,35.121],[127.009,35.134],[127.011,35.166],[127.007,35.185],[126.974,35.186],[126.948,35.231],[126.929,35.252],[126.905,35.258],[126.887,35.246],[126.88,35.248],[126.879,35.249],[126.88,35.252],[126.878,35.251],[126.877,35.25],[126.871,35.248],[126.871,35.247],[126.87,35.246],[126.869,35.246],[126.867,35.246],[126.865,35.246],[126.864,35.246],[126.861,35.244],[126.861,35.242],[126.861,35.241],[126.86,35.241],[126.86,35.24],[126.859,35.24],[126.844,35.237],[126.841,35.234],[126.84,35.234],[126.84,35.233],[126.84,35.232],[126.837,35.23],[126.836,35.23],[126.835,35.23],[126.835,35.229],[126.853,35.222],[126.86,35.186],[126.839,35.178],[126.884,35.17],[126.907,35.151],[126.916,35.165],[126.939,35.161],[126.968,35.137],[126.983,35.137],[127.004,35.121]]]},"properties":{"name":"북구","code":"24040","grp":"24040"}},
{"type":"Feature","geometry":{"type":"Polygon","coordinates":[[[126.839,35.178],[126.86,35.186],[126.853,35.222],[126.835,35.229],[126.833,35.229],[126.825,35.232],[126.825,35.227],[126.804,35.221],[126.795,35.22],[126.775,35.23],[126.76,35.234],[126.755,35.234],[126.754,35.235],[126.754,35.237],[126.754,35.238],[126.755,35.241],[126.757,35.244],[126.764,35.253],[126.76,35.259],[126.737,35.252],[126.735,35.25],[126.733,35.247],[126.73,35.244],[126.73,35.243],[126.73,35.242],[126.73,35.241],[126.729,35.237],[126.728,35.236],[126.727,35.237],[126.725,35.234],[126.724,35.232],[126.724,35.231],[126.724,35.23],[126.723,35.229],[126.718,35.222],[126.721,35.219],[126.72,35.216],[126.72,35.215],[126.719,35.213],[126.718,35.213],[126.718,35.212],[126.703,35.208],[126.697,35.21],[126.692,35.213],[126.691,35.213],[126.691,35.214],[126.69,35.215],[126.689,35.215],[126.688,35.215],[126.687,35.215],[126.686,35.214],[126.685,35.21],[126.683,35.209],[126.677,35.201],[126.678,35.194],[126.672,35.194],[126.668,35.193],[126.664,35.192],[126.659,35.192],[126.657,35.193],[126.657,35.194],[126.656,35.194],[126.655,35.193],[126.654,35.193],[126.653,35.193],[126.653,35.192],[126.67,35.17],[126.654,35.164],[126.655,35.115],[126.676,35.105],[126.69,35.111],[126.736,35.108],[126.762,35.091],[126.771,35.07],[126.786,35.075],[126.803,35.093],[126.803,35.111],[126.816,35.117],[126.83,35.141],[126.825,35.166],[126.839,35.178]]]},"properties":{"name":"광산구","code":"24050","grp":"24050"}},
{"type":"Feature","geometry":{"type":"Polygon","coordinates":[[[127.515,36.422],[127.502,36.409],[127.492,36.439],[127.458,36.404],[127.451,36.381],[127.464,36.351],[127.431,36.359],[127.415,36.341],[127.44,36.313],[127.442,36.296],[127.427,36.289],[127.439,36.271],[127.43,36.262],[127.443,36.239],[127.422,36.208],[127.444,36.195],[127.456,36.201],[127.467,36.222],[127.493,36.238],[127.486,36.261],[127.499,36.283],[127.492,36.299],[127.503,36.325],[127.501,36.34],[127.519,36.35],[127.525,36.384],[127.539,36.398],[127.554,36.395],[127.54,36.421],[127.515,36.422]]]},"properties":{"name":"동구","code":"25010","grp":"25010"}},
{"type":"Feature","geometry":{"type":"Polygon","coordinates":[[[127.415,36.341],[127.404,36.35],[127.389,36.328],[127.382,36.297],[127.367,36.285],[127.372,36.272],[127.39,36.262],[127.386,36.251],[127.411,36.217],[127.422,36.208],[127.443,36.239],[127.43,36.262],[127.439,36.271],[127.427,36.289],[127.442,36.296],[127.44,36.313],[127.415,36.341]]]},"properties":{"name":"중구","code":"25020","grp":"25020"}},
{"type":"Feature","geometry":{"type":"Polygon","coordinates":[[[127.404,36.35],[127.393,36.371],[127.375,36.372],[127.349,36.35],[127.355,36.335],[127.336,36.33],[127.332,36.302],[127.322,36.297],[127.31,36.273],[127.292,36.264],[127.281,36.246],[127.294,36.223],[127.316,36.221],[127.332,36.184],[127.34,36.189],[127.36,36.225],[127.363,36.269],[127.372,36.272],[127.367,36.285],[127.382,36.297],[127.389,36.328],[127.404,36.35]]]},"properties":{"name":"서구","code":"25030","grp":"25030"}},
{"type":"Feature","geometry":{"type":"Polygon","coordinates":[[[127.393,36.371],[127.412,36.382],[127.413,36.424],[127.391,36.439],[127.402,36.456],[127.403,36.485],[127.396,36.492],[127.384,36.5],[127.359,36.483],[127.359,36.456],[127.341,36.431],[127.326,36.422],[127.296,36.423],[127.282,36.415],[127.281,36.375],[127.271,36.361],[127.279,36.345],[127.26,36.327],[127.259,36.276],[127.292,36.264],[127.31,36.273],[127.322,36.297],[127.332,36.302],[127.336,36.33],[127.355,36.335],[127.349,36.35],[127.375,36.372],[127.393,36.371]]]},"properties":{"name":"유성구","code":"25040","grp":"25040"}},
{"type":"Feature","geometry":{"type":"Polygon","coordinates":[[[127.492,36.439],[127.504,36.452],[127.478,36.458],[127.48,36.477],[127.451,36.449],[127.436,36.456],[127.402,36.456],[127.391,36.439],[127.413,36.424],[127.412,36.382],[127.393,36.371],[127.404,36.35],[127.415,36.341],[127.431,36.359],[127.464,36.351],[127.451,36.381],[127.458,36.404],[127.492,36.439]]]},"properties":{"name":"대덕구","code":"25050","grp":"25050"}},
{"type":"Feature","geometry":{"type":"Polygon","coordinates":[[[129.348,35.549],[129.353,35.56],[129.348,35.595],[129.324,35.599],[129.31,35.589],[129.29,35.593],[129.281,35.585],[129.254,35.588],[129.266,35.557],[129.297,35.545],[129.323,35.55],[129.325,35.55],[129.348,35.549]]]},"properties":{"name":"중구","code":"26010","grp":"26010"}},
{"type":"Feature","geometry":{"type":"Polygon","coordinates":[[[129.266,35.557],[129.237,35.536],[129.272,35.53],[129.303,35.495],[129.331,35.486],[129.363,35.46],[129.384,35.476],[129.389,35.488],[129.386,35.516],[129.377,35.538],[129.348,35.549],[129.325,35.55],[129.323,35.55],[129.297,35.545],[129.266,35.557]]]},"properties":{"name":"남구","code":"26020","grp":"26020"}},
{"type":"Feature","geometry":{"type":"Polygon","coordinates":[[[129.388,35.527],[129.396,35.501],[129.408,35.493],[129.404,35.477],[129.44,35.487],[129.457,35.562],[129.453,35.572],[129.42,35.564],[129.408,35.552],[129.401,35.529],[129.388,35.527]]]},"properties":{"name":"동구","code":"26030","grp":"26030"}},
{"type":"Feature","geometry":{"type":"Polygon","coordinates":[[[129.348,35.549],[129.377,35.538],[129.388,35.527],[129.401,35.529],[129.408,35.552],[129.42,35.564],[129.453,35.572],[129.465,35.587],[129.463,35.605],[129.444,35.624],[129.442,35.645],[129.45,35.651],[129.448,35.651],[129.448,35.652],[129.43,35.656],[129.429,35.656],[129.41,35.664],[129.389,35.669],[129.388,35.67],[129.386,35.67],[129.354,35.679],[129.328,35.659],[129.311,35.661],[129.296,35.644],[129.299,35.61],[129.29,35.593],[129.31,35.589],[129.324,35.599],[129.348,35.595],[129.353,35.56],[129.348,35.549]]]},"properties":{"name":"북구","code":"26040","grp":"26040"}},
{"type":"Feature","geometry":{"type":"Polygon","coordinates":[[[129.305,35.33],[129.334,35.354],[129.362,35.36],[129.345,35.375],[129.347,35.39],[129.363,35.407],[129.371,35.435],[129.35,35.448],[129.347,35.464],[129.331,35.486],[129.303,35.495],[129.272,35.53],[129.237,35.536],[129.266,35.557],[129.254,35.588],[129.281,35.585],[129.29,35.593],[129.299,35.61],[129.296,35.644],[129.26,35.655],[129.263,35.691],[129.257,35.701],[129.234,35.704],[129.205,35.721],[129.197,35.716],[129.16,35.715],[129.141,35.724],[129.134,35.712],[129.083,35.698],[129.07,35.682],[129.069,35.645],[129.047,35.651],[129.003,35.62],[129.023,35.613],[129.019,35.584],[128.996,35.568],[128.978,35.563],[128.998,35.542],[128.995,35.528],[129.009,35.524],[129.056,35.532],[129.053,35.514],[129.107,35.495],[129.11,35.479],[129.143,35.446],[129.168,35.432],[129.191,35.435],[129.219,35.407],[129.201,35.388],[129.219,35.379],[129.263,35.386],[129.282,35.365],[129.28,35.341],[129.305,35.33]]]},"properties":{"name":"울주군","code":"26310","grp":"26310"}},
{"type":"Feature","geometry":{"type":"MultiPolygon","coordinates":[[[[127.018,37.351],[126.982,37.327],[126.968,37.325],[126.967,37.31],[126.965,37.305],[126.962,37.302],[126.961,37.302],[126.951,37.3],[126.942,37.3],[126.941,37.302],[126.937,37.302],[126.937,37.303],[126.934,37.303],[126.933,37.303],[126.933,37.302],[126.932,37.301],[126.933,37.301],[126.934,37.299],[126.935,37.298],[126.939,37.297],[126.939,37.295],[126.933,37.291],[126.929,37.286],[126.927,37.279],[126.927,37.272],[126.931,37.261],[126.947,37.257],[126.968,37.234],[126.969,37.23],[126.97,37.23],[126.981,37.233],[126.982,37.232],[126.985,37.232],[126.987,37.234],[126.988,37.234],[126.989,37.232],[126.997,37.229],[127.003,37.229],[127.011,37.226],[127.014,37.227],[127.021,37.226],[127.021,37.225],[127.022,37.225],[127.023,37.226],[127.023,37.231],[127.03,37.232],[127.035,37.236],[127.037,37.241],[127.04,37.245],[127.04,37.247],[127.041,37.247],[127.042,37.247],[127.043,37.247],[127.039,37.238],[127.039,37.237],[127.041,37.235],[127.046,37.233],[127.052,37.234],[127.053,37.234],[127.054,37.232],[127.056,37.233],[127.058,37.234],[127.06,37.236],[127.061,37.237],[127.062,37.238],[127.065,37.24],[127.067,37.24],[127.069,37.246],[127.073,37.247],[127.075,37.247],[127.076,37.247],[127.08,37.247],[127.083,37.252],[127.082,37.254],[127.083,37.254],[127.083,37.255],[127.084,37.255],[127.084,37.256],[127.085,37.256],[127.084,37.257],[127.084,37.259],[127.082,37.259],[127.081,37.258],[127.081,37.259],[127.081,37.26],[127.081,37.261],[127.082,37.262],[127.086,37.265],[127.086,37.269],[127.085,37.269],[127.085,37.27],[127.079,37.267],[127.077,37.265],[127.075,37.266],[127.074,37.266],[127.071,37.267],[127.069,37.268],[127.065,37.27],[127.066,37.273],[127.068,37.274],[127.069,37.278],[127.07,37.279],[127.071,37.28],[127.071,37.281],[127.088,37.29],[127.089,37.293],[127.089,37.297],[127.089,37.298],[127.087,37.298],[127.083,37.298],[127.08,37.295],[127.079,37.293],[127.064,37.296],[127.062,37.296],[127.06,37.297],[127.058,37.305],[127.059,37.306],[127.06,37.308],[127.06,37.31],[127.061,37.311],[127.06,37.311],[127.059,37.312],[127.058,37.314],[127.058,37.316],[127.054,37.316],[127.053,37.316],[127.052,37.316],[127.05,37.316],[127.046,37.317],[127.042,37.319],[127.04,37.321],[127.039,37.323],[127.037,37.327],[127.037,37.328],[127.032,37.337],[127.033,37.344],[127.018,37.351]]],[[[127.054,37.232],[127.053,37.232],[127.052,37.232],[127.052,37.231],[127.053,37.231],[127.054,37.232]]]]},"properties":{"name":"수원시","code":"31011","grp":"31010"}},
{"type":"Feature","geometry":{"type":"Polygon","coordinates":[[[127.047,37.431],[127.042,37.416],[127.043,37.404],[127.028,37.372],[127.086,37.352],[127.117,37.333],[127.138,37.34],[127.137,37.359],[127.153,37.363],[127.174,37.406],[127.194,37.425],[127.196,37.444],[127.179,37.475],[127.176,37.472],[127.144,37.474],[127.124,37.467],[127.095,37.456],[127.07,37.431],[127.047,37.431]]]},"properties":{"name":"성남시","code":"31021","grp":"31020"}},
{"type":"Feature","geometry":{"type":"Polygon","coordinates":[[[127.052,37.686],[127.081,37.696],[127.08,37.7],[127.084,37.702],[127.095,37.703],[127.109,37.71],[127.112,37.717],[127.126,37.727],[127.124,37.739],[127.125,37.743],[127.127,37.744],[127.128,37.745],[127.129,37.746],[127.128,37.747],[127.129,37.748],[127.132,37.749],[127.135,37.749],[127.136,37.75],[127.137,37.748],[127.138,37.747],[127.14,37.748],[127.142,37.748],[127.143,37.748],[127.144,37.749],[127.147,37.75],[127.147,37.752],[127.147,37.754],[127.146,37.755],[127.144,37.756],[127.143,37.757],[127.143,37.76],[127.14,37.764],[127.134,37.762],[127.125,37.773],[127.106,37.78],[127.06,37.762],[127.017,37.769],[127.002,37.755],[127.015,37.701],[127.052,37.686]]]},"properties":{"name":"의정부시","code":"31030","grp":"31030"}},
{"type":"Feature","geometry":{"type":"Polygon","coordinates":[[[126.903,37.434],[126.9,37.435],[126.894,37.422],[126.889,37.419],[126.89,37.417],[126.889,37.412],[126.889,37.411],[126.888,37.411],[126.887,37.411],[126.886,37.412],[126.885,37.412],[126.884,37.412],[126.882,37.411],[126.881,37.411],[126.88,37.41],[126.879,37.409],[126.876,37.411],[126.872,37.412],[126.871,37.413],[126.871,37.412],[126.87,37.408],[126.87,37.407],[126.873,37.407],[126.875,37.407],[126.876,37.406],[126.878,37.405],[126.877,37.404],[126.877,37.402],[126.877,37.393],[126.877,37.39],[126.881,37.377],[126.882,37.377],[126.88190909090909,37.37681818181818],[126.891,37.375],[126.892,37.368],[126.894,37.366],[126.895,37.361],[126.895,37.36],[126.896,37.359],[126.897,37.359],[126.9,37.359],[126.904,37.36],[126.906,37.361],[126.906,37.362],[126.909,37.367],[126.91,37.37],[126.912,37.373],[126.914,37.373],[126.914,37.374],[126.914,37.375],[126.915,37.375],[126.918,37.377],[126.933,37.378],[126.936,37.376],[126.94,37.376],[126.941,37.376],[126.941,37.377],[126.94,37.379],[126.942,37.379],[126.945,37.377],[126.947,37.376],[126.948,37.369],[126.962,37.361],[126.982,37.401],[126.962,37.421],[126.964,37.441],[126.959,37.439],[126.949,37.438],[126.948,37.439],[126.946,37.437],[126.945,37.437],[126.94,37.436],[126.937,37.442],[126.931,37.445],[126.93,37.447],[126.928,37.45],[126.928,37.449],[126.923,37.445],[126.919,37.44],[126.909,37.434],[126.907,37.434],[126.906,37.434],[126.905,37.434],[126.904,37.434],[126.903,37.434]]]},"properties":{"name":"안양시","code":"31041","grp":"31040"}},
{"type":"Feature","geometry":{"type":"Polygon","coordinates":[[[126.822,37.541],[126.821,37.541],[126.819,37.541],[126.818,37.541],[126.817,37.541],[126.816,37.541],[126.815,37.541],[126.814,37.541],[126.813,37.541],[126.812,37.541],[126.807,37.544],[126.802,37.543],[126.799,37.538],[126.794,37.536],[126.794,37.537],[126.794,37.54],[126.787,37.546],[126.778,37.547],[126.777,37.548],[126.776,37.549],[126.775,37.549],[126.771,37.548],[126.766,37.554],[126.761,37.538],[126.76,37.536],[126.76,37.524],[126.761,37.52],[126.758,37.516],[126.746,37.515],[126.742,37.509],[126.742,37.508],[126.742,37.507],[126.742,37.506],[126.743,37.504],[126.744,37.502],[126.742,37.494],[126.743,37.488],[126.742,37.487],[126.768,37.472],[126.772,37.472],[126.775,37.471],[126.778,37.472],[126.784,37.472],[126.789,37.466],[126.804,37.462],[126.809,37.462],[126.813,37.46],[126.823,37.458],[126.826,37.459],[126.826,37.46],[126.827,37.461],[126.827,37.462],[126.828,37.463],[126.834,37.468],[126.833,37.469],[126.833,37.471],[126.832,37.474],[126.833,37.477],[126.832,37.477],[126.832,37.478],[126.82,37.476],[126.82,37.499],[126.822,37.502],[126.823,37.506],[126.822,37.506],[126.822,37.507],[126.822,37.508],[126.823,37.508],[126.824,37.508],[126.825,37.508],[126.826,37.509],[126.827,37.509],[126.827,37.51],[126.824,37.511],[126.825,37.518],[126.828,37.529],[126.822,37.535],[126.822,37.537],[126.822,37.539],[126.822,37.541]]]},"properties":{"name":"부천시","code":"31050","grp":"31050"}},
{"type":"Feature","geometry":{"type":"Polygon","coordinates":[[[126.833,37.477],[126.832,37.474],[126.833,37.471],[126.833,37.469],[126.834,37.468],[126.828,37.463],[126.827,37.462],[126.827,37.461],[126.826,37.46],[126.826,37.459],[126.827,37.46],[126.828,37.46],[126.839,37.455],[126.838,37.452],[126.846,37.412],[126.87,37.402],[126.871,37.402],[126.876,37.402],[126.877,37.402],[126.877,37.404],[126.878,37.405],[126.876,37.406],[126.875,37.407],[126.873,37.407],[126.87,37.407],[126.87,37.408],[126.871,37.412],[126.871,37.413],[126.872,37.412],[126.876,37.411],[126.879,37.409],[126.88,37.41],[126.881,37.411],[126.882,37.411],[126.884,37.412],[126.885,37.412],[126.886,37.412],[126.887,37.411],[126.888,37.411],[126.889,37.411],[126.889,37.412],[126.89,37.417],[126.889,37.419],[126.894,37.422],[126.9,37.435],[126.903,37.434],[126.899,37.439],[126.886,37.456],[126.875,37.485],[126.845,37.474],[126.833,37.477]]]},"properties":{"name":"광명시","code":"31060","grp":"31060"}},
{"type":"Feature","geometry":{"type":"Polygon","coordinates":[[[127.123,37.144],[127.103,37.144],[127.086,37.127],[127.073,37.125],[127.036,37.136],[126.998,37.126],[126.998,37.093],[126.992,37.074],[126.948,37.062],[126.901,37.07],[126.884,37.067],[126.855,37.022],[126.842,37.014],[126.798,37.014],[126.825,36.982],[126.85,36.946],[126.867,36.933],[126.887,36.936],[126.903,36.926],[126.91,36.902],[126.94,36.917],[126.986,36.932],[127.016,36.935],[127.026,36.929],[127.065,36.942],[127.074,36.939],[127.075,36.94],[127.078,36.942],[127.078,36.943],[127.079,36.943],[127.086,36.948],[127.088,36.947],[127.089,36.946],[127.09,36.946],[127.092,36.943],[127.096,36.942],[127.097,36.948],[127.099,36.949],[127.103,36.953],[127.102,36.954],[127.101,36.954],[127.096,36.956],[127.097,36.959],[127.114,36.971],[127.116,36.971],[127.118,36.971],[127.12,36.97],[127.145,36.997],[127.144,37.033],[127.106,37.036],[127.13,37.059],[127.121,37.076],[127.124,37.09],[127.109,37.123],[127.123,37.144]]]},"properties":{"name":"평택시","code":"31070","grp":"31070"}},
{"type":"Feature","geometry":{"type":"Polygon","coordinates":[[[127.091,37.972],[127.09,37.972],[127.089,37.972],[127.086,37.974],[127.081,37.976],[127.077,37.977],[127.073,37.977],[127.069,37.976],[127.068,37.975],[127.066,37.975],[127.064,37.979],[127.053,37.981],[127.052,37.979],[127.051,37.979],[127.05,37.979],[127.049,37.979],[127.05,37.976],[127.045,37.973],[127.042,37.96],[127.029,37.956],[127.029,37.949],[127.028,37.944],[127.017,37.937],[127.017,37.936],[127.016,37.935],[127.014,37.931],[127.014,37.93],[127.013,37.93],[127.012,37.929],[127.01,37.928],[127.006,37.915],[127.021,37.899],[127.046,37.894],[127.06,37.869],[127.088,37.872],[127.109,37.86],[127.127,37.873],[127.147,37.876],[127.155,37.895],[127.145,37.912],[127.12,37.921],[127.109,37.939],[127.095,37.944],[127.091,37.972]]]},"properties":{"name":"동두천시","code":"31080","grp":"31080"}},
{"type":"Feature","geometry":{"type":"MultiPolygon","coordinates":[[[[126.933,37.303],[126.93,37.307],[126.916,37.305],[126.908,37.322],[126.878,37.32],[126.896,37.359],[126.895,37.36],[126.895,37.361],[126.894,37.366],[126.892,37.368],[126.891,37.375],[126.88190909090909,37.37681818181818],[126.881,37.375],[126.865,37.362],[126.841,37.363],[126.79,37.35],[126.791,37.347],[126.768,37.342],[126.766,37.342],[126.751,37.334],[126.75,37.334],[126.718,37.308],[126.768,37.293],[126.817,37.298],[126.843,37.268],[126.844,37.267],[126.863,37.274],[126.901,37.291],[126.927,37.279],[126.929,37.286],[126.933,37.291],[126.939,37.295],[126.939,37.297],[126.935,37.298],[126.934,37.299],[126.933,37.301],[126.932,37.301],[126.933,37.302],[126.933,37.303]]],[[[126.614,37.314],[126.556,37.277],[126.561,37.242],[126.544,37.233],[126.545,37.206],[126.561,37.198],[126.577,37.219],[126.589,37.214],[126.626,37.219],[126.647,37.211],[126.655,37.225],[126.637,37.256],[126.61,37.279],[126.586,37.291],[126.616,37.314],[126.614,37.314]]]]},"properties":{"name":"안산시","code":"31091","grp":"31090"}},
{"type":"Feature","geometry":{"type":"Polygon","coordinates":[[[126.975,37.632],[126.984,37.636],[126.98,37.656],[126.993,37.666],[126.992,37.68],[126.966,37.692],[126.945,37.686],[126.943,37.672],[126.911,37.669],[126.925,37.709],[126.922,37.732],[126.929,37.748],[126.911,37.747],[126.903,37.729],[126.874,37.726],[126.855,37.735],[126.837,37.727],[126.794,37.726],[126.773,37.704],[126.725,37.705],[126.691,37.689],[126.674,37.7],[126.678,37.672],[126.732,37.648],[126.76,37.63],[126.803,37.605],[126.854,37.572],[126.876,37.578],[126.882,37.591],[126.9,37.59],[126.9,37.611],[126.912,37.644],[126.948,37.657],[126.957,37.653],[126.958,37.629],[126.975,37.632]]]},"properties":{"name":"고양시","code":"31101","grp":"31100"}},
{"type":"Feature","geometry":{"type":"Polygon","coordinates":[[[126.964,37.441],[126.962,37.421],[126.982,37.401],[127.009,37.412],[127.042,37.416],[127.047,37.431],[127.026,37.458],[126.989,37.458],[126.964,37.441]]]},"properties":{"name":"과천시","code":"31110","grp":"31110"}},
{"type":"Feature","geometry":{"type":"Polygon","coordinates":[[[127.115,37.557],[127.169,37.579],[127.171,37.581],[127.151,37.599],[127.143,37.623],[127.143,37.625],[127.144,37.627],[127.145,37.63],[127.146,37.631],[127.147,37.631],[127.148,37.633],[127.149,37.633],[127.149,37.634],[127.149,37.635],[127.149,37.639],[127.147,37.643],[127.139,37.646],[127.127,37.641],[127.111,37.642],[127.106,37.62],[127.118,37.605],[127.101,37.574],[127.115,37.557]]]},"properties":{"name":"구리시","code":"31120","grp":"31120"}},
{"type":"Feature","geometry":{"type":"Polygon","coordinates":[[[127.111,37.642],[127.127,37.641],[127.139,37.646],[127.147,37.643],[127.149,37.639],[127.149,37.635],[127.149,37.634],[127.149,37.633],[127.148,37.633],[127.147,37.631],[127.146,37.631],[127.145,37.63],[127.144,37.627],[127.143,37.625],[127.143,37.623],[127.151,37.599],[127.171,37.581],[127.183,37.592],[127.202,37.589],[127.238,37.546],[127.281,37.525],[127.286,37.514],[127.287,37.507],[127.295,37.506],[127.297,37.507],[127.301,37.508],[127.302,37.508],[127.302,37.509],[127.303,37.509],[127.305,37.512],[127.307,37.515],[127.307,37.516],[127.307,37.519],[127.307,37.52],[127.307,37.531],[127.315,37.548],[127.342,37.592],[127.35,37.625],[127.372,37.648],[127.38,37.674],[127.359,37.695],[127.355,37.724],[127.343,37.729],[127.334,37.753],[127.32,37.766],[127.267,37.78],[127.262,37.777],[127.26,37.769],[127.224,37.757],[127.185,37.765],[127.183,37.764],[127.179,37.763],[127.173,37.758],[127.171,37.749],[127.166,37.747],[127.164,37.747],[127.159,37.749],[127.158,37.749],[127.153,37.754],[127.15,37.755],[127.149,37.756],[127.148,37.756],[127.147,37.756],[127.146,37.756],[127.146,37.755],[127.147,37.754],[127.147,37.752],[127.147,37.75],[127.144,37.749],[127.143,37.748],[127.142,37.748],[127.14,37.748],[127.138,37.747],[127.137,37.748],[127.136,37.75],[127.135,37.749],[127.132,37.749],[127.129,37.748],[127.128,37.747],[127.129,37.746],[127.128,37.745],[127.127,37.744],[127.125,37.743],[127.124,37.739],[127.126,37.727],[127.112,37.717],[127.109,37.71],[127.095,37.703],[127.084,37.702],[127.08,37.7],[127.081,37.696],[127.085,37.69],[127.096,37.689],[127.092,37.679],[127.094,37.676],[127.096,37.67],[127.096,37.669],[127.096,37.668],[127.095,37.668],[127.094,37.663],[127.091,37.659],[127.095,37.645],[127.111,37.642]]]},"properties":{"name":"남양주시","code":"31130","grp":"31130"}},
{"type":"Feature","geometry":{"type":"Polygon","coordinates":[[[127.103,37.144],[127.094,37.159],[127.071,37.168],[127.066,37.196],[127.028,37.201],[127.008,37.193],[127.006,37.169],[127.025,37.165],[127.036,37.136],[127.073,37.125],[127.086,37.127],[127.103,37.144]]]},"properties":{"name":"오산시","code":"31140","grp":"31140"}},
{"type":"Feature","geometry":{"type":"Polygon","coordinates":[[[126.754,37.418],[126.739,37.395],[126.701,37.355],[126.686,37.334],[126.614,37.314],[126.616,37.314],[126.671,37.329],[126.718,37.308],[126.75,37.334],[126.751,37.334],[126.766,37.342],[126.768,37.342],[126.791,37.347],[126.79,37.35],[126.841,37.363],[126.865,37.362],[126.881,37.375],[126.88190909090909,37.37681818181818],[126.882,37.377],[126.881,37.377],[126.877,37.39],[126.877,37.393],[126.877,37.402],[126.876,37.402],[126.871,37.402],[126.87,37.402],[126.846,37.412],[126.838,37.452],[126.839,37.455],[126.828,37.46],[126.827,37.46],[126.826,37.459],[126.823,37.458],[126.813,37.46],[126.809,37.462],[126.804,37.462],[126.789,37.466],[126.784,37.472],[126.778,37.472],[126.778,37.471],[126.778,37.47],[126.779,37.469],[126.779,37.451],[126.769,37.443],[126.771,37.436],[126.771,37.434],[126.771,37.431],[126.771,37.43],[126.769,37.427],[126.754,37.418]]]},"properties":{"name":"시흥시","code":"31150","grp":"31150"}},
{"type":"Feature","geometry":{"type":"Polygon","coordinates":[[[126.896,37.359],[126.878,37.32],[126.908,37.322],[126.916,37.305],[126.93,37.307],[126.948,37.327],[126.948,37.34],[126.962,37.361],[126.948,37.369],[126.947,37.376],[126.945,37.377],[126.942,37.379],[126.94,37.379],[126.941,37.377],[126.941,37.376],[126.94,37.376],[126.936,37.376],[126.933,37.378],[126.918,37.377],[126.915,37.375],[126.914,37.375],[126.914,37.374],[126.914,37.373],[126.912,37.373],[126.91,37.37],[126.909,37.367],[126.906,37.362],[126.906,37.361],[126.904,37.36],[126.9,37.359],[126.897,37.359],[126.896,37.359]]]},"properties":{"name":"군포시","code":"31160","grp":"31160"}},
{"type":"Feature","geometry":{"type":"Polygon","coordinates":[[[127.018,37.351],[127.028,37.372],[127.043,37.404],[127.042,37.416],[127.009,37.412],[126.982,37.401],[126.962,37.361],[126.948,37.34],[126.948,37.327],[126.93,37.307],[126.933,37.303],[126.934,37.303],[126.937,37.303],[126.937,37.302],[126.941,37.302],[126.942,37.3],[126.951,37.3],[126.961,37.302],[126.962,37.302],[126.965,37.305],[126.967,37.31],[126.968,37.325],[126.982,37.327],[127.018,37.351]]]},"properties":{"name":"의왕시","code":"31170","grp":"31170"}},
{"type":"Feature","geometry":{"type":"Polygon","coordinates":[[[127.144,37.474],[127.176,37.472],[127.179,37.475],[127.216,37.482],[127.245,37.477],[127.259,37.491],[127.253,37.503],[127.269,37.506],[127.286,37.514],[127.281,37.525],[127.238,37.546],[127.202,37.589],[127.183,37.592],[127.171,37.581],[127.169,37.579],[127.183,37.546],[127.163,37.545],[127.145,37.517],[127.161,37.5],[127.144,37.474]]]},"properties":{"name":"하남시","code":"31180","grp":"31180"}},
{"type":"Feature","geometry":{"type":"Polygon","coordinates":[[[127.067,37.24],[127.088,37.217],[127.151,37.22],[127.161,37.18],[127.134,37.169],[127.123,37.144],[127.109,37.123],[127.124,37.09],[127.166,37.086],[127.195,37.089],[127.21,37.108],[127.25,37.123],[127.251,37.145],[127.288,37.132],[127.311,37.105],[127.327,37.12],[127.343,37.104],[127.393,37.107],[127.407,37.094],[127.424,37.1],[127.42,37.116],[127.427,37.147],[127.412,37.155],[127.413,37.178],[127.372,37.186],[127.379,37.195],[127.342,37.208],[127.33,37.222],[127.339,37.271],[127.323,37.274],[127.282,37.269],[127.277,37.309],[127.283,37.345],[127.265,37.343],[127.247,37.356],[127.228,37.358],[127.208,37.331],[127.192,37.347],[127.142,37.337],[127.138,37.34],[127.117,37.333],[127.086,37.352],[127.028,37.372],[127.018,37.351],[127.033,37.344],[127.032,37.337],[127.037,37.328],[127.037,37.327],[127.039,37.323],[127.04,37.321],[127.042,37.319],[127.046,37.317],[127.05,37.316],[127.052,37.316],[127.053,37.316],[127.054,37.316],[127.058,37.316],[127.058,37.314],[127.059,37.312],[127.06,37.311],[127.061,37.311],[127.06,37.31],[127.06,37.308],[127.059,37.306],[127.058,37.305],[127.06,37.297],[127.062,37.296],[127.064,37.296],[127.079,37.293],[127.08,37.295],[127.083,37.298],[127.087,37.298],[127.089,37.298],[127.089,37.297],[127.089,37.293],[127.088,37.29],[127.071,37.281],[127.071,37.28],[127.07,37.279],[127.069,37.278],[127.068,37.274],[127.066,37.273],[127.065,37.27],[127.069,37.268],[127.071,37.267],[127.074,37.266],[127.075,37.266],[127.077,37.265],[127.079,37.267],[127.085,37.27],[127.085,37.269],[127.086,37.269],[127.086,37.265],[127.082,37.262],[127.081,37.261],[127.081,37.26],[127.081,37.259],[127.081,37.258],[127.082,37.259],[127.084,37.259],[127.084,37.257],[127.085,37.256],[127.084,37.256],[127.084,37.255],[127.083,37.255],[127.083,37.254],[127.082,37.254],[127.083,37.252],[127.08,37.247],[127.076,37.247],[127.075,37.247],[127.073,37.247],[127.069,37.246],[127.067,37.24]]]},"properties":{"name":"용인시","code":"31191","grp":"31190"}},
{"type":"Feature","geometry":{"type":"Polygon","coordinates":[[[126.929,37.748],[126.935,37.774],[126.912,37.805],[126.912,37.84],[126.934,37.846],[126.946,37.866],[126.946,37.901],[126.973,37.942],[126.975,37.943],[126.976,37.945],[126.977,37.952],[127.002,37.968],[127.017,37.987],[126.989,38.008],[126.989,38.01],[126.989,38.011],[126.972,38.008],[126.971,38.006],[126.969,38.003],[126.96,37.996],[126.955,37.99],[126.953,37.988],[126.946,37.985],[126.938,37.981],[126.914,37.988],[126.904,37.994],[126.898,37.995],[126.897,37.995],[126.896,37.995],[126.893,37.993],[126.892,37.992],[126.892,37.985],[126.895,37.969],[126.893,37.968],[126.892,37.967],[126.887,37.966],[126.886,37.966],[126.885,37.966],[126.883,37.967],[126.881,37.967],[126.872,37.971],[126.853,37.986],[126.851,37.986],[126.85,37.987],[126.849,37.987],[126.847,37.986],[126.841,37.982],[126.838,37.967],[126.836,37.964],[126.831,37.964],[126.83,37.962],[126.828,37.96],[126.824,37.958],[126.821,37.958],[126.821,37.957],[126.817,37.961],[126.817,37.962],[126.818,37.962],[126.818,37.964],[126.819,37.964],[126.817,37.966],[126.816,37.967],[126.814,37.969],[126.807,37.973],[126.796,37.994],[126.784,37.982],[126.762,37.985],[126.719,37.965],[126.702,37.974],[126.672,37.948],[126.666,37.919],[126.677,37.908],[126.672,37.889],[126.692,37.869],[126.68,37.852],[126.66,37.839],[126.671,37.829],[126.663,37.781],[126.68,37.732],[126.674,37.7],[126.691,37.689],[126.725,37.705],[126.773,37.704],[126.794,37.726],[126.837,37.727],[126.855,37.735],[126.874,37.726],[126.903,37.729],[126.911,37.747],[126.929,37.748]]]},"properties":{"name":"파주시","code":"31200","grp":"31200"}},
{"type":"Feature","geometry":{"type":"Polygon","coordinates":[[[127.427,37.147],[127.442,37.148],[127.458,37.13],[127.499,37.123],[127.516,37.101],[127.517,37.082],[127.509,37.064],[127.487,37.054],[127.509,37.049],[127.529,37.055],[127.557,37.041],[127.578,37.075],[127.632,37.096],[127.638,37.141],[127.628,37.155],[127.627,37.166],[127.599,37.183],[127.578,37.177],[127.528,37.173],[127.517,37.184],[127.531,37.2],[127.526,37.24],[127.536,37.245],[127.529,37.274],[127.546,37.301],[127.527,37.319],[127.525,37.33],[127.502,37.338],[127.47,37.362],[127.442,37.358],[127.42,37.338],[127.391,37.32],[127.369,37.315],[127.341,37.289],[127.339,37.271],[127.33,37.222],[127.342,37.208],[127.379,37.195],[127.372,37.186],[127.413,37.178],[127.412,37.155],[127.427,37.147]]]},"properties":{"name":"이천시","code":"31210","grp":"31210"}},
{"type":"Feature","geometry":{"type":"Polygon","coordinates":[[[127.12,36.97],[127.129,36.967],[127.129,36.966],[127.13,36.966],[127.133,36.967],[127.136,36.967],[127.144,36.971],[127.159,36.97],[127.166,36.962],[127.168,36.962],[127.171,36.963],[127.172,36.963],[127.178,36.963],[127.18,36.957],[127.202,36.952],[127.204,36.951],[127.204,36.95],[127.207,36.946],[127.206,36.943],[127.207,36.942],[127.209,36.94],[127.211,36.939],[127.221,36.93],[127.236,36.924],[127.237,36.921],[127.239,36.919],[127.24,36.919],[127.244,36.918],[127.245,36.918],[127.248,36.919],[127.249,36.919],[127.249,36.92],[127.249,36.921],[127.25,36.921],[127.253,36.922],[127.254,36.921],[127.255,36.92],[127.256,36.919],[127.256,36.918],[127.259,36.916],[127.271,36.913],[127.273,36.911],[127.275,36.909],[127.279,36.906],[127.279,36.901],[127.283,36.897],[127.284,36.895],[127.285,36.895],[127.286,36.894],[127.288,36.894],[127.309,36.929],[127.354,36.953],[127.376,36.95],[127.387,36.964],[127.385,36.984],[127.394,36.998],[127.429,37.002],[127.447,37.011],[127.46,37.025],[127.458,37.044],[127.487,37.054],[127.509,37.064],[127.517,37.082],[127.516,37.101],[127.499,37.123],[127.458,37.13],[127.442,37.148],[127.427,37.147],[127.42,37.116],[127.424,37.1],[127.407,37.094],[127.393,37.107],[127.343,37.104],[127.327,37.12],[127.311,37.105],[127.288,37.132],[127.251,37.145],[127.25,37.123],[127.21,37.108],[127.195,37.089],[127.166,37.086],[127.124,37.09],[127.121,37.076],[127.13,37.059],[127.106,37.036],[127.144,37.033],[127.145,36.997],[127.12,36.97]]]},"properties":{"name":"안성시","code":"31220","grp":"31220"}},
{"type":"Feature","geometry":{"type":"Polygon","coordinates":[[[126.803,37.605],[126.76,37.63],[126.732,37.648],[126.678,37.672],[126.674,37.7],[126.68,37.732],[126.663,37.781],[126.632,37.781],[126.594,37.761],[126.575,37.763],[126.555,37.778],[126.523,37.79],[126.518,37.763],[126.531,37.75],[126.522,37.714],[126.53,37.706],[126.54,37.669],[126.532,37.655],[126.551,37.627],[126.555,37.609],[126.572,37.599],[126.605,37.6],[126.609,37.605],[126.626,37.603],[126.637,37.627],[126.654,37.638],[126.656,37.638],[126.657,37.638],[126.667,37.636],[126.694,37.62],[126.708,37.605],[126.725,37.592],[126.727,37.592],[126.73,37.592],[126.731,37.592],[126.734,37.591],[126.735,37.591],[126.736,37.59],[126.736,37.591],[126.737,37.591],[126.737,37.593],[126.739,37.593],[126.742,37.592],[126.744,37.592],[126.747,37.586],[126.75,37.581],[126.752,37.58],[126.754,37.58],[126.755,37.58],[126.756,37.58],[126.756,37.581],[126.756,37.582],[126.756,37.583],[126.758,37.585],[126.759,37.585],[126.763,37.585],[126.768,37.588],[126.787,37.586],[126.794,37.582],[126.803,37.605]]]},"properties":{"name":"김포시","code":"31230","grp":"31230"}},
{"type":"Feature","geometry":{"type":"Polygon","coordinates":[[[126.927,37.279],[126.901,37.291],[126.863,37.274],[126.844,37.267],[126.843,37.268],[126.823,37.287],[126.791,37.267],[126.79,37.244],[126.734,37.249],[126.698,37.261],[126.677,37.26],[126.658,37.283],[126.646,37.258],[126.66,37.217],[126.65,37.186],[126.66,37.176],[126.658,37.154],[126.682,37.16],[126.676,37.138],[126.684,37.112],[126.757,37.055],[126.743,37.038],[126.751,37.03],[126.79,37.03],[126.798,37.014],[126.842,37.014],[126.855,37.022],[126.884,37.067],[126.901,37.07],[126.948,37.062],[126.992,37.074],[126.998,37.093],[126.998,37.126],[127.036,37.136],[127.025,37.165],[127.006,37.169],[127.008,37.193],[127.028,37.201],[127.066,37.196],[127.071,37.168],[127.094,37.159],[127.103,37.144],[127.123,37.144],[127.134,37.169],[127.161,37.18],[127.151,37.22],[127.088,37.217],[127.067,37.24],[127.065,37.24],[127.062,37.238],[127.061,37.237],[127.06,37.236],[127.058,37.234],[127.056,37.233],[127.054,37.232],[127.053,37.234],[127.052,37.234],[127.046,37.233],[127.041,37.235],[127.039,37.237],[127.039,37.238],[127.043,37.247],[127.042,37.247],[127.041,37.247],[127.04,37.247],[127.04,37.245],[127.037,37.241],[127.035,37.236],[127.03,37.232],[127.023,37.231],[127.023,37.226],[127.022,37.225],[127.021,37.225],[127.021,37.226],[127.014,37.227],[127.011,37.226],[127.003,37.229],[126.997,37.229],[126.989,37.232],[126.988,37.234],[126.987,37.234],[126.985,37.232],[126.982,37.232],[126.981,37.233],[126.97,37.23],[126.969,37.23],[126.968,37.234],[126.947,37.257],[126.931,37.261],[126.927,37.272],[126.927,37.279]],[[127.054,37.232],[127.053,37.231],[127.052,37.231],[127.052,37.232],[127.053,37.232],[127.054,37.232]],[[126.771,37.064],[126.757,37.056],[126.686,37.112],[126.742,37.153],[126.75,37.168],[126.778,37.165],[126.793,37.176],[126.812,37.139],[126.795,37.129],[126.771,37.129],[126.758,37.111],[126.771,37.102],[126.766,37.089],[126.771,37.064]]]},"properties":{"name":"화성시","code":"31240","grp":"31240"}},
{"type":"Feature","geometry":{"type":"Polygon","coordinates":[[[127.138,37.34],[127.142,37.337],[127.192,37.347],[127.208,37.331],[127.228,37.358],[127.247,37.356],[127.265,37.343],[127.283,37.345],[127.277,37.309],[127.282,37.269],[127.323,37.274],[127.339,37.271],[127.341,37.289],[127.369,37.315],[127.391,37.32],[127.42,37.338],[127.442,37.358],[127.443,37.387],[127.42,37.387],[127.4,37.421],[127.399,37.422],[127.398,37.423],[127.398,37.424],[127.396,37.426],[127.389,37.429],[127.384,37.435],[127.382,37.444],[127.372,37.445],[127.389,37.476],[127.386,37.498],[127.364,37.531],[127.35,37.536],[127.326,37.536],[127.323,37.535],[127.322,37.534],[127.32,37.532],[127.319,37.531],[127.317,37.529],[127.315,37.529],[127.313,37.528],[127.31,37.528],[127.309,37.527],[127.309,37.523],[127.309,37.521],[127.309,37.52],[127.308,37.52],[127.307,37.52],[127.307,37.519],[127.307,37.516],[127.307,37.515],[127.305,37.512],[127.303,37.509],[127.302,37.509],[127.302,37.508],[127.301,37.508],[127.297,37.507],[127.295,37.506],[127.287,37.507],[127.286,37.514],[127.269,37.506],[127.253,37.503],[127.259,37.491],[127.245,37.477],[127.216,37.482],[127.179,37.475],[127.196,37.444],[127.194,37.425],[127.174,37.406],[127.153,37.363],[127.137,37.359],[127.138,37.34]]]},"properties":{"name":"광주시","code":"31250","grp":"31250"}},
{"type":"Feature","geometry":{"type":"Polygon","coordinates":[[[127.009,37.684],[127.015,37.701],[127.002,37.755],[127.017,37.769],[127.06,37.762],[127.106,37.78],[127.118,37.796],[127.122,37.825],[127.109,37.86],[127.088,37.872],[127.06,37.869],[127.046,37.894],[127.021,37.899],[127.006,37.915],[127.01,37.928],[127.009,37.929],[127.005,37.932],[127.004,37.932],[127.004,37.933],[126.98,37.937],[126.978,37.938],[126.976,37.939],[126.973,37.942],[126.946,37.901],[126.946,37.866],[126.934,37.846],[126.912,37.84],[126.912,37.805],[126.935,37.774],[126.929,37.748],[126.922,37.732],[126.925,37.709],[126.911,37.669],[126.943,37.672],[126.945,37.686],[126.966,37.692],[126.992,37.68],[127.009,37.684]]]},"properties":{"name":"양주시","code":"31260","grp":"31260"}},
{"type":"Feature","geometry":{"type":"Polygon","coordinates":[[[127.146,37.755],[127.146,37.756],[127.147,37.756],[127.148,37.756],[127.149,37.756],[127.15,37.755],[127.153,37.754],[127.158,37.749],[127.159,37.749],[127.164,37.747],[127.166,37.747],[127.171,37.749],[127.173,37.758],[127.179,37.763],[127.183,37.764],[127.185,37.765],[127.224,37.757],[127.26,37.769],[127.262,37.777],[127.267,37.78],[127.268,37.782],[127.268,37.783],[127.268,37.784],[127.269,37.786],[127.273,37.79],[127.271,37.794],[127.279,37.805],[127.279,37.816],[127.274,37.827],[127.28,37.854],[127.288,37.869],[127.291,37.873],[127.292,37.874],[127.292,37.875],[127.296,37.869],[127.305,37.869],[127.311,37.866],[127.317,37.869],[127.32,37.872],[127.322,37.871],[127.323,37.871],[127.324,37.873],[127.325,37.876],[127.325,37.877],[127.325,37.878],[127.323,37.879],[127.322,37.887],[127.329,37.922],[127.33,37.926],[127.331,37.926],[127.333,37.926],[127.337,37.923],[127.345,37.926],[127.356,37.922],[127.362,37.925],[127.366,37.927],[127.366,37.929],[127.368,37.93],[127.37,37.93],[127.372,37.933],[127.373,37.935],[127.385,37.943],[127.377,37.953],[127.377,37.963],[127.384,37.98],[127.388,37.984],[127.389,37.983],[127.39,37.983],[127.391,37.984],[127.396,37.988],[127.397,37.988],[127.398,37.989],[127.403,37.991],[127.404,37.99],[127.405,37.99],[127.407,37.992],[127.409,37.996],[127.413,37.998],[127.425,38.033],[127.446,38.051],[127.447,38.081],[127.44,38.109],[127.431,38.115],[127.414,38.102],[127.401,38.114],[127.379,38.118],[127.366,38.107],[127.321,38.095],[127.311,38.116],[127.286,38.115],[127.276,38.14],[127.289,38.169],[127.27,38.182],[127.256,38.163],[127.226,38.148],[127.222,38.137],[127.189,38.161],[127.181,38.186],[127.172,38.17],[127.174,38.166],[127.174,38.163],[127.174,38.16],[127.175,38.155],[127.177,38.149],[127.173,38.141],[127.174,38.141],[127.174,38.14],[127.174,38.139],[127.175,38.139],[127.175,38.138],[127.175,38.128],[127.174,38.124],[127.171,38.122],[127.173,38.12],[127.183,38.114],[127.183,38.104],[127.183,38.099],[127.183,38.098],[127.184,38.092],[127.185,38.091],[127.188,38.088],[127.191,38.086],[127.191,38.085],[127.192,38.084],[127.192,38.083],[127.192,38.082],[127.192,38.081],[127.191,38.081],[127.191,38.079],[127.19,38.076],[127.19,38.067],[127.157,38.063],[127.152,38.059],[127.151,38.058],[127.15,38.058],[127.149,38.058],[127.148,38.058],[127.146,38.063],[127.147,38.069],[127.144,38.072],[127.143,38.073],[127.142,38.073],[127.14,38.072],[127.138,38.07],[127.138,38.069],[127.138,38.066],[127.137,38.065],[127.136,38.065],[127.135,38.065],[127.134,38.065],[127.133,38.064],[127.132,38.064],[127.13,38.062],[127.127,38.06],[127.12,38.062],[127.116,38.06],[127.112,38.051],[127.135,38.031],[127.147,38.014],[127.147,37.997],[127.132,37.987],[127.131,37.985],[127.13,37.984],[127.124,37.981],[127.12,37.979],[127.112,37.989],[127.111,37.989],[127.101,37.989],[127.1,37.987],[127.099,37.987],[127.097,37.985],[127.091,37.985],[127.09,37.984],[127.09,37.983],[127.093,37.975],[127.091,37.972],[127.095,37.944],[127.109,37.939],[127.12,37.921],[127.145,37.912],[127.155,37.895],[127.147,37.876],[127.127,37.873],[127.109,37.86],[127.122,37.825],[127.118,37.796],[127.106,37.78],[127.125,37.773],[127.134,37.762],[127.14,37.764],[127.143,37.76],[127.143,37.757],[127.144,37.756],[127.146,37.755]]]},"properties":{"name":"포천시","code":"31270","grp":"31270"}},
{"type":"Feature","geometry":{"type":"Polygon","coordinates":[[[127.628,37.155],[127.66,37.14],[127.695,37.14],[127.695,37.141],[127.694,37.146],[127.695,37.151],[127.717,37.183],[127.718,37.184],[127.719,37.184],[127.72,37.184],[127.722,37.183],[127.723,37.182],[127.724,37.182],[127.726,37.182],[127.726,37.183],[127.727,37.185],[127.728,37.188],[127.729,37.192],[127.73,37.193],[127.732,37.195],[127.733,37.196],[127.733,37.202],[127.734,37.203],[127.735,37.205],[127.736,37.206],[127.735,37.206],[127.735,37.207],[127.735,37.208],[127.737,37.21],[127.738,37.211],[127.74,37.212],[127.743,37.214],[127.744,37.215],[127.745,37.214],[127.747,37.24],[127.76,37.273],[127.755,37.298],[127.768,37.309],[127.759,37.331],[127.758,37.346],[127.761,37.353],[127.759,37.36],[127.761,37.364],[127.76,37.367],[127.759,37.367],[127.757,37.367],[127.755,37.368],[127.754,37.368],[127.752,37.369],[127.751,37.369],[127.748,37.369],[127.746,37.369],[127.741,37.372],[127.736,37.373],[127.733,37.375],[127.732,37.376],[127.73,37.376],[127.728,37.375],[127.726,37.372],[127.707,37.37],[127.707,37.371],[127.702,37.373],[127.701,37.374],[127.701,37.377],[127.7,37.379],[127.7,37.38],[127.703,37.381],[127.703,37.388],[127.705,37.393],[127.713,37.398],[127.714,37.398],[127.715,37.399],[127.715,37.4],[127.714,37.404],[127.714,37.405],[127.706,37.41],[127.669,37.412],[127.646,37.405],[127.635,37.413],[127.6,37.421],[127.583,37.417],[127.582,37.417],[127.579,37.416],[127.578,37.414],[127.577,37.414],[127.572,37.412],[127.556,37.417],[127.537,37.412],[127.536,37.413],[127.536,37.414],[127.535,37.419],[127.529,37.429],[127.519,37.436],[127.513,37.438],[127.509,37.439],[127.508,37.44],[127.507,37.44],[127.49,37.434],[127.482,37.429],[127.479,37.424],[127.474,37.422],[127.473,37.422],[127.472,37.423],[127.469,37.424],[127.465,37.427],[127.461,37.427],[127.461,37.428],[127.458,37.428],[127.455,37.428],[127.442,37.434],[127.423,37.439],[127.407,37.43],[127.404,37.427],[127.403,37.425],[127.402,37.424],[127.402,37.423],[127.402,37.422],[127.401,37.422],[127.4,37.421],[127.42,37.387],[127.443,37.387],[127.442,37.358],[127.47,37.362],[127.502,37.338],[127.525,37.33],[127.527,37.319],[127.546,37.301],[127.529,37.274],[127.536,37.245],[127.526,37.24],[127.531,37.2],[127.517,37.184],[127.528,37.173],[127.578,37.177],[127.599,37.183],[127.627,37.166],[127.628,37.155]]]},"properties":{"name":"여주시","code":"31280","grp":"31280"}},
{"type":"Feature","geometry":{"type":"Polygon","coordinates":[[[127.091,37.972],[127.093,37.975],[127.09,37.983],[127.09,37.984],[127.091,37.985],[127.097,37.985],[127.099,37.987],[127.1,37.987],[127.101,37.989],[127.111,37.989],[127.112,37.989],[127.12,37.979],[127.124,37.981],[127.13,37.984],[127.131,37.985],[127.132,37.987],[127.147,37.997],[127.147,38.014],[127.135,38.031],[127.112,38.051],[127.116,38.06],[127.12,38.062],[127.127,38.06],[127.13,38.062],[127.132,38.064],[127.133,38.064],[127.134,38.065],[127.135,38.065],[127.136,38.065],[127.137,38.065],[127.138,38.066],[127.138,38.069],[127.138,38.07],[127.14,38.072],[127.142,38.073],[127.143,38.073],[127.144,38.072],[127.147,38.069],[127.146,38.063],[127.148,38.058],[127.149,38.058],[127.15,38.058],[127.151,38.058],[127.152,38.059],[127.157,38.063],[127.19,38.067],[127.19,38.076],[127.191,38.079],[127.191,38.081],[127.192,38.081],[127.192,38.082],[127.192,38.083],[127.192,38.084],[127.191,38.085],[127.191,38.086],[127.188,38.088],[127.185,38.091],[127.184,38.092],[127.183,38.098],[127.183,38.099],[127.183,38.104],[127.183,38.114],[127.173,38.12],[127.171,38.122],[127.174,38.124],[127.175,38.128],[127.175,38.138],[127.175,38.139],[127.174,38.139],[127.174,38.14],[127.174,38.141],[127.173,38.141],[127.177,38.149],[127.175,38.155],[127.174,38.16],[127.174,38.163],[127.174,38.166],[127.172,38.17],[127.181,38.186],[127.179,38.188],[127.17,38.198],[127.175,38.205],[127.161,38.218],[127.161,38.22],[127.162,38.223],[127.162,38.224],[127.161,38.224],[127.16,38.225],[127.16,38.226],[127.161,38.228],[127.163,38.232],[127.162,38.233],[127.162,38.234],[127.162,38.235],[127.161,38.235],[127.162,38.236],[127.163,38.237],[127.163,38.238],[127.163,38.239],[127.162,38.239],[127.159,38.239],[127.158,38.239],[127.149,38.242],[127.142,38.237],[127.139,38.237],[127.136,38.236],[127.135,38.235],[127.135,38.234],[127.133,38.233],[127.131,38.233],[127.13,38.233],[127.13,38.234],[127.127,38.234],[127.126,38.234],[127.125,38.234],[127.125,38.233],[127.123,38.233],[127.114,38.237],[127.11,38.242],[127.11,38.244],[127.11,38.245],[127.111,38.247],[127.112,38.247],[127.111,38.252],[127.11,38.253],[127.109,38.256],[127.108,38.258],[127.108,38.26],[127.108,38.261],[127.109,38.263],[127.109,38.266],[127.109,38.267],[127.108,38.268],[127.109,38.269],[127.111,38.269],[127.111,38.27],[127.111,38.271],[127.11,38.271],[127.11,38.272],[127.105,38.272],[127.104,38.273],[127.102,38.273],[127.095,38.281],[127.075,38.278],[127.066,38.264],[127.042,38.259],[127.037,38.25],[126.979,38.223],[126.984,38.211],[126.967,38.199],[126.966,38.171],[126.949,38.16],[126.966,38.139],[126.925,38.129],[126.905,38.138],[126.884,38.117],[126.862,38.108],[126.858,38.097],[126.869,38.08],[126.841,38.033],[126.811,37.999],[126.79,37.999],[126.796,37.994],[126.807,37.973],[126.814,37.969],[126.816,37.967],[126.817,37.966],[126.819,37.964],[126.818,37.964],[126.818,37.962],[126.817,37.962],[126.817,37.961],[126.821,37.957],[126.821,37.958],[126.824,37.958],[126.828,37.96],[126.83,37.962],[126.831,37.964],[126.836,37.964],[126.838,37.967],[126.841,37.982],[126.847,37.986],[126.849,37.987],[126.85,37.987],[126.851,37.986],[126.853,37.986],[126.872,37.971],[126.881,37.967],[126.883,37.967],[126.885,37.966],[126.886,37.966],[126.887,37.966],[126.892,37.967],[126.893,37.968],[126.895,37.969],[126.892,37.985],[126.892,37.992],[126.893,37.993],[126.896,37.995],[126.897,37.995],[126.898,37.995],[126.904,37.994],[126.914,37.988],[126.938,37.981],[126.946,37.985],[126.953,37.988],[126.955,37.99],[126.96,37.996],[126.969,38.003],[126.971,38.006],[126.972,38.008],[126.989,38.011],[126.989,38.01],[126.989,38.008],[127.017,37.987],[127.002,37.968],[126.977,37.952],[126.976,37.945],[126.975,37.943],[126.973,37.942],[126.976,37.939],[126.978,37.938],[126.98,37.937],[127.004,37.933],[127.004,37.932],[127.005,37.932],[127.009,37.929],[127.01,37.928],[127.012,37.929],[127.013,37.93],[127.014,37.93],[127.014,37.931],[127.016,37.935],[127.017,37.936],[127.017,37.937],[127.028,37.944],[127.029,37.949],[127.029,37.956],[127.042,37.96],[127.045,37.973],[127.05,37.976],[127.049,37.979],[127.05,37.979],[127.051,37.979],[127.052,37.979],[127.053,37.981],[127.064,37.979],[127.066,37.975],[127.068,37.975],[127.069,37.976],[127.073,37.977],[127.077,37.977],[127.081,37.976],[127.086,37.974],[127.089,37.972],[127.09,37.972],[127.091,37.972]]]},"properties":{"name":"연천군","code":"31350","grp":"31350"}},
{"type":"Feature","geometry":{"type":"Polygon","coordinates":[[[127.372,37.648],[127.401,37.656],[127.428,37.671],[127.441,37.66],[127.471,37.621],[127.473,37.578],[127.497,37.571],[127.525,37.587],[127.562,37.588],[127.57,37.614],[127.56,37.623],[127.56,37.625],[127.559,37.628],[127.556,37.63],[127.555,37.631],[127.548,37.633],[127.538,37.641],[127.536,37.651],[127.544,37.652],[127.553,37.662],[127.549,37.669],[127.551,37.677],[127.551,37.682],[127.551,37.686],[127.551,37.687],[127.551,37.688],[127.551,37.69],[127.552,37.691],[127.553,37.695],[127.554,37.695],[127.555,37.7],[127.556,37.704],[127.556,37.705],[127.557,37.706],[127.558,37.707],[127.558,37.714],[127.562,37.72],[127.559,37.725],[127.559,37.726],[127.56,37.728],[127.56,37.729],[127.559,37.729],[127.558,37.729],[127.557,37.729],[127.554,37.729],[127.552,37.728],[127.551,37.728],[127.55,37.725],[127.549,37.724],[127.54,37.719],[127.525,37.726],[127.522,37.724],[127.521,37.724],[127.513,37.718],[127.512,37.716],[127.508,37.719],[127.507,37.731],[127.517,37.74],[127.542,37.755],[127.541,37.771],[127.522,37.789],[127.521,37.793],[127.523,37.796],[127.533,37.807],[127.537,37.81],[127.537,37.811],[127.537,37.814],[127.535,37.818],[127.532,37.82],[127.528,37.821],[127.528,37.822],[127.526,37.823],[127.526,37.833],[127.527,37.835],[127.527,37.836],[127.529,37.84],[127.567,37.859],[127.585,37.876],[127.594,37.876],[127.597,37.876],[127.597,37.875],[127.598,37.875],[127.601,37.874],[127.602,37.874],[127.603,37.874],[127.604,37.875],[127.606,37.876],[127.609,37.884],[127.607,37.89],[127.617,37.906],[127.617,37.912],[127.614,37.92],[127.612,37.921],[127.612,37.924],[127.617,37.928],[127.616,37.931],[127.612,37.941],[127.609,37.943],[127.604,37.944],[127.602,37.955],[127.586,37.962],[127.547,37.966],[127.547,37.978],[127.546,37.984],[127.545,37.986],[127.544,37.991],[127.54,38],[127.54,38.001],[127.537,38.001],[127.531,38.002],[127.529,38.002],[127.512,38],[127.509,38.001],[127.504,37.998],[127.498,38.001],[127.497,38.004],[127.49,38.005],[127.485,38.005],[127.482,38.006],[127.48,38.006],[127.477,38.006],[127.474,38.006],[127.472,38.006],[127.47,38.009],[127.463,38.012],[127.458,38.017],[127.456,38.027],[127.453,38.034],[127.452,38.035],[127.451,38.038],[127.451,38.04],[127.452,38.042],[127.453,38.044],[127.452,38.048],[127.448,38.051],[127.447,38.051],[127.446,38.051],[127.425,38.033],[127.413,37.998],[127.409,37.996],[127.407,37.992],[127.405,37.99],[127.404,37.99],[127.403,37.991],[127.398,37.989],[127.397,37.988],[127.396,37.988],[127.391,37.984],[127.39,37.983],[127.389,37.983],[127.388,37.984],[127.384,37.98],[127.377,37.963],[127.377,37.953],[127.385,37.943],[127.373,37.935],[127.372,37.933],[127.37,37.93],[127.368,37.93],[127.366,37.929],[127.366,37.927],[127.362,37.925],[127.356,37.922],[127.345,37.926],[127.337,37.923],[127.333,37.926],[127.331,37.926],[127.33,37.926],[127.329,37.922],[127.322,37.887],[127.323,37.879],[127.325,37.878],[127.325,37.877],[127.325,37.876],[127.324,37.873],[127.323,37.871],[127.322,37.871],[127.32,37.872],[127.317,37.869],[127.311,37.866],[127.305,37.869],[127.296,37.869],[127.292,37.875],[127.292,37.874],[127.291,37.873],[127.288,37.869],[127.28,37.854],[127.274,37.827],[127.279,37.816],[127.279,37.805],[127.271,37.794],[127.273,37.79],[127.269,37.786],[127.268,37.784],[127.268,37.783],[127.268,37.782],[127.267,37.78],[127.32,37.766],[127.334,37.753],[127.343,37.729],[127.355,37.724],[127.359,37.695],[127.38,37.674],[127.372,37.648]]]},"properties":{"name":"가평군","code":"31370","grp":"31370"}},
{"type":"Feature","geometry":{"type":"Polygon","coordinates":[[[127.307,37.52],[127.308,37.52],[127.309,37.52],[127.309,37.521],[127.309,37.523],[127.309,37.527],[127.31,37.528],[127.313,37.528],[127.315,37.529],[127.317,37.529],[127.319,37.531],[127.32,37.532],[127.322,37.534],[127.323,37.535],[127.326,37.536],[127.35,37.536],[127.364,37.531],[127.386,37.498],[127.389,37.476],[127.372,37.445],[127.382,37.444],[127.384,37.435],[127.389,37.429],[127.396,37.426],[127.398,37.424],[127.398,37.423],[127.399,37.422],[127.4,37.421],[127.401,37.422],[127.402,37.422],[127.402,37.423],[127.402,37.424],[127.403,37.425],[127.404,37.427],[127.407,37.43],[127.423,37.439],[127.442,37.434],[127.455,37.428],[127.458,37.428],[127.461,37.428],[127.461,37.427],[127.465,37.427],[127.469,37.424],[127.472,37.423],[127.473,37.422],[127.474,37.422],[127.479,37.424],[127.482,37.429],[127.49,37.434],[127.507,37.44],[127.508,37.44],[127.509,37.439],[127.513,37.438],[127.519,37.436],[127.529,37.429],[127.535,37.419],[127.536,37.414],[127.536,37.413],[127.537,37.412],[127.556,37.417],[127.572,37.412],[127.577,37.414],[127.578,37.414],[127.579,37.416],[127.582,37.417],[127.583,37.417],[127.6,37.421],[127.635,37.413],[127.646,37.405],[127.669,37.412],[127.706,37.41],[127.714,37.405],[127.714,37.404],[127.715,37.4],[127.715,37.399],[127.714,37.398],[127.713,37.398],[127.705,37.393],[127.703,37.388],[127.703,37.381],[127.7,37.38],[127.7,37.379],[127.701,37.377],[127.701,37.374],[127.702,37.373],[127.707,37.371],[127.707,37.37],[127.726,37.372],[127.728,37.375],[127.73,37.376],[127.732,37.376],[127.733,37.375],[127.736,37.373],[127.741,37.372],[127.746,37.369],[127.748,37.369],[127.751,37.369],[127.752,37.369],[127.754,37.368],[127.755,37.368],[127.757,37.367],[127.759,37.367],[127.76,37.368],[127.763,37.37],[127.77,37.37],[127.779,37.371],[127.778,37.373],[127.777,37.376],[127.777,37.377],[127.776,37.379],[127.776,37.38],[127.776,37.381],[127.777,37.383],[127.788,37.403],[127.795,37.425],[127.799,37.427],[127.802,37.427],[127.803,37.428],[127.804,37.429],[127.804,37.432],[127.803,37.434],[127.802,37.437],[127.801,37.438],[127.8,37.439],[127.799,37.439],[127.798,37.443],[127.799,37.452],[127.796,37.463],[127.79,37.475],[127.785,37.479],[127.782,37.482],[127.782,37.483],[127.782,37.484],[127.781,37.486],[127.78,37.489],[127.775,37.492],[127.775,37.507],[127.806,37.531],[127.806,37.532],[127.806,37.535],[127.81,37.538],[127.842,37.539],[127.843,37.542],[127.844,37.543],[127.845,37.543],[127.846,37.544],[127.846,37.545],[127.845,37.546],[127.845,37.548],[127.846,37.548],[127.848,37.549],[127.848,37.55],[127.848,37.552],[127.846,37.553],[127.845,37.554],[127.84,37.557],[127.84,37.559],[127.832,37.562],[127.826,37.561],[127.814,37.564],[127.81,37.573],[127.809,37.574],[127.808,37.574],[127.807,37.574],[127.806,37.574],[127.804,37.579],[127.8,37.583],[127.794,37.585],[127.793,37.585],[127.791,37.584],[127.79,37.581],[127.789,37.58],[127.788,37.579],[127.784,37.578],[127.767,37.583],[127.754,37.592],[127.709,37.586],[127.701,37.596],[127.649,37.625],[127.647,37.633],[127.639,37.633],[127.632,37.639],[127.63,37.641],[127.628,37.643],[127.625,37.643],[127.624,37.642],[127.622,37.642],[127.619,37.644],[127.618,37.646],[127.616,37.647],[127.602,37.652],[127.6,37.648],[127.592,37.644],[127.585,37.642],[127.583,37.64],[127.583,37.638],[127.583,37.637],[127.583,37.636],[127.583,37.635],[127.581,37.633],[127.579,37.633],[127.571,37.632],[127.565,37.633],[127.559,37.628],[127.56,37.625],[127.56,37.623],[127.57,37.614],[127.562,37.588],[127.525,37.587],[127.497,37.571],[127.473,37.578],[127.471,37.621],[127.441,37.66],[127.428,37.671],[127.401,37.656],[127.372,37.648],[127.35,37.625],[127.342,37.592],[127.315,37.548],[127.307,37.531],[127.307,37.52]]]},"properties":{"name":"양평군","code":"31380","grp":"31380"}},
{"type":"Feature","geometry":{"type":"Polygon","coordinates":[[[127.56,37.729],[127.562,37.728],[127.564,37.728],[127.568,37.733],[127.574,37.733],[127.589,37.725],[127.596,37.703],[127.624,37.684],[127.638,37.698],[127.678,37.695],[127.687,37.716],[127.746,37.742],[127.755,37.732],[127.782,37.742],[127.795,37.735],[127.816,37.749],[127.828,37.741],[127.845,37.749],[127.856,37.771],[127.825,37.798],[127.828,37.82],[127.814,37.833],[127.822,37.846],[127.848,37.836],[127.872,37.837],[127.881,37.861],[127.906,37.857],[127.924,37.838],[127.943,37.848],[127.958,37.874],[127.973,37.882],[127.972,37.9],[127.984,37.914],[127.995,37.941],[127.984,37.964],[127.984,37.989],[128.015,37.997],[128.03,38.015],[128.013,38.019],[127.993,38.002],[127.985,38.027],[127.955,38.039],[127.938,38.014],[127.904,38.03],[127.903,38.051],[127.852,38.047],[127.858,38.019],[127.82,38.004],[127.788,37.998],[127.77,38.028],[127.738,38.038],[127.714,38.024],[127.701,38.038],[127.651,38.027],[127.653,38.052],[127.624,38.052],[127.605,38.061],[127.597,38.08],[127.566,38.084],[127.577,38.062],[127.579,38.04],[127.564,38.022],[127.545,38.02],[127.541,38.002],[127.54,38.001],[127.54,38],[127.544,37.991],[127.545,37.986],[127.546,37.984],[127.547,37.978],[127.547,37.966],[127.586,37.962],[127.602,37.955],[127.604,37.944],[127.609,37.943],[127.612,37.941],[127.616,37.931],[127.617,37.928],[127.612,37.924],[127.612,37.921],[127.614,37.92],[127.617,37.912],[127.617,37.906],[127.607,37.89],[127.609,37.884],[127.606,37.876],[127.604,37.875],[127.603,37.874],[127.602,37.874],[127.601,37.874],[127.598,37.875],[127.597,37.875],[127.597,37.876],[127.594,37.876],[127.585,37.876],[127.567,37.859],[127.529,37.84],[127.527,37.836],[127.527,37.835],[127.526,37.833],[127.526,37.823],[127.528,37.822],[127.528,37.821],[127.532,37.82],[127.535,37.818],[127.537,37.814],[127.537,37.811],[127.537,37.81],[127.533,37.807],[127.523,37.796],[127.521,37.793],[127.522,37.789],[127.541,37.771],[127.542,37.755],[127.517,37.74],[127.507,37.731],[127.508,37.719],[127.512,37.716],[127.513,37.718],[127.521,37.724],[127.522,37.724],[127.525,37.726],[127.54,37.719],[127.549,37.724],[127.55,37.725],[127.551,37.728],[127.552,37.728],[127.554,37.729],[127.557,37.729],[127.558,37.729],[127.559,37.729],[127.56,37.729]]]},"properties":{"name":"춘천시","code":"32010","grp":"32010"}},
{"type":"Feature","geometry":{"type":"Polygon","coordinates":[[[127.745,37.214],[127.745,37.213],[127.744,37.211],[127.744,37.208],[127.748,37.2],[127.751,37.182],[127.756,37.171],[127.765,37.16],[127.79,37.143],[127.856,37.156],[127.862,37.161],[127.863,37.162],[127.864,37.162],[127.872,37.164],[127.887,37.161],[127.896,37.155],[127.897,37.153],[127.898,37.152],[127.899,37.15],[127.9,37.15],[127.901,37.151],[127.902,37.152],[127.904,37.16],[127.906,37.162],[127.907,37.164],[127.907,37.165],[127.909,37.167],[127.915,37.169],[127.926,37.166],[127.936,37.189],[127.922,37.225],[127.939,37.241],[127.985,37.258],[128.019,37.244],[128.023,37.226],[128.039,37.216],[128.028,37.203],[128.037,37.189],[128.074,37.193],[128.112,37.208],[128.125,37.234],[128.155,37.216],[128.173,37.219],[128.174,37.233],[128.208,37.249],[128.214,37.288],[128.179,37.292],[128.178,37.28],[128.143,37.271],[128.115,37.273],[128.109,37.299],[128.052,37.308],[128.034,37.332],[128.038,37.354],[128.05,37.366],[128.073,37.367],[128.079,37.4],[128.097,37.406],[128.084,37.425],[128.059,37.445],[128.016,37.446],[128.003,37.457],[127.949,37.458],[127.932,37.49],[127.91,37.487],[127.906,37.473],[127.877,37.467],[127.866,37.447],[127.868,37.4],[127.851,37.408],[127.84,37.434],[127.82,37.447],[127.811,37.441],[127.803,37.44],[127.8,37.439],[127.801,37.438],[127.802,37.437],[127.803,37.434],[127.804,37.432],[127.804,37.429],[127.803,37.428],[127.802,37.427],[127.799,37.427],[127.795,37.425],[127.788,37.403],[127.777,37.383],[127.776,37.381],[127.776,37.38],[127.776,37.379],[127.777,37.377],[127.777,37.376],[127.778,37.373],[127.779,37.371],[127.77,37.37],[127.763,37.37],[127.76,37.368],[127.759,37.367],[127.76,37.367],[127.761,37.364],[127.759,37.36],[127.761,37.353],[127.758,37.346],[127.759,37.331],[127.768,37.309],[127.755,37.298],[127.76,37.273],[127.747,37.24],[127.745,37.214]]]},"properties":{"name":"원주시","code":"32020","grp":"32020"}},
{"type":"Feature","geometry":{"type":"Polygon","coordinates":[[[129.075,37.605],[129.054,37.621],[129.045,37.639],[129.055,37.655],[129.055,37.675],[129.018,37.704],[128.989,37.74],[128.882,37.827],[128.877,37.841],[128.83,37.884],[128.834,37.899],[128.81,37.918],[128.803,37.913],[128.754,37.912],[128.732,37.9],[128.719,37.903],[128.667,37.886],[128.643,37.895],[128.621,37.872],[128.588,37.862],[128.583,37.821],[128.592,37.816],[128.596,37.812],[128.597,37.812],[128.597,37.811],[128.598,37.81],[128.6,37.809],[128.599,37.806],[128.598,37.804],[128.601,37.802],[128.602,37.794],[128.601,37.781],[128.599,37.777],[128.599,37.775],[128.599,37.774],[128.599,37.773],[128.6,37.772],[128.602,37.769],[128.607,37.768],[128.608,37.767],[128.609,37.766],[128.61,37.766],[128.624,37.77],[128.631,37.774],[128.633,37.779],[128.634,37.78],[128.635,37.781],[128.637,37.782],[128.639,37.782],[128.639,37.78],[128.643,37.777],[128.645,37.777],[128.647,37.776],[128.648,37.776],[128.65,37.775],[128.656,37.771],[128.667,37.77],[128.669,37.768],[128.67,37.768],[128.671,37.767],[128.674,37.769],[128.679,37.773],[128.68,37.773],[128.682,37.773],[128.685,37.773],[128.691,37.77],[128.695,37.77],[128.697,37.771],[128.698,37.771],[128.703,37.77],[128.709,37.768],[128.725,37.749],[128.732,37.748],[128.74,37.742],[128.742,37.742],[128.744,37.741],[128.744,37.739],[128.745,37.732],[128.745,37.731],[128.744,37.73],[128.744,37.729],[128.746,37.727],[128.748,37.72],[128.748,37.714],[128.765,37.674],[128.733,37.655],[128.729,37.638],[128.736,37.629],[128.737,37.614],[128.737,37.61],[128.736,37.609],[128.735,37.609],[128.734,37.609],[128.731,37.609],[128.726,37.61],[128.723,37.611],[128.717,37.604],[128.716,37.593],[128.712,37.591],[128.712,37.589],[128.711,37.588],[128.707,37.589],[128.699,37.593],[128.684,37.594],[128.679,37.57],[128.693,37.543],[128.707,37.532],[128.737,37.547],[128.791,37.539],[128.798,37.518],[128.817,37.504],[128.849,37.516],[128.859,37.54],[128.864,37.575],[128.874,37.59],[128.898,37.587],[128.906,37.553],[128.933,37.539],[128.963,37.543],[128.973,37.534],[128.974,37.534],[128.976,37.534],[128.979,37.534],[128.98,37.533],[128.981,37.533],[128.986,37.534],[128.987,37.534],[128.987,37.535],[128.99,37.537],[128.991,37.538],[128.992,37.539],[128.993,37.54],[128.995,37.541],[128.999,37.543],[129.008,37.541],[129.011,37.54],[129.012,37.539],[129.018,37.538],[129.019,37.538],[129.022,37.54],[129.024,37.544],[129.025,37.545],[129.026,37.545],[129.026,37.546],[129.027,37.546],[129.028,37.546],[129.028,37.547],[129.033,37.548],[129.034,37.547],[129.036,37.548],[129.037,37.549],[129.038,37.549],[129.038,37.55],[129.047,37.547],[129.048,37.55],[129.049,37.552],[129.05,37.554],[129.048,37.558],[129.051,37.576],[129.052,37.578],[129.055,37.581],[129.06,37.59],[129.059,37.591],[129.059,37.592],[129.057,37.594],[129.055,37.595],[129.056,37.597],[129.065,37.599],[129.068,37.599],[129.069,37.599],[129.07,37.6],[129.07,37.601],[129.071,37.601],[129.072,37.602],[129.072,37.603],[129.073,37.604],[129.075,37.605]]]},"properties":{"name":"강릉시","code":"32030","grp":"32030"}},
{"type":"Feature","geometry":{"type":"Polygon","coordinates":[[[128.973,37.534],[128.968,37.523],[128.967,37.519],[128.964,37.518],[128.964,37.517],[128.963,37.515],[128.963,37.514],[128.962,37.514],[128.962,37.513],[128.961,37.513],[128.962,37.51],[128.965,37.505],[128.971,37.506],[128.973,37.506],[128.974,37.503],[128.975,37.503],[128.974,37.502],[128.973,37.5],[128.97,37.495],[128.973,37.492],[128.985,37.493],[128.988,37.49],[128.99,37.485],[128.99,37.484],[128.989,37.483],[128.988,37.483],[128.986,37.484],[128.986,37.483],[128.986,37.481],[128.988,37.479],[128.987,37.476],[128.986,37.474],[128.986,37.473],[128.985,37.47],[128.968,37.46],[128.964,37.455],[128.962,37.453],[128.961,37.452],[128.96,37.45],[128.958,37.447],[128.958,37.446],[128.959,37.444],[128.969,37.44],[128.973,37.436],[128.973,37.435],[128.975,37.433],[128.976,37.433],[128.978,37.433],[128.98,37.434],[128.982,37.434],[128.985,37.434],[128.999,37.43],[129.048,37.457],[129.065,37.46],[129.07,37.458],[129.072,37.457],[129.074,37.457],[129.074,37.456],[129.096,37.463],[129.116,37.461],[129.128,37.457],[129.133,37.453],[129.135,37.453],[129.135,37.454],[129.138,37.46],[129.138,37.463],[129.139,37.464],[129.139,37.465],[129.14,37.465],[129.141,37.466],[129.142,37.466],[129.142,37.467],[129.144,37.467],[129.145,37.466],[129.149,37.465],[129.158,37.482],[129.123,37.519],[129.112,37.549],[129.121,37.556],[129.111,37.582],[129.075,37.605],[129.073,37.604],[129.072,37.603],[129.072,37.602],[129.071,37.601],[129.07,37.601],[129.07,37.6],[129.069,37.599],[129.068,37.599],[129.065,37.599],[129.056,37.597],[129.055,37.595],[129.057,37.594],[129.059,37.592],[129.059,37.591],[129.06,37.59],[129.055,37.581],[129.052,37.578],[129.051,37.576],[129.048,37.558],[129.05,37.554],[129.049,37.552],[129.048,37.55],[129.047,37.547],[129.038,37.55],[129.038,37.549],[129.037,37.549],[129.036,37.548],[129.034,37.547],[129.033,37.548],[129.028,37.547],[129.028,37.546],[129.027,37.546],[129.026,37.546],[129.026,37.545],[129.025,37.545],[129.024,37.544],[129.022,37.54],[129.019,37.538],[129.018,37.538],[129.012,37.539],[129.011,37.54],[129.008,37.541],[128.999,37.543],[128.995,37.541],[128.993,37.54],[128.992,37.539],[128.991,37.538],[128.99,37.537],[128.987,37.535],[128.987,37.534],[128.986,37.534],[128.981,37.533],[128.98,37.533],[128.979,37.534],[128.976,37.534],[128.974,37.534],[128.973,37.534]]]},"properties":{"name":"동해시","code":"32040","grp":"32040"}},
{"type":"Feature","geometry":{"type":"Polygon","coordinates":[[[129.096,37.1],[129.088,37.115],[129.095,37.138],[129.089,37.158],[129.072,37.17],[129.03,37.175],[129.011,37.187],[129.001,37.203],[129.006,37.264],[129.014,37.275],[129.004,37.288],[129.018,37.304],[128.998,37.325],[128.969,37.333],[128.943,37.306],[128.941,37.279],[128.929,37.268],[128.935,37.245],[128.918,37.24],[128.908,37.217],[128.916,37.212],[128.912,37.177],[128.918,37.162],[128.901,37.147],[128.888,37.141],[128.889,37.125],[128.87,37.108],[128.886,37.103],[128.877,37.072],[128.892,37.062],[128.91,37.068],[128.923,37.092],[128.946,37.094],[128.959,37.078],[128.984,37.085],[129.024,37.078],[129.059,37.065],[129.07,37.088],[129.096,37.1]]]},"properties":{"name":"태백시","code":"32050","grp":"32050"}},
{"type":"Feature","geometry":{"type":"Polygon","coordinates":[[[128.609,38.161],[128.614,38.18],[128.593,38.192],[128.603,38.208],[128.585,38.231],[128.574,38.222],[128.534,38.216],[128.499,38.202],[128.486,38.189],[128.442,38.204],[128.421,38.177],[128.443,38.15],[128.466,38.137],[128.465,38.119],[128.491,38.136],[128.53,38.136],[128.535,38.149],[128.56,38.148],[128.57,38.161],[128.609,38.161]]]},"properties":{"name":"속초시","code":"32060","grp":"32060"}},
{"type":"Feature","geometry":{"type":"Polygon","coordinates":[[[128.958,37.447],[128.928,37.449],[128.898,37.43],[128.89,37.405],[128.871,37.4],[128.858,37.381],[128.846,37.341],[128.867,37.339],[128.87,37.319],[128.858,37.304],[128.872,37.29],[128.894,37.254],[128.908,37.217],[128.918,37.24],[128.935,37.245],[128.929,37.268],[128.941,37.279],[128.943,37.306],[128.969,37.333],[128.998,37.325],[129.018,37.304],[129.004,37.288],[129.014,37.275],[129.006,37.264],[129.001,37.203],[129.011,37.187],[129.03,37.175],[129.072,37.17],[129.089,37.158],[129.095,37.138],[129.088,37.115],[129.096,37.1],[129.123,37.091],[129.177,37.057],[129.185,37.042],[129.233,37.044],[129.225,37.074],[129.249,37.096],[129.266,37.102],[129.271,37.116],[129.295,37.114],[129.304,37.128],[129.345,37.146],[129.363,37.146],[129.348,37.177],[129.341,37.222],[129.349,37.248],[129.328,37.263],[129.329,37.28],[129.3,37.293],[129.289,37.309],[129.271,37.321],[129.267,37.343],[129.251,37.363],[129.254,37.379],[129.222,37.396],[129.198,37.416],[129.19,37.451],[129.161,37.475],[129.149,37.465],[129.145,37.466],[129.144,37.467],[129.142,37.467],[129.142,37.466],[129.141,37.466],[129.14,37.465],[129.139,37.465],[129.139,37.464],[129.138,37.463],[129.138,37.46],[129.135,37.454],[129.135,37.453],[129.133,37.453],[129.128,37.457],[129.116,37.461],[129.096,37.463],[129.074,37.456],[129.074,37.457],[129.072,37.457],[129.07,37.458],[129.065,37.46],[129.048,37.457],[128.999,37.43],[128.985,37.434],[128.982,37.434],[128.98,37.434],[128.978,37.433],[128.976,37.433],[128.975,37.433],[128.973,37.435],[128.973,37.436],[128.969,37.44],[128.959,37.444],[128.958,37.446],[128.958,37.447]]]},"properties":{"name":"삼척시","code":"32070","grp":"32070"}},
{"type":"Feature","geometry":{"type":"Polygon","coordinates":[[[127.559,37.628],[127.565,37.633],[127.571,37.632],[127.579,37.633],[127.581,37.633],[127.583,37.635],[127.583,37.636],[127.583,37.637],[127.583,37.638],[127.583,37.64],[127.585,37.642],[127.592,37.644],[127.6,37.648],[127.602,37.652],[127.616,37.647],[127.618,37.646],[127.619,37.644],[127.622,37.642],[127.624,37.642],[127.625,37.643],[127.628,37.643],[127.63,37.641],[127.632,37.639],[127.639,37.633],[127.647,37.633],[127.649,37.625],[127.701,37.596],[127.709,37.586],[127.754,37.592],[127.767,37.583],[127.784,37.578],[127.788,37.579],[127.789,37.58],[127.79,37.581],[127.791,37.584],[127.793,37.585],[127.794,37.585],[127.8,37.583],[127.804,37.579],[127.806,37.574],[127.807,37.574],[127.808,37.574],[127.809,37.574],[127.81,37.573],[127.814,37.564],[127.826,37.561],[127.832,37.562],[127.84,37.559],[127.84,37.557],[127.845,37.554],[127.846,37.553],[127.848,37.552],[127.85,37.553],[127.855,37.554],[127.858,37.557],[127.871,37.556],[127.872,37.562],[127.908,37.598],[127.933,37.61],[127.951,37.611],[127.962,37.627],[127.979,37.632],[128.031,37.622],[128.065,37.635],[128.08,37.649],[128.112,37.665],[128.119,37.679],[128.136,37.68],[128.152,37.66],[128.214,37.645],[128.236,37.625],[128.254,37.627],[128.255,37.628],[128.262,37.632],[128.264,37.633],[128.266,37.634],[128.27,37.633],[128.271,37.635],[128.272,37.637],[128.275,37.64],[128.277,37.669],[128.304,37.691],[128.309,37.699],[128.311,37.702],[128.3125,37.70275000000001],[128.314,37.702],[128.315,37.701],[128.316,37.7],[128.321,37.691],[128.323,37.69],[128.325,37.691],[128.326,37.692],[128.328,37.692],[128.329,37.692],[128.329,37.693],[128.331,37.693],[128.337,37.696],[128.346,37.696],[128.351,37.697],[128.356,37.698],[128.357,37.699],[128.358,37.699],[128.36,37.699],[128.365,37.698],[128.369,37.694],[128.377,37.691],[128.38,37.692],[128.383,37.692],[128.384,37.692],[128.385,37.692],[128.386,37.691],[128.393,37.691],[128.394,37.691],[128.395,37.691],[128.415,37.688],[128.444,37.701],[128.445,37.718],[128.452,37.727],[128.453,37.727],[128.453,37.728],[128.454,37.729],[128.458,37.731],[128.479,37.735],[128.513,37.73],[128.522,37.73],[128.523,37.73],[128.524,37.73],[128.524,37.731],[128.526,37.732],[128.528,37.733],[128.528,37.737],[128.525,37.739],[128.525,37.741],[128.524,37.741],[128.524,37.742],[128.524,37.743],[128.524,37.744],[128.525,37.745],[128.526,37.748],[128.527,37.753],[128.524,37.764],[128.543,37.788],[128.544,37.8],[128.549,37.804],[128.555,37.809],[128.556,37.809],[128.563,37.809],[128.565,37.808],[128.569,37.808],[128.572,37.81],[128.576,37.814],[128.578,37.818],[128.583,37.821],[128.588,37.862],[128.54,37.891],[128.513,37.88],[128.481,37.893],[128.475,37.885],[128.432,37.867],[128.422,37.883],[128.39,37.859],[128.366,37.847],[128.365,37.834],[128.348,37.827],[128.32,37.831],[128.293,37.87],[128.261,37.856],[128.256,37.84],[128.214,37.812],[128.202,37.816],[128.169,37.851],[128.174,37.885],[128.106,37.9],[128.091,37.898],[128.04,37.927],[128.026,37.946],[127.995,37.941],[127.984,37.914],[127.972,37.9],[127.973,37.882],[127.958,37.874],[127.943,37.848],[127.924,37.838],[127.906,37.857],[127.881,37.861],[127.872,37.837],[127.848,37.836],[127.822,37.846],[127.814,37.833],[127.828,37.82],[127.825,37.798],[127.856,37.771],[127.845,37.749],[127.828,37.741],[127.816,37.749],[127.795,37.735],[127.782,37.742],[127.755,37.732],[127.746,37.742],[127.687,37.716],[127.678,37.695],[127.638,37.698],[127.624,37.684],[127.596,37.703],[127.589,37.725],[127.574,37.733],[127.568,37.733],[127.564,37.728],[127.562,37.728],[127.56,37.729],[127.56,37.728],[127.559,37.726],[127.559,37.725],[127.562,37.72],[127.558,37.714],[127.558,37.707],[127.557,37.706],[127.556,37.705],[127.556,37.704],[127.555,37.7],[127.554,37.695],[127.553,37.695],[127.552,37.691],[127.551,37.69],[127.551,37.688],[127.551,37.687],[127.551,37.686],[127.551,37.682],[127.551,37.677],[127.549,37.669],[127.553,37.662],[127.544,37.652],[127.536,37.651],[127.538,37.641],[127.548,37.633],[127.555,37.631],[127.556,37.63],[127.559,37.628]]]},"properties":{"name":"홍천군","code":"32310","grp":"32310"}},
{"type":"Feature","geometry":{"type":"Polygon","coordinates":[[[127.8,37.439],[127.803,37.44],[127.811,37.441],[127.82,37.447],[127.84,37.434],[127.851,37.408],[127.868,37.4],[127.866,37.447],[127.877,37.467],[127.906,37.473],[127.91,37.487],[127.932,37.49],[127.949,37.458],[128.003,37.457],[128.016,37.446],[128.059,37.445],[128.084,37.425],[128.097,37.406],[128.079,37.4],[128.073,37.367],[128.05,37.366],[128.038,37.354],[128.034,37.332],[128.052,37.308],[128.109,37.299],[128.12,37.324],[128.129,37.328],[128.173,37.325],[128.187,37.341],[128.178,37.377],[128.187,37.393],[128.22,37.394],[128.236,37.388],[128.254,37.393],[128.265,37.408],[128.259,37.417],[128.258,37.438],[128.254,37.441],[128.252,37.441],[128.25,37.441],[128.249,37.441],[128.248,37.442],[128.246,37.446],[128.245,37.455],[128.247,37.466],[128.245,37.469],[128.244,37.48],[128.253,37.481],[128.264,37.485],[128.267,37.487],[128.268,37.49],[128.268,37.492],[128.268,37.493],[128.277,37.503],[128.283,37.504],[128.284,37.505],[128.285,37.505],[128.286,37.507],[128.287,37.507],[128.288,37.507],[128.289,37.507],[128.29,37.507],[128.298,37.513],[128.302,37.538],[128.294,37.545],[128.294,37.568],[128.279,37.592],[128.284,37.619],[128.273,37.621],[128.267,37.624],[128.266,37.625],[128.263,37.625],[128.261,37.625],[128.258,37.625],[128.255,37.627],[128.254,37.627],[128.236,37.625],[128.214,37.645],[128.152,37.66],[128.136,37.68],[128.119,37.679],[128.112,37.665],[128.08,37.649],[128.065,37.635],[128.031,37.622],[127.979,37.632],[127.962,37.627],[127.951,37.611],[127.933,37.61],[127.908,37.598],[127.872,37.562],[127.871,37.556],[127.858,37.557],[127.855,37.554],[127.85,37.553],[127.848,37.552],[127.848,37.55],[127.848,37.549],[127.846,37.548],[127.845,37.548],[127.845,37.546],[127.846,37.545],[127.846,37.544],[127.845,37.543],[127.844,37.543],[127.843,37.542],[127.842,37.539],[127.81,37.538],[127.806,37.535],[127.806,37.532],[127.806,37.531],[127.775,37.507],[127.775,37.492],[127.78,37.489],[127.781,37.486],[127.782,37.484],[127.782,37.483],[127.782,37.482],[127.785,37.479],[127.79,37.475],[127.796,37.463],[127.799,37.452],[127.798,37.443],[127.799,37.439],[127.8,37.439]]]},"properties":{"name":"횡성군","code":"32320","grp":"32320"}},
{"type":"Feature","geometry":{"type":"Polygon","coordinates":[[[128.208,37.249],[128.228,37.228],[128.25,37.23],[128.268,37.208],[128.314,37.223],[128.332,37.214],[128.327,37.199],[128.281,37.173],[128.266,37.156],[128.298,37.134],[128.335,37.157],[128.384,37.158],[128.401,37.147],[128.396,37.129],[128.438,37.111],[128.478,37.11],[128.497,37.126],[128.514,37.104],[128.549,37.087],[128.628,37.075],[128.652,37.065],[128.689,37.053],[128.709,37.039],[128.735,37.04],[128.748,37.03],[128.762,37.036],[128.753,37.054],[128.765,37.064],[128.774,37.088],[128.799,37.087],[128.808,37.076],[128.829,37.078],[128.847,37.052],[128.876,37.045],[128.91,37.068],[128.892,37.062],[128.877,37.072],[128.886,37.103],[128.87,37.108],[128.889,37.125],[128.888,37.141],[128.901,37.147],[128.885,37.169],[128.843,37.167],[128.82,37.176],[128.81,37.189],[128.749,37.212],[128.694,37.185],[128.66,37.187],[128.646,37.182],[128.618,37.207],[128.579,37.22],[128.577,37.245],[128.566,37.253],[128.576,37.268],[128.556,37.289],[128.536,37.284],[128.5,37.291],[128.461,37.311],[128.453,37.336],[128.43,37.34],[128.427,37.342],[128.421,37.344],[128.419,37.343],[128.418,37.343],[128.414,37.339],[128.412,37.33],[128.411,37.33],[128.411,37.329],[128.41,37.329],[128.407,37.325],[128.405,37.321],[128.405,37.32],[128.405,37.317],[128.407,37.311],[128.41,37.308],[128.406,37.302],[128.408,37.299],[128.409,37.296],[128.409,37.295],[128.408,37.294],[128.406,37.294],[128.401,37.296],[128.4,37.297],[128.397,37.297],[128.394,37.296],[128.394,37.295],[128.393,37.295],[128.393,37.294],[128.383,37.289],[128.358,37.309],[128.324,37.321],[128.317,37.352],[128.327,37.376],[128.303,37.388],[128.294,37.401],[128.265,37.408],[128.254,37.393],[128.236,37.388],[128.22,37.394],[128.187,37.393],[128.178,37.377],[128.187,37.341],[128.173,37.325],[128.129,37.328],[128.12,37.324],[128.109,37.299],[128.115,37.273],[128.143,37.271],[128.178,37.28],[128.179,37.292],[128.214,37.288],[128.208,37.249]]]},"properties":{"name":"영월군","code":"32330","grp":"32330"}},
{"type":"Feature","geometry":{"type":"Polygon","coordinates":[[[128.583,37.821],[128.578,37.818],[128.576,37.814],[128.572,37.81],[128.569,37.808],[128.565,37.808],[128.563,37.809],[128.556,37.809],[128.555,37.809],[128.549,37.804],[128.544,37.8],[128.543,37.788],[128.524,37.764],[128.527,37.753],[128.526,37.748],[128.525,37.745],[128.524,37.744],[128.524,37.743],[128.524,37.742],[128.524,37.741],[128.525,37.741],[128.525,37.739],[128.528,37.737],[128.528,37.733],[128.526,37.732],[128.524,37.731],[128.524,37.73],[128.523,37.73],[128.522,37.73],[128.513,37.73],[128.479,37.735],[128.458,37.731],[128.454,37.729],[128.453,37.728],[128.453,37.727],[128.452,37.727],[128.445,37.718],[128.444,37.701],[128.415,37.688],[128.395,37.691],[128.394,37.691],[128.393,37.691],[128.386,37.691],[128.385,37.692],[128.384,37.692],[128.383,37.692],[128.38,37.692],[128.377,37.691],[128.369,37.694],[128.365,37.698],[128.36,37.699],[128.358,37.699],[128.357,37.699],[128.356,37.698],[128.351,37.697],[128.346,37.696],[128.337,37.696],[128.331,37.693],[128.329,37.693],[128.329,37.692],[128.328,37.692],[128.326,37.692],[128.325,37.691],[128.323,37.69],[128.321,37.691],[128.316,37.7],[128.315,37.701],[128.314,37.702],[128.3125,37.70275000000001],[128.311,37.702],[128.309,37.699],[128.304,37.691],[128.277,37.669],[128.275,37.64],[128.272,37.637],[128.271,37.635],[128.27,37.633],[128.266,37.634],[128.264,37.633],[128.262,37.632],[128.255,37.628],[128.254,37.627],[128.255,37.627],[128.258,37.625],[128.261,37.625],[128.263,37.625],[128.266,37.625],[128.267,37.624],[128.273,37.621],[128.284,37.619],[128.279,37.592],[128.294,37.568],[128.294,37.545],[128.302,37.538],[128.298,37.513],[128.29,37.507],[128.289,37.507],[128.288,37.507],[128.287,37.507],[128.286,37.507],[128.285,37.505],[128.284,37.505],[128.283,37.504],[128.277,37.503],[128.268,37.493],[128.268,37.492],[128.268,37.49],[128.267,37.487],[128.264,37.485],[128.253,37.481],[128.244,37.48],[128.245,37.469],[128.247,37.466],[128.245,37.455],[128.246,37.446],[128.248,37.442],[128.249,37.441],[128.25,37.441],[128.252,37.441],[128.254,37.441],[128.258,37.438],[128.259,37.417],[128.265,37.408],[128.294,37.401],[128.303,37.388],[128.327,37.376],[128.317,37.352],[128.324,37.321],[128.358,37.309],[128.383,37.289],[128.393,37.294],[128.393,37.295],[128.394,37.295],[128.394,37.296],[128.397,37.297],[128.4,37.297],[128.401,37.296],[128.406,37.294],[128.408,37.294],[128.409,37.295],[128.409,37.296],[128.408,37.299],[128.406,37.302],[128.41,37.308],[128.407,37.311],[128.405,37.317],[128.405,37.32],[128.405,37.321],[128.407,37.325],[128.41,37.329],[128.411,37.329],[128.411,37.33],[128.412,37.33],[128.414,37.339],[128.418,37.343],[128.419,37.343],[128.421,37.344],[128.427,37.342],[128.43,37.34],[128.453,37.336],[128.461,37.311],[128.5,37.291],[128.536,37.284],[128.556,37.289],[128.576,37.268],[128.582,37.267],[128.585,37.275],[128.59,37.278],[128.594,37.28],[128.595,37.28],[128.596,37.28],[128.596,37.281],[128.596,37.283],[128.58,37.299],[128.583,37.311],[128.539,37.4],[128.514,37.404],[128.508,37.41],[128.508,37.415],[128.506,37.417],[128.506,37.418],[128.51,37.42],[128.511,37.421],[128.513,37.423],[128.514,37.423],[128.519,37.434],[128.513,37.45],[128.513,37.455],[128.524,37.464],[128.552,37.456],[128.553,37.457],[128.554,37.457],[128.555,37.457],[128.559,37.459],[128.562,37.461],[128.563,37.461],[128.561,37.466],[128.561,37.467],[128.562,37.468],[128.562,37.469],[128.562,37.473],[128.561,37.475],[128.558,37.481],[128.557,37.486],[128.557,37.489],[128.558,37.49],[128.561,37.495],[128.562,37.496],[128.563,37.498],[128.563,37.499],[128.565,37.501],[128.566,37.5],[128.57,37.498],[128.572,37.49],[128.575,37.494],[128.577,37.511],[128.585,37.537],[128.589,37.54],[128.589,37.542],[128.588,37.545],[128.588,37.546],[128.587,37.548],[128.587,37.549],[128.588,37.549],[128.588,37.55],[128.589,37.554],[128.589,37.555],[128.588,37.556],[128.588,37.557],[128.59,37.56],[128.601,37.57],[128.604,37.571],[128.605,37.572],[128.606,37.572],[128.615,37.576],[128.617,37.575],[128.619,37.574],[128.62,37.575],[128.626,37.573],[128.625,37.568],[128.628,37.554],[128.632,37.549],[128.632,37.548],[128.632,37.546],[128.632,37.545],[128.632,37.544],[128.632,37.543],[128.634,37.541],[128.635,37.54],[128.645,37.553],[128.67,37.558],[128.669,37.569],[128.676,37.571],[128.677,37.57],[128.679,37.57],[128.684,37.594],[128.699,37.593],[128.707,37.589],[128.711,37.588],[128.712,37.589],[128.712,37.591],[128.716,37.593],[128.717,37.604],[128.723,37.611],[128.726,37.61],[128.731,37.609],[128.734,37.609],[128.735,37.609],[128.736,37.609],[128.737,37.61],[128.737,37.614],[128.736,37.629],[128.729,37.638],[128.733,37.655],[128.765,37.674],[128.748,37.714],[128.748,37.72],[128.746,37.727],[128.744,37.729],[128.744,37.73],[128.745,37.731],[128.745,37.732],[128.744,37.739],[128.744,37.741],[128.742,37.742],[128.74,37.742],[128.732,37.748],[128.725,37.749],[128.709,37.768],[128.703,37.77],[128.698,37.771],[128.697,37.771],[128.695,37.77],[128.691,37.77],[128.685,37.773],[128.682,37.773],[128.68,37.773],[128.679,37.773],[128.674,37.769],[128.671,37.767],[128.67,37.768],[128.669,37.768],[128.667,37.77],[128.656,37.771],[128.65,37.775],[128.648,37.776],[128.647,37.776],[128.645,37.777],[128.643,37.777],[128.639,37.78],[128.639,37.782],[128.637,37.782],[128.635,37.781],[128.634,37.78],[128.633,37.779],[128.631,37.774],[128.624,37.77],[128.61,37.766],[128.609,37.766],[128.608,37.767],[128.607,37.768],[128.602,37.769],[128.6,37.772],[128.599,37.773],[128.599,37.774],[128.599,37.775],[128.599,37.777],[128.601,37.781],[128.602,37.794],[128.601,37.802],[128.598,37.804],[128.599,37.806],[128.6,37.809],[128.598,37.81],[128.597,37.811],[128.597,37.812],[128.596,37.812],[128.592,37.816],[128.583,37.821]]]},"properties":{"name":"평창군","code":"32340","grp":"32340"}},
{"type":"Feature","geometry":{"type":"Polygon","coordinates":[[[128.679,37.57],[128.677,37.57],[128.676,37.571],[128.669,37.569],[128.67,37.558],[128.645,37.553],[128.635,37.54],[128.634,37.541],[128.632,37.543],[128.632,37.544],[128.632,37.545],[128.632,37.546],[128.632,37.548],[128.632,37.549],[128.628,37.554],[128.625,37.568],[128.626,37.573],[128.62,37.575],[128.619,37.574],[128.617,37.575],[128.615,37.576],[128.606,37.572],[128.605,37.572],[128.604,37.571],[128.601,37.57],[128.59,37.56],[128.588,37.557],[128.588,37.556],[128.589,37.555],[128.589,37.554],[128.588,37.55],[128.588,37.549],[128.587,37.549],[128.587,37.548],[128.588,37.546],[128.588,37.545],[128.589,37.542],[128.589,37.54],[128.585,37.537],[128.577,37.511],[128.575,37.494],[128.572,37.49],[128.57,37.498],[128.566,37.5],[128.565,37.501],[128.563,37.499],[128.563,37.498],[128.562,37.496],[128.561,37.495],[128.558,37.49],[128.557,37.489],[128.557,37.486],[128.558,37.481],[128.561,37.475],[128.562,37.473],[128.562,37.469],[128.562,37.468],[128.561,37.467],[128.561,37.466],[128.563,37.461],[128.562,37.461],[128.559,37.459],[128.555,37.457],[128.554,37.457],[128.553,37.457],[128.552,37.456],[128.524,37.464],[128.513,37.455],[128.513,37.45],[128.519,37.434],[128.514,37.423],[128.513,37.423],[128.511,37.421],[128.51,37.42],[128.506,37.418],[128.506,37.417],[128.508,37.415],[128.508,37.41],[128.514,37.404],[128.539,37.4],[128.583,37.311],[128.58,37.299],[128.596,37.283],[128.596,37.281],[128.596,37.28],[128.595,37.28],[128.594,37.28],[128.59,37.278],[128.585,37.275],[128.582,37.267],[128.576,37.268],[128.566,37.253],[128.577,37.245],[128.579,37.22],[128.618,37.207],[128.646,37.182],[128.66,37.187],[128.694,37.185],[128.749,37.212],[128.81,37.189],[128.82,37.176],[128.843,37.167],[128.885,37.169],[128.901,37.147],[128.918,37.162],[128.912,37.177],[128.916,37.212],[128.908,37.217],[128.894,37.254],[128.872,37.29],[128.858,37.304],[128.87,37.319],[128.867,37.339],[128.846,37.341],[128.858,37.381],[128.871,37.4],[128.89,37.405],[128.898,37.43],[128.928,37.449],[128.958,37.447],[128.96,37.45],[128.961,37.452],[128.962,37.453],[128.964,37.455],[128.968,37.46],[128.985,37.47],[128.986,37.473],[128.986,37.474],[128.987,37.476],[128.988,37.479],[128.986,37.481],[128.986,37.483],[128.986,37.484],[128.988,37.483],[128.989,37.483],[128.99,37.484],[128.99,37.485],[128.988,37.49],[128.985,37.493],[128.973,37.492],[128.97,37.495],[128.973,37.5],[128.974,37.502],[128.975,37.503],[128.974,37.503],[128.973,37.506],[128.971,37.506],[128.965,37.505],[128.962,37.51],[128.961,37.513],[128.962,37.513],[128.962,37.514],[128.963,37.514],[128.963,37.515],[128.964,37.517],[128.964,37.518],[128.967,37.519],[128.968,37.523],[128.973,37.534],[128.963,37.543],[128.933,37.539],[128.906,37.553],[128.898,37.587],[128.874,37.59],[128.864,37.575],[128.859,37.54],[128.849,37.516],[128.817,37.504],[128.798,37.518],[128.791,37.539],[128.737,37.547],[128.707,37.532],[128.693,37.543],[128.679,37.57]]]},"properties":{"name":"정선군","code":"32350","grp":"32350"}},
{"type":"Feature","geometry":{"type":"Polygon","coordinates":[[[127.431,38.115],[127.483,38.125],[127.503,38.148],[127.491,38.159],[127.504,38.174],[127.509,38.199],[127.525,38.201],[127.559,38.233],[127.57,38.249],[127.597,38.263],[127.594,38.278],[127.607,38.285],[127.627,38.264],[127.648,38.26],[127.672,38.264],[127.681,38.253],[127.705,38.248],[127.733,38.279],[127.782,38.288],[127.863,38.283],[127.888,38.309],[127.875,38.317],[127.819,38.308],[127.797,38.323],[127.785,38.347],[127.772,38.337],[127.734,38.339],[127.691,38.325],[127.619,38.325],[127.609,38.337],[127.578,38.336],[127.55,38.327],[127.515,38.304],[127.497,38.3],[127.476,38.316],[127.444,38.317],[127.428,38.327],[127.381,38.337],[127.362,38.324],[127.347,38.329],[127.328,38.318],[127.306,38.317],[127.288,38.326],[127.254,38.327],[127.24,38.333],[127.217,38.321],[127.155,38.304],[127.139,38.316],[127.128,38.299],[127.103,38.287],[127.097,38.285],[127.103,38.281],[127.101,38.276],[127.102,38.273],[127.104,38.273],[127.105,38.272],[127.11,38.272],[127.11,38.271],[127.111,38.271],[127.111,38.27],[127.111,38.269],[127.109,38.269],[127.108,38.268],[127.109,38.267],[127.109,38.266],[127.109,38.263],[127.108,38.261],[127.108,38.26],[127.108,38.258],[127.109,38.256],[127.11,38.253],[127.111,38.252],[127.112,38.247],[127.111,38.247],[127.11,38.245],[127.11,38.244],[127.11,38.242],[127.114,38.237],[127.123,38.233],[127.125,38.233],[127.125,38.234],[127.126,38.234],[127.127,38.234],[127.13,38.234],[127.13,38.233],[127.131,38.233],[127.133,38.233],[127.135,38.234],[127.135,38.235],[127.136,38.236],[127.139,38.237],[127.142,38.237],[127.149,38.242],[127.158,38.239],[127.159,38.239],[127.162,38.239],[127.163,38.239],[127.163,38.238],[127.163,38.237],[127.162,38.236],[127.161,38.235],[127.162,38.235],[127.162,38.234],[127.162,38.233],[127.163,38.232],[127.161,38.228],[127.16,38.226],[127.16,38.225],[127.161,38.224],[127.162,38.224],[127.162,38.223],[127.161,38.22],[127.161,38.218],[127.175,38.205],[127.17,38.198],[127.179,38.188],[127.181,38.186],[127.189,38.161],[127.222,38.137],[127.226,38.148],[127.256,38.163],[127.27,38.182],[127.289,38.169],[127.276,38.14],[127.286,38.115],[127.311,38.116],[127.321,38.095],[127.366,38.107],[127.379,38.118],[127.401,38.114],[127.414,38.102],[127.431,38.115]]]},"properties":{"name":"철원군","code":"32360","grp":"32360"}},
{"type":"Feature","geometry":{"type":"Polygon","coordinates":[[[127.446,38.051],[127.447,38.051],[127.448,38.051],[127.452,38.048],[127.453,38.044],[127.452,38.042],[127.451,38.04],[127.451,38.038],[127.452,38.035],[127.453,38.034],[127.456,38.027],[127.458,38.017],[127.463,38.012],[127.47,38.009],[127.472,38.006],[127.474,38.006],[127.477,38.006],[127.48,38.006],[127.482,38.006],[127.485,38.005],[127.49,38.005],[127.497,38.004],[127.498,38.001],[127.504,37.998],[127.509,38.001],[127.512,38],[127.529,38.002],[127.531,38.002],[127.537,38.001],[127.54,38.001],[127.541,38.002],[127.545,38.02],[127.564,38.022],[127.579,38.04],[127.577,38.062],[127.566,38.084],[127.597,38.08],[127.605,38.061],[127.624,38.052],[127.653,38.052],[127.651,38.027],[127.701,38.038],[127.714,38.024],[127.738,38.038],[127.77,38.028],[127.788,37.998],[127.82,38.004],[127.858,38.019],[127.852,38.047],[127.903,38.051],[127.901,38.091],[127.888,38.094],[127.876,38.119],[127.874,38.139],[127.881,38.169],[127.867,38.205],[127.852,38.209],[127.858,38.234],[127.854,38.259],[127.863,38.283],[127.782,38.288],[127.733,38.279],[127.705,38.248],[127.681,38.253],[127.672,38.264],[127.648,38.26],[127.627,38.264],[127.607,38.285],[127.594,38.278],[127.597,38.263],[127.57,38.249],[127.559,38.233],[127.525,38.201],[127.509,38.199],[127.504,38.174],[127.491,38.159],[127.503,38.148],[127.483,38.125],[127.431,38.115],[127.44,38.109],[127.447,38.081],[127.446,38.051]]]},"properties":{"name":"화천군","code":"32370","grp":"32370"}},
{"type":"Feature","geometry":{"type":"Polygon","coordinates":[[[128.03,38.015],[128.06,38.015],[128.061,38.047],[128.095,38.028],[128.118,38.048],[128.113,38.071],[128.089,38.093],[128.105,38.109],[128.086,38.152],[128.105,38.185],[128.099,38.192],[128.121,38.214],[128.124,38.241],[128.161,38.262],[128.172,38.281],[128.171,38.316],[128.145,38.324],[128.113,38.328],[128.087,38.318],[128.049,38.307],[128.018,38.314],[128.006,38.278],[127.983,38.28],[127.958,38.3],[127.942,38.306],[127.895,38.313],[127.888,38.309],[127.863,38.283],[127.854,38.259],[127.858,38.234],[127.852,38.209],[127.867,38.205],[127.881,38.169],[127.874,38.139],[127.876,38.119],[127.888,38.094],[127.901,38.091],[127.903,38.051],[127.904,38.03],[127.938,38.014],[127.955,38.039],[127.985,38.027],[127.993,38.002],[128.013,38.019],[128.03,38.015]]]},"properties":{"name":"양구군","code":"32380","grp":"32380"}},
{"type":"Feature","geometry":{"type":"Polygon","coordinates":[[[127.995,37.941],[128.026,37.946],[128.04,37.927],[128.091,37.898],[128.106,37.9],[128.174,37.885],[128.169,37.851],[128.202,37.816],[128.214,37.812],[128.256,37.84],[128.261,37.856],[128.293,37.87],[128.32,37.831],[128.348,37.827],[128.365,37.834],[128.366,37.847],[128.39,37.859],[128.422,37.883],[128.432,37.867],[128.475,37.885],[128.481,37.893],[128.474,37.901],[128.477,37.922],[128.464,37.936],[128.477,37.963],[128.497,37.967],[128.502,37.995],[128.513,38.005],[128.5,38.025],[128.493,38.049],[128.477,38.048],[128.44,38.058],[128.426,38.049],[128.415,38.063],[128.404,38.096],[128.411,38.111],[128.428,38.108],[128.465,38.119],[128.466,38.137],[128.443,38.15],[128.421,38.177],[128.442,38.204],[128.439,38.239],[128.418,38.254],[128.404,38.243],[128.388,38.247],[128.366,38.242],[128.356,38.267],[128.337,38.263],[128.318,38.27],[128.32,38.3],[128.311,38.33],[128.265,38.352],[128.27,38.376],[128.249,38.371],[128.23,38.377],[128.226,38.39],[128.208,38.375],[128.175,38.364],[128.159,38.348],[128.128,38.332],[128.116,38.337],[128.087,38.318],[128.113,38.328],[128.145,38.324],[128.171,38.316],[128.172,38.281],[128.161,38.262],[128.124,38.241],[128.121,38.214],[128.099,38.192],[128.105,38.185],[128.086,38.152],[128.105,38.109],[128.089,38.093],[128.113,38.071],[128.118,38.048],[128.095,38.028],[128.061,38.047],[128.06,38.015],[128.03,38.015],[128.015,37.997],[127.984,37.989],[127.984,37.964],[127.995,37.941]]]},"properties":{"name":"인제군","code":"32390","grp":"32390"}},
{"type":"Feature","geometry":{"type":"Polygon","coordinates":[[[128.585,38.231],[128.56,38.258],[128.549,38.286],[128.547,38.306],[128.529,38.321],[128.529,38.332],[128.513,38.347],[128.513,38.369],[128.476,38.405],[128.454,38.438],[128.467,38.45],[128.44,38.476],[128.419,38.512],[128.405,38.545],[128.402,38.565],[128.37,38.593],[128.359,38.611],[128.31,38.59],[128.313,38.512],[128.304,38.503],[128.299,38.471],[128.283,38.436],[128.246,38.415],[128.226,38.39],[128.23,38.377],[128.249,38.371],[128.27,38.376],[128.265,38.352],[128.311,38.33],[128.32,38.3],[128.318,38.27],[128.337,38.263],[128.356,38.267],[128.366,38.242],[128.388,38.247],[128.404,38.243],[128.418,38.254],[128.439,38.239],[128.442,38.204],[128.486,38.189],[128.499,38.202],[128.534,38.216],[128.574,38.222],[128.585,38.231]]]},"properties":{"name":"고성군","code":"32400","grp":"32400"}},
{"type":"Feature","geometry":{"type":"Polygon","coordinates":[[[128.81,37.918],[128.789,37.936],[128.763,37.966],[128.76,37.979],[128.731,38.007],[128.725,38.024],[128.698,38.045],[128.676,38.068],[128.675,38.081],[128.636,38.116],[128.609,38.15],[128.609,38.161],[128.57,38.161],[128.56,38.148],[128.535,38.149],[128.53,38.136],[128.491,38.136],[128.465,38.119],[128.428,38.108],[128.411,38.111],[128.404,38.096],[128.415,38.063],[128.426,38.049],[128.44,38.058],[128.477,38.048],[128.493,38.049],[128.5,38.025],[128.513,38.005],[128.502,37.995],[128.497,37.967],[128.477,37.963],[128.464,37.936],[128.477,37.922],[128.474,37.901],[128.481,37.893],[128.513,37.88],[128.54,37.891],[128.588,37.862],[128.621,37.872],[128.643,37.895],[128.667,37.886],[128.719,37.903],[128.732,37.9],[128.754,37.912],[128.803,37.913],[128.81,37.918]]]},"properties":{"name":"양양군","code":"32410","grp":"32410"}},
{"type":"Feature","geometry":{"type":"Polygon","coordinates":[[[127.695,37.14],[127.697,37.139],[127.7,37.138],[127.702,37.138],[127.706,37.137],[127.709,37.136],[127.71,37.135],[127.722,37.121],[127.723,37.116],[127.723,37.115],[127.723,37.114],[127.721,37.111],[127.718,37.11],[127.717,37.11],[127.716,37.11],[127.715,37.11],[127.713,37.106],[127.709,37.105],[127.708,37.105],[127.707,37.105],[127.706,37.105],[127.703,37.104],[127.702,37.103],[127.698,37.099],[127.686,37.073],[127.691,37.053],[127.672,37.04],[127.664,37.031],[127.665,37.027],[127.665,37.024],[127.665,37.023],[127.663,37.023],[127.661,37.021],[127.66,37.02],[127.658,37.019],[127.657,37.017],[127.656,37.016],[127.651,36.983],[127.652,36.983],[127.653,36.982],[127.656,36.98],[127.658,36.979],[127.659,36.978],[127.662,36.977],[127.672,36.986],[127.678,36.986],[127.682,36.985],[127.686,36.986],[127.687,36.985],[127.687,36.984],[127.687,36.981],[127.701,36.974],[127.716,36.958],[127.741,36.953],[127.745,36.954],[127.745,36.955],[127.745,36.956],[127.751,36.957],[127.758,36.953],[127.762,36.949],[127.763,36.948],[127.764,36.946],[127.762,36.944],[127.764,36.941],[127.765,36.94],[127.766,36.94],[127.767,36.94],[127.768,36.939],[127.77,36.937],[127.771,36.936],[127.772,36.935],[127.774,36.934],[127.776,36.933],[127.788,36.937],[127.833,36.94],[127.833,36.938],[127.832,36.937],[127.832,36.936],[127.832,36.935],[127.832,36.934],[127.833,36.934],[127.836,36.93],[127.838,36.93],[127.84,36.93],[127.843,36.928],[127.843,36.927],[127.84,36.92],[127.842,36.917],[127.838,36.914],[127.839,36.913],[127.864,36.896],[127.865,36.896],[127.866,36.897],[127.868,36.897],[127.869,36.897],[127.87,36.897],[127.872,36.896],[127.874,36.896],[127.882,36.896],[127.904,36.888],[127.904,36.887],[127.908,36.886],[127.91,36.886],[127.91,36.887],[127.914,36.886],[127.914,36.885],[127.914,36.884],[127.916,36.883],[127.917,36.881],[127.918,36.881],[127.919,36.881],[127.924,36.883],[127.927,36.884],[127.929,36.886],[127.932,36.888],[127.945,36.875],[127.945,36.874],[127.945,36.873],[127.947,36.872],[127.95,36.872],[127.957,36.868],[127.963,36.861],[127.969,36.859],[127.976,36.837],[127.976,36.835],[127.973,36.831],[127.972,36.829],[127.972,36.828],[127.982,36.823],[127.983,36.818],[127.982,36.816],[127.985,36.816],[127.993,36.813],[127.995,36.813],[127.997,36.813],[127.998,36.813],[128.012,36.807],[128.014,36.807],[128.017,36.808],[128.018,36.808],[128.021,36.81],[128.023,36.813],[128.024,36.815],[128.023,36.816],[128.023,36.818],[128.023,36.82],[128.024,36.823],[128.023,36.825],[128.024,36.826],[128.027,36.825],[128.029,36.825],[128.03,36.825],[128.035,36.825],[128.036,36.825],[128.039,36.821],[128.042,36.821],[128.043,36.821],[128.045,36.822],[128.046,36.822],[128.047,36.822],[128.048,36.822],[128.049,36.821],[128.05,36.82],[128.053,36.819],[128.059,36.816],[128.072,36.815],[128.079,36.809],[128.083,36.807],[128.085,36.804],[128.085,36.803],[128.084,36.802],[128.084,36.799],[128.093,36.797],[128.093,36.803],[128.094,36.804],[128.102,36.806],[128.108,36.81],[128.108,36.811],[128.108,36.812],[128.108,36.814],[128.11,36.818],[128.11,36.821],[128.11,36.822],[128.111,36.822],[128.113,36.821],[128.116,36.821],[128.118,36.821],[128.119,36.822],[128.13,36.825],[128.133,36.827],[128.133,36.828],[128.134,36.828],[128.134,36.831],[128.134,36.833],[128.122,36.834],[128.107,36.831],[128.095,36.835],[128.094,36.842],[128.092,36.846],[128.092,36.848],[128.092,36.849],[128.091,36.849],[128.089,36.85],[128.087,36.852],[128.084,36.85],[128.08,36.849],[128.079,36.849],[128.078,36.848],[128.069,36.845],[128.055,36.844],[128.037,36.852],[128.039,36.86],[128.051,36.872],[128.053,36.879],[128.055,36.883],[128.066,36.894],[128.067,36.898],[128.066,36.902],[128.068,36.905],[128.066,36.909],[128.058,36.932],[128.044,36.939],[128.043,36.941],[128.042,36.946],[128.042,36.948],[128.043,36.95],[128.043,36.951],[128.043,36.953],[128.04,36.954],[128.041,36.954],[128.043,36.954],[128.058,36.96],[128.064,36.958],[128.067,36.955],[128.073,36.951],[128.075,36.95],[128.087,36.951],[128.09,36.99],[128.079,36.996],[128.09,37.023],[128.089,37.031],[128.086,37.036],[128.083,37.039],[128.084,37.044],[128.083,37.048],[128.082,37.048],[128.081,37.048],[128.081,37.05],[128.083,37.054],[128.084,37.056],[128.083,37.059],[128.085,37.064],[128.086,37.064],[128.086,37.066],[128.085,37.066],[128.084,37.068],[128.082,37.071],[128.085,37.076],[128.079,37.082],[128.059,37.089],[128.04,37.112],[128.02,37.118],[128.019,37.116],[128.018,37.114],[128.017,37.113],[128.016,37.111],[128.013,37.111],[128.013,37.11],[128.013,37.109],[128.012,37.108],[128.012,37.106],[128.013,37.105],[128.012,37.1],[128.011,37.099],[128.01,37.099],[128.004,37.098],[128.002,37.1],[127.999,37.108],[127.996,37.11],[127.987,37.111],[127.986,37.132],[127.971,37.142],[127.968,37.156],[127.967,37.157],[127.966,37.158],[127.96,37.159],[127.957,37.161],[127.926,37.166],[127.915,37.169],[127.909,37.167],[127.907,37.165],[127.907,37.164],[127.906,37.162],[127.904,37.16],[127.902,37.152],[127.901,37.151],[127.9,37.15],[127.899,37.15],[127.898,37.152],[127.897,37.153],[127.896,37.155],[127.887,37.161],[127.872,37.164],[127.864,37.162],[127.863,37.162],[127.862,37.161],[127.856,37.156],[127.79,37.143],[127.765,37.16],[127.756,37.171],[127.751,37.182],[127.748,37.2],[127.744,37.208],[127.744,37.211],[127.745,37.213],[127.745,37.214],[127.744,37.215],[127.743,37.214],[127.74,37.212],[127.738,37.211],[127.737,37.21],[127.735,37.208],[127.735,37.207],[127.735,37.206],[127.736,37.206],[127.735,37.205],[127.734,37.203],[127.733,37.202],[127.733,37.196],[127.732,37.195],[127.73,37.193],[127.729,37.192],[127.728,37.188],[127.727,37.185],[127.726,37.183],[127.726,37.182],[127.724,37.182],[127.723,37.182],[127.722,37.183],[127.72,37.184],[127.719,37.184],[127.718,37.184],[127.717,37.183],[127.695,37.151],[127.694,37.146],[127.695,37.141],[127.695,37.14]]]},"properties":{"name":"충주시","code":"33020","grp":"33020"}},
{"type":"Feature","geometry":{"type":"Polygon","coordinates":[[[127.926,37.166],[127.957,37.161],[127.96,37.159],[127.966,37.158],[127.967,37.157],[127.968,37.156],[127.971,37.142],[127.986,37.132],[127.987,37.111],[127.996,37.11],[127.999,37.108],[128.002,37.1],[128.004,37.098],[128.01,37.099],[128.011,37.099],[128.012,37.1],[128.013,37.105],[128.012,37.106],[128.012,37.108],[128.013,37.109],[128.013,37.11],[128.013,37.111],[128.016,37.111],[128.017,37.113],[128.018,37.114],[128.019,37.116],[128.02,37.118],[128.04,37.112],[128.059,37.089],[128.079,37.082],[128.085,37.076],[128.082,37.071],[128.084,37.068],[128.085,37.066],[128.086,37.066],[128.086,37.064],[128.085,37.064],[128.083,37.059],[128.084,37.056],[128.083,37.054],[128.081,37.05],[128.081,37.048],[128.082,37.048],[128.083,37.048],[128.084,37.044],[128.083,37.039],[128.086,37.036],[128.089,37.031],[128.09,37.023],[128.079,36.996],[128.09,36.99],[128.087,36.951],[128.075,36.95],[128.073,36.951],[128.067,36.955],[128.064,36.958],[128.058,36.96],[128.043,36.954],[128.041,36.954],[128.04,36.954],[128.043,36.953],[128.043,36.951],[128.043,36.95],[128.042,36.948],[128.042,36.946],[128.043,36.941],[128.044,36.939],[128.058,36.932],[128.066,36.909],[128.068,36.905],[128.066,36.902],[128.067,36.898],[128.066,36.894],[128.055,36.883],[128.053,36.879],[128.051,36.872],[128.039,36.86],[128.037,36.852],[128.055,36.844],[128.069,36.845],[128.078,36.848],[128.079,36.849],[128.08,36.849],[128.084,36.85],[128.087,36.852],[128.089,36.85],[128.091,36.849],[128.092,36.849],[128.092,36.848],[128.092,36.846],[128.094,36.842],[128.095,36.835],[128.107,36.831],[128.122,36.834],[128.134,36.833],[128.136,36.833],[128.142,36.833],[128.151,36.823],[128.216,36.812],[128.213,36.849],[128.23,36.845],[128.242,36.872],[128.251,36.885],[128.237,36.917],[128.236,36.934],[128.264,36.952],[128.254,37.009],[128.22,37.042],[128.225,37.062],[128.267,37.088],[128.256,37.101],[128.267,37.114],[128.294,37.098],[128.308,37.115],[128.298,37.134],[128.266,37.156],[128.281,37.173],[128.327,37.199],[128.332,37.214],[128.314,37.223],[128.268,37.208],[128.25,37.23],[128.228,37.228],[128.208,37.249],[128.174,37.233],[128.173,37.219],[128.155,37.216],[128.125,37.234],[128.112,37.208],[128.074,37.193],[128.037,37.189],[128.028,37.203],[128.039,37.216],[128.023,37.226],[128.019,37.244],[127.985,37.258],[127.939,37.241],[127.922,37.225],[127.936,37.189],[127.926,37.166]]]},"properties":{"name":"제천시","code":"33030","grp":"33030"}},
{"type":"Feature","geometry":{"type":"Polygon","coordinates":[[[127.515,36.422],[127.52,36.435],[127.545,36.446],[127.556,36.472],[127.577,36.49],[127.565,36.531],[127.581,36.542],[127.613,36.552],[127.611,36.567],[127.644,36.606],[127.695,36.588],[127.714,36.602],[127.736,36.6],[127.746,36.585],[127.769,36.594],[127.769,36.604],[127.738,36.638],[127.713,36.65],[127.71,36.663],[127.726,36.681],[127.703,36.709],[127.68,36.717],[127.665,36.73],[127.663,36.715],[127.648,36.701],[127.618,36.707],[127.604,36.746],[127.565,36.78],[127.509,36.767],[127.505,36.779],[127.462,36.77],[127.449,36.755],[127.42,36.758],[127.404,36.746],[127.386,36.759],[127.359,36.761],[127.336,36.753],[127.328,36.735],[127.325,36.734],[127.322,36.731],[127.32,36.727],[127.318,36.725],[127.317,36.724],[127.316,36.724],[127.313,36.724],[127.312,36.724],[127.311,36.724],[127.309,36.722],[127.308,36.719],[127.306,36.708],[127.301,36.7],[127.292,36.697],[127.291,36.697],[127.289,36.695],[127.287,36.692],[127.285,36.691],[127.29,36.688],[127.292,36.687],[127.297,36.686],[127.298,36.686],[127.3,36.686],[127.301,36.686],[127.302,36.686],[127.304,36.685],[127.308,36.682],[127.305,36.668],[127.3,36.662],[127.297,36.661],[127.289,36.659],[127.286,36.652],[127.282,36.645],[127.276,36.64],[127.276,36.639],[127.277,36.637],[127.278,36.636],[127.279,36.634],[127.28,36.634],[127.281,36.634],[127.282,36.635],[127.285,36.634],[127.287,36.636],[127.291,36.637],[127.291,36.636],[127.292,36.636],[127.306,36.602],[127.307,36.601],[127.306,36.599],[127.305,36.597],[127.305,36.595],[127.305,36.594],[127.305,36.593],[127.305,36.592],[127.305,36.591],[127.304,36.591],[127.304,36.59],[127.3,36.588],[127.299,36.587],[127.3,36.586],[127.303,36.584],[127.304,36.583],[127.313,36.583],[127.319,36.584],[127.321,36.584],[127.322,36.583],[127.322,36.581],[127.325,36.578],[127.327,36.577],[127.337,36.57],[127.347,36.564],[127.351,36.562],[127.353,36.562],[127.354,36.562],[127.356,36.562],[127.36,36.562],[127.371,36.567],[127.376,36.568],[127.377,36.568],[127.384,36.541],[127.402,36.541],[127.409,36.524],[127.41,36.495],[127.396,36.492],[127.403,36.485],[127.402,36.456],[127.436,36.456],[127.451,36.449],[127.48,36.477],[127.478,36.458],[127.504,36.452],[127.492,36.439],[127.502,36.409],[127.515,36.422]]]},"properties":{"name":"청주시","code":"33041","grp":"33040"}},
{"type":"Feature","geometry":{"type":"Polygon","coordinates":[[[127.554,36.395],[127.588,36.413],[127.613,36.404],[127.617,36.417],[127.639,36.436],[127.665,36.445],[127.68,36.436],[127.681,36.419],[127.7,36.414],[127.719,36.396],[127.747,36.386],[127.762,36.393],[127.819,36.382],[127.837,36.373],[127.88,36.371],[127.884,36.38],[127.874,36.407],[127.872,36.441],[127.882,36.462],[127.875,36.483],[127.905,36.504],[127.901,36.525],[127.87,36.543],[127.873,36.553],[127.852,36.571],[127.824,36.571],[127.798,36.586],[127.798,36.602],[127.786,36.614],[127.769,36.604],[127.769,36.594],[127.746,36.585],[127.736,36.6],[127.714,36.602],[127.695,36.588],[127.644,36.606],[127.611,36.567],[127.613,36.552],[127.581,36.542],[127.565,36.531],[127.577,36.49],[127.556,36.472],[127.545,36.446],[127.52,36.435],[127.515,36.422],[127.54,36.421],[127.554,36.395]]]},"properties":{"name":"보은군","code":"33320","grp":"33320"}},
{"type":"Feature","geometry":{"type":"Polygon","coordinates":[[[127.493,36.238],[127.518,36.241],[127.533,36.251],[127.55,36.238],[127.585,36.23],[127.598,36.218],[127.592,36.195],[127.598,36.185],[127.608,36.186],[127.624,36.181],[127.627,36.178],[127.632,36.18],[127.633,36.18],[127.638,36.177],[127.641,36.175],[127.644,36.172],[127.646,36.171],[127.65,36.171],[127.652,36.172],[127.655,36.176],[127.655,36.177],[127.655,36.178],[127.648,36.207],[127.651,36.225],[127.656,36.229],[127.657,36.228],[127.658,36.228],[127.659,36.227],[127.662,36.224],[127.663,36.224],[127.663,36.223],[127.664,36.223],[127.666,36.224],[127.67,36.223],[127.673,36.222],[127.68,36.226],[127.683,36.23],[127.685,36.233],[127.691,36.239],[127.693,36.249],[127.698,36.254],[127.699,36.257],[127.7,36.258],[127.7,36.259],[127.701,36.26],[127.702,36.261],[127.722,36.269],[127.725,36.273],[127.726,36.273],[127.727,36.275],[127.729,36.276],[127.731,36.276],[127.732,36.276],[127.736,36.273],[127.756,36.268],[127.764,36.284],[127.766,36.286],[127.767,36.286],[127.769,36.287],[127.769,36.288],[127.769,36.29],[127.77,36.29],[127.774,36.292],[127.776,36.292],[127.776,36.291],[127.78,36.289],[127.788,36.289],[127.789,36.291],[127.792,36.291],[127.794,36.291],[127.795,36.291],[127.795,36.296],[127.808,36.309],[127.813,36.308],[127.815,36.309],[127.817,36.31],[127.821,36.305],[127.825,36.31],[127.829,36.31],[127.832,36.311],[127.835,36.313],[127.841,36.316],[127.842,36.316],[127.844,36.317],[127.845,36.316],[127.853,36.33],[127.883,36.346],[127.891,36.36],[127.88,36.371],[127.837,36.373],[127.819,36.382],[127.762,36.393],[127.747,36.386],[127.719,36.396],[127.7,36.414],[127.681,36.419],[127.68,36.436],[127.665,36.445],[127.639,36.436],[127.617,36.417],[127.613,36.404],[127.588,36.413],[127.554,36.395],[127.539,36.398],[127.525,36.384],[127.519,36.35],[127.501,36.34],[127.503,36.325],[127.492,36.299],[127.499,36.283],[127.486,36.261],[127.493,36.238]]]},"properties":{"name":"옥천군","code":"33330","grp":"33330"}},
{"type":"Feature","geometry":{"type":"Polygon","coordinates":[[[127.598,36.185],[127.593,36.177],[127.601,36.169],[127.601,36.161],[127.602,36.16],[127.601,36.159],[127.601,36.158],[127.599,36.155],[127.595,36.153],[127.59,36.143],[127.589,36.134],[127.617,36.105],[127.617,36.094],[127.638,36.068],[127.654,36.056],[127.67,36.051],[127.674,36.055],[127.678,36.057],[127.68,36.058],[127.681,36.058],[127.684,36.061],[127.685,36.062],[127.686,36.062],[127.687,36.063],[127.688,36.063],[127.689,36.063],[127.691,36.058],[127.693,36.058],[127.695,36.059],[127.696,36.054],[127.696,36.05],[127.695,36.046],[127.696,36.041],[127.704,36.034],[127.747,36.03],[127.759,36.016],[127.762,36.013],[127.763,36.013],[127.765,36.012],[127.766,36.012],[127.767,36.012],[127.768,36.012],[127.769,36.013],[127.77,36.013],[127.772,36.014],[127.773,36.014],[127.775,36.015],[127.78,36.016],[127.782,36.017],[127.783,36.017],[127.784,36.016],[127.797,36.025],[127.819,36.029],[127.82,36.03],[127.822,36.031],[127.824,36.032],[127.83,36.035],[127.842,36.037],[127.843,36.038],[127.845,36.039],[127.846,36.039],[127.849,36.04],[127.853,36.039],[127.877,36.023],[127.903,36.039],[127.917,36.054],[127.93,36.049],[127.961,36.07],[127.958,36.09],[127.965,36.113],[127.989,36.133],[127.996,36.154],[127.975,36.188],[127.984,36.201],[128.01,36.209],[128.039,36.194],[128.056,36.202],[128.03,36.24],[128.04,36.252],[128.043,36.252],[128.046,36.252],[128.046,36.254],[128.047,36.255],[128.047,36.257],[128.044,36.258],[128.043,36.259],[128.04,36.259],[128.033,36.262],[128.026,36.268],[128.019,36.267],[128.016,36.268],[128.014,36.27],[128.011,36.272],[128.01,36.272],[128.009,36.272],[128.008,36.272],[128,36.266],[127.991,36.263],[127.984,36.263],[127.981,36.264],[127.978,36.261],[127.977,36.259],[127.977,36.258],[127.978,36.257],[127.979,36.256],[127.978,36.255],[127.975,36.253],[127.971,36.25],[127.968,36.25],[127.965,36.253],[127.962,36.252],[127.961,36.252],[127.96,36.252],[127.948,36.257],[127.931,36.278],[127.907,36.286],[127.906,36.299],[127.904,36.301],[127.903,36.301],[127.902,36.3],[127.901,36.299],[127.898,36.298],[127.898,36.297],[127.897,36.296],[127.896,36.295],[127.894,36.293],[127.892,36.292],[127.883,36.274],[127.852,36.274],[127.847,36.301],[127.845,36.304],[127.843,36.306],[127.842,36.308],[127.841,36.31],[127.844,36.315],[127.845,36.316],[127.844,36.317],[127.842,36.316],[127.841,36.316],[127.835,36.313],[127.832,36.311],[127.829,36.31],[127.825,36.31],[127.821,36.305],[127.817,36.31],[127.815,36.309],[127.813,36.308],[127.808,36.309],[127.795,36.296],[127.795,36.291],[127.794,36.291],[127.792,36.291],[127.789,36.291],[127.788,36.289],[127.78,36.289],[127.776,36.291],[127.776,36.292],[127.774,36.292],[127.77,36.29],[127.769,36.29],[127.769,36.288],[127.769,36.287],[127.767,36.286],[127.766,36.286],[127.764,36.284],[127.756,36.268],[127.736,36.273],[127.732,36.276],[127.731,36.276],[127.729,36.276],[127.727,36.275],[127.726,36.273],[127.725,36.273],[127.722,36.269],[127.702,36.261],[127.701,36.26],[127.7,36.259],[127.7,36.258],[127.699,36.257],[127.698,36.254],[127.693,36.249],[127.691,36.239],[127.685,36.233],[127.683,36.23],[127.68,36.226],[127.673,36.222],[127.67,36.223],[127.666,36.224],[127.664,36.223],[127.663,36.223],[127.663,36.224],[127.662,36.224],[127.659,36.227],[127.658,36.228],[127.657,36.228],[127.656,36.229],[127.651,36.225],[127.648,36.207],[127.655,36.178],[127.655,36.177],[127.655,36.176],[127.652,36.172],[127.65,36.171],[127.646,36.171],[127.644,36.172],[127.641,36.175],[127.638,36.177],[127.633,36.18],[127.632,36.18],[127.627,36.178],[127.624,36.181],[127.608,36.186],[127.598,36.185]]]},"properties":{"name":"영동군","code":"33340","grp":"33340"}},
{"type":"Feature","geometry":{"type":"Polygon","coordinates":[[[127.288,36.894],[127.291,36.892],[127.308,36.885],[127.306,36.863],[127.336,36.855],[127.334,36.832],[127.381,36.814],[127.402,36.795],[127.395,36.784],[127.413,36.773],[127.42,36.758],[127.449,36.755],[127.462,36.77],[127.505,36.779],[127.509,36.767],[127.565,36.78],[127.557,36.797],[127.537,36.809],[127.572,36.82],[127.569,36.839],[127.578,36.854],[127.583,36.876],[127.556,36.886],[127.553,36.899],[127.525,36.913],[127.511,36.931],[127.481,36.934],[127.463,36.948],[127.449,36.977],[127.447,37.011],[127.429,37.002],[127.394,36.998],[127.385,36.984],[127.387,36.964],[127.376,36.95],[127.354,36.953],[127.309,36.929],[127.288,36.894]]]},"properties":{"name":"진천군","code":"33350","grp":"33350"}},
{"type":"Feature","geometry":{"type":"Polygon","coordinates":[[[127.788,36.937],[127.781,36.924],[127.797,36.903],[127.788,36.881],[127.751,36.873],[127.735,36.88],[127.692,36.879],[127.678,36.851],[127.661,36.86],[127.638,36.847],[127.63,36.816],[127.642,36.801],[127.621,36.788],[127.624,36.76],[127.636,36.752],[127.641,36.732],[127.665,36.73],[127.68,36.717],[127.703,36.709],[127.726,36.681],[127.71,36.663],[127.713,36.65],[127.738,36.638],[127.769,36.604],[127.786,36.614],[127.798,36.602],[127.821,36.611],[127.841,36.608],[127.856,36.618],[127.872,36.65],[127.907,36.626],[127.924,36.602],[127.932,36.619],[127.939,36.653],[127.93,36.669],[127.894,36.694],[127.929,36.691],[127.934,36.706],[127.95,36.708],[127.957,36.736],[127.98,36.72],[128.002,36.717],[128.015,36.73],[128.05,36.708],[128.07,36.708],[128.068,36.722],[128.032,36.748],[128.032,36.755],[128.055,36.793],[128.059,36.816],[128.053,36.819],[128.05,36.82],[128.049,36.821],[128.048,36.822],[128.047,36.822],[128.046,36.822],[128.045,36.822],[128.043,36.821],[128.042,36.821],[128.039,36.821],[128.036,36.825],[128.035,36.825],[128.03,36.825],[128.029,36.825],[128.027,36.825],[128.024,36.826],[128.023,36.825],[128.024,36.823],[128.023,36.82],[128.023,36.818],[128.023,36.816],[128.024,36.815],[128.023,36.813],[128.021,36.81],[128.018,36.808],[128.017,36.808],[128.014,36.807],[128.012,36.807],[127.998,36.813],[127.997,36.813],[127.995,36.813],[127.993,36.813],[127.985,36.816],[127.982,36.816],[127.983,36.818],[127.982,36.823],[127.972,36.828],[127.972,36.829],[127.973,36.831],[127.976,36.835],[127.976,36.837],[127.969,36.859],[127.963,36.861],[127.957,36.868],[127.95,36.872],[127.947,36.872],[127.945,36.873],[127.945,36.874],[127.945,36.875],[127.932,36.888],[127.929,36.886],[127.927,36.884],[127.924,36.883],[127.919,36.881],[127.918,36.881],[127.917,36.881],[127.916,36.883],[127.914,36.884],[127.914,36.885],[127.914,36.886],[127.91,36.887],[127.91,36.886],[127.908,36.886],[127.904,36.887],[127.904,36.888],[127.882,36.896],[127.874,36.896],[127.872,36.896],[127.87,36.897],[127.869,36.897],[127.868,36.897],[127.866,36.897],[127.865,36.896],[127.864,36.896],[127.839,36.913],[127.838,36.914],[127.842,36.917],[127.84,36.92],[127.843,36.927],[127.843,36.928],[127.84,36.93],[127.838,36.93],[127.836,36.93],[127.833,36.934],[127.832,36.934],[127.832,36.935],[127.832,36.936],[127.832,36.937],[127.833,36.938],[127.833,36.94],[127.788,36.937]]]},"properties":{"name":"괴산군","code":"33360","grp":"33360"}},
{"type":"Feature","geometry":{"type":"Polygon","coordinates":[[[127.487,37.054],[127.458,37.044],[127.46,37.025],[127.447,37.011],[127.449,36.977],[127.463,36.948],[127.481,36.934],[127.511,36.931],[127.525,36.913],[127.553,36.899],[127.556,36.886],[127.583,36.876],[127.578,36.854],[127.607,36.853],[127.614,36.836],[127.638,36.847],[127.661,36.86],[127.678,36.851],[127.692,36.879],[127.735,36.88],[127.751,36.873],[127.788,36.881],[127.797,36.903],[127.781,36.924],[127.788,36.937],[127.776,36.933],[127.774,36.934],[127.772,36.935],[127.771,36.936],[127.77,36.937],[127.768,36.939],[127.767,36.94],[127.766,36.94],[127.765,36.94],[127.764,36.941],[127.762,36.944],[127.764,36.946],[127.763,36.948],[127.762,36.949],[127.758,36.953],[127.751,36.957],[127.745,36.956],[127.745,36.955],[127.745,36.954],[127.741,36.953],[127.716,36.958],[127.701,36.974],[127.687,36.981],[127.687,36.984],[127.687,36.985],[127.686,36.986],[127.682,36.985],[127.678,36.986],[127.672,36.986],[127.662,36.977],[127.659,36.978],[127.658,36.979],[127.656,36.98],[127.653,36.982],[127.652,36.983],[127.651,36.983],[127.656,37.016],[127.657,37.017],[127.658,37.019],[127.66,37.02],[127.661,37.021],[127.663,37.023],[127.665,37.023],[127.665,37.024],[127.665,37.027],[127.664,37.031],[127.672,37.04],[127.691,37.053],[127.686,37.073],[127.698,37.099],[127.702,37.103],[127.703,37.104],[127.706,37.105],[127.707,37.105],[127.708,37.105],[127.709,37.105],[127.713,37.106],[127.715,37.11],[127.716,37.11],[127.717,37.11],[127.718,37.11],[127.721,37.111],[127.723,37.114],[127.723,37.115],[127.723,37.116],[127.722,37.121],[127.71,37.135],[127.709,37.136],[127.706,37.137],[127.702,37.138],[127.7,37.138],[127.697,37.139],[127.695,37.14],[127.66,37.14],[127.628,37.155],[127.638,37.141],[127.632,37.096],[127.578,37.075],[127.557,37.041],[127.529,37.055],[127.509,37.049],[127.487,37.054]]]},"properties":{"name":"음성군","code":"33370","grp":"33370"}},
{"type":"Feature","geometry":{"type":"Polygon","coordinates":[[[128.298,37.134],[128.308,37.115],[128.294,37.098],[128.267,37.114],[128.256,37.101],[128.267,37.088],[128.225,37.062],[128.22,37.042],[128.254,37.009],[128.264,36.952],[128.236,36.934],[128.237,36.917],[128.251,36.885],[128.242,36.872],[128.282,36.856],[128.296,36.835],[128.316,36.823],[128.353,36.812],[128.368,36.802],[128.383,36.814],[128.42,36.812],[128.449,36.849],[128.449,36.863],[128.424,36.877],[128.445,36.914],[128.442,36.927],[128.46,36.936],[128.463,36.947],[128.507,36.97],[128.517,36.987],[128.544,36.993],[128.573,37.021],[128.565,37.031],[128.582,37.043],[128.633,37.042],[128.652,37.065],[128.628,37.075],[128.549,37.087],[128.514,37.104],[128.497,37.126],[128.478,37.11],[128.438,37.111],[128.396,37.129],[128.401,37.147],[128.384,37.158],[128.335,37.157],[128.298,37.134]]]},"properties":{"name":"단양군","code":"33380","grp":"33380"}},
{"type":"Feature","geometry":{"type":"Polygon","coordinates":[[[127.665,36.73],[127.641,36.732],[127.636,36.752],[127.624,36.76],[127.621,36.788],[127.642,36.801],[127.63,36.816],[127.638,36.847],[127.614,36.836],[127.607,36.853],[127.578,36.854],[127.569,36.839],[127.572,36.82],[127.537,36.809],[127.557,36.797],[127.565,36.78],[127.604,36.746],[127.618,36.707],[127.648,36.701],[127.663,36.715],[127.665,36.73]]]},"properties":{"name":"증평군","code":"33390","grp":"33390"}},
{"type":"Feature","geometry":{"type":"Polygon","coordinates":[[[127.285,36.691],[127.287,36.692],[127.289,36.695],[127.291,36.697],[127.292,36.697],[127.301,36.7],[127.306,36.708],[127.308,36.719],[127.309,36.722],[127.311,36.724],[127.312,36.724],[127.313,36.724],[127.316,36.724],[127.317,36.724],[127.318,36.725],[127.32,36.727],[127.322,36.731],[127.325,36.734],[127.328,36.735],[127.336,36.753],[127.359,36.761],[127.386,36.759],[127.404,36.746],[127.42,36.758],[127.413,36.773],[127.395,36.784],[127.402,36.795],[127.381,36.814],[127.334,36.832],[127.336,36.855],[127.306,36.863],[127.308,36.885],[127.291,36.892],[127.288,36.894],[127.286,36.894],[127.285,36.895],[127.284,36.895],[127.283,36.897],[127.279,36.901],[127.279,36.906],[127.275,36.909],[127.273,36.911],[127.271,36.913],[127.259,36.916],[127.256,36.918],[127.256,36.919],[127.255,36.92],[127.254,36.921],[127.253,36.922],[127.25,36.921],[127.249,36.921],[127.249,36.92],[127.249,36.919],[127.248,36.919],[127.245,36.918],[127.244,36.918],[127.24,36.919],[127.239,36.919],[127.237,36.921],[127.236,36.924],[127.221,36.93],[127.211,36.939],[127.209,36.94],[127.207,36.942],[127.206,36.943],[127.207,36.946],[127.204,36.95],[127.204,36.951],[127.202,36.952],[127.18,36.957],[127.178,36.963],[127.172,36.963],[127.171,36.963],[127.168,36.962],[127.166,36.962],[127.159,36.97],[127.144,36.971],[127.136,36.967],[127.133,36.967],[127.13,36.966],[127.129,36.966],[127.129,36.967],[127.12,36.97],[127.118,36.971],[127.116,36.971],[127.114,36.971],[127.097,36.959],[127.096,36.956],[127.101,36.954],[127.102,36.954],[127.103,36.953],[127.099,36.949],[127.097,36.948],[127.096,36.942],[127.092,36.943],[127.09,36.946],[127.089,36.946],[127.088,36.947],[127.086,36.948],[127.079,36.943],[127.078,36.943],[127.078,36.942],[127.075,36.94],[127.074,36.939],[127.089,36.921],[127.094,36.914],[127.093,36.909],[127.087,36.907],[127.085,36.904],[127.089,36.9],[127.09,36.897],[127.091,36.896],[127.092,36.894],[127.091,36.882],[127.086,36.876],[127.089,36.866],[127.087,36.862],[127.091,36.861],[127.099,36.862],[127.107,36.86],[127.108,36.859],[127.11,36.857],[127.11,36.854],[127.098,36.84],[127.102,36.825],[127.096,36.796],[127.113,36.785],[127.118,36.764],[127.086,36.745],[127.078,36.71],[127.052,36.705],[127.029,36.689],[127.009,36.656],[127.054,36.651],[127.088,36.642],[127.11,36.659],[127.141,36.641],[127.15,36.62],[127.158,36.635],[127.155,36.664],[127.164,36.678],[127.144,36.689],[127.136,36.705],[127.16,36.733],[127.203,36.726],[127.224,36.716],[127.246,36.696],[127.285,36.691]]]},"properties":{"name":"천안시","code":"34011","grp":"34010"}},
{"type":"Feature","geometry":{"type":"Polygon","coordinates":[[[127.282,36.415],[127.226,36.422],[127.2,36.439],[127.205,36.459],[127.177,36.493],[127.17,36.509],[127.182,36.521],[127.173,36.536],[127.208,36.578],[127.155,36.607],[127.15,36.62],[127.141,36.641],[127.11,36.659],[127.088,36.642],[127.054,36.651],[127.009,36.656],[126.993,36.649],[126.968,36.679],[126.957,36.672],[126.955,36.645],[126.937,36.624],[126.931,36.592],[126.899,36.56],[126.89,36.541],[126.893,36.527],[126.884,36.513],[126.894,36.504],[126.893,36.479],[126.931,36.455],[126.956,36.467],[126.998,36.459],[127.024,36.424],[127.026,36.397],[126.993,36.376],[126.988,36.348],[126.977,36.335],[126.996,36.298],[127.015,36.295],[127.028,36.282],[127.066,36.277],[127.067,36.294],[127.108,36.34],[127.121,36.318],[127.141,36.307],[127.179,36.331],[127.196,36.335],[127.208,36.348],[127.237,36.348],[127.26,36.327],[127.279,36.345],[127.271,36.361],[127.281,36.375],[127.282,36.415]]]},"properties":{"name":"공주시","code":"34020","grp":"34020"}},
{"type":"Feature","geometry":{"type":"MultiPolygon","coordinates":[[[[126.458,36.355],[126.421,36.385],[126.396,36.369],[126.458,36.355]]],[[[126.564,36.508],[126.563,36.507],[126.563,36.506],[126.541,36.504],[126.524,36.52],[126.51,36.52],[126.499,36.523],[126.483,36.507],[126.481,36.478],[126.487,36.455],[126.5,36.445],[126.482,36.383],[126.51,36.381],[126.546,36.355],[126.543,36.339],[126.52,36.335],[126.503,36.325],[126.518,36.301],[126.528,36.296],[126.548,36.267],[126.53,36.24],[126.536,36.202],[126.525,36.188],[126.52589189189189,36.187108108108106],[126.526,36.187],[126.53769230769231,36.188538461538464],[126.564,36.192],[126.578,36.179],[126.594,36.175],[126.598,36.175],[126.599,36.175],[126.6,36.175],[126.602,36.175],[126.605,36.174],[126.608,36.173],[126.614,36.172],[126.617,36.174],[126.618,36.174],[126.619,36.175],[126.629,36.173],[126.629,36.174],[126.63,36.175],[126.631,36.176],[126.632,36.176],[126.636,36.176],[126.64,36.177],[126.641,36.176],[126.653,36.181],[126.655,36.181],[126.656,36.181],[126.657,36.181],[126.658,36.181],[126.658,36.18],[126.659,36.178],[126.66,36.178],[126.661,36.178],[126.665,36.177],[126.667,36.176],[126.671,36.178],[126.672,36.178],[126.681,36.182],[126.683,36.187],[126.685,36.188],[126.685,36.189],[126.687,36.189],[126.688,36.189],[126.69,36.189],[126.692,36.19],[126.694,36.193],[126.699,36.203],[126.704,36.209],[126.716,36.219],[126.715,36.229],[126.718,36.235],[126.732,36.237],[126.734,36.238],[126.737,36.241],[126.736,36.243],[126.738,36.25],[126.738,36.251],[126.739,36.253],[126.739,36.254],[126.738,36.254],[126.736,36.255],[126.735,36.256],[126.733,36.257],[126.728,36.257],[126.719,36.259],[126.694,36.269],[126.684,36.322],[126.696,36.334],[126.7,36.344],[126.699,36.346],[126.699,36.347],[126.7,36.348],[126.7,36.349],[126.702,36.349],[126.703,36.35],[126.704,36.351],[126.704,36.354],[126.703,36.362],[126.705,36.366],[126.71,36.369],[126.724,36.371],[126.725,36.375],[126.722,36.378],[126.721,36.379],[126.72,36.38],[126.715,36.383],[126.711,36.388],[126.716,36.394],[126.71,36.396],[126.71,36.401],[126.709,36.402],[126.707,36.404],[126.706,36.404],[126.706,36.405],[126.705,36.405],[126.703,36.405],[126.697,36.407],[126.691,36.41],[126.692,36.429],[126.684,36.436],[126.684,36.438],[126.684,36.439],[126.685,36.439],[126.686,36.441],[126.689,36.445],[126.689,36.446],[126.688,36.448],[126.681,36.448],[126.678,36.45],[126.677,36.45],[126.677,36.451],[126.675,36.454],[126.675,36.455],[126.675,36.456],[126.675,36.46],[126.672,36.462],[126.666,36.462],[126.658,36.46],[126.654,36.467],[126.634,36.467],[126.633,36.473],[126.632,36.476],[126.631,36.477],[126.623,36.478],[126.62,36.48],[126.619,36.48],[126.617,36.482],[126.617,36.483],[126.616,36.484],[126.615,36.484],[126.615,36.485],[126.613,36.483],[126.611,36.48],[126.603,36.473],[126.588,36.469],[126.567,36.47],[126.566,36.452],[126.525,36.452],[126.545,36.472],[126.571,36.484],[126.587,36.475],[126.599,36.477],[126.602,36.479],[126.599,36.479],[126.599,36.481],[126.6,36.486],[126.602,36.488],[126.602,36.489],[126.6,36.49],[126.599,36.491],[126.599,36.492],[126.598,36.493],[126.598,36.494],[126.597,36.497],[126.597,36.499],[126.596,36.501],[126.594,36.502],[126.593,36.503],[126.593,36.504],[126.593,36.505],[126.593,36.506],[126.593,36.507],[126.591,36.509],[126.59,36.509],[126.585,36.507],[126.58,36.505],[126.578,36.505],[126.577,36.505],[126.573,36.502],[126.572,36.502],[126.567,36.503],[126.566,36.503],[126.565,36.506],[126.566,36.507],[126.566,36.508],[126.565,36.508],[126.564,36.508]]]]},"properties":{"name":"보령시","code":"34030","grp":"34030"}},
{"type":"Feature","geometry":{"type":"Polygon","coordinates":[[[126.91,36.902],[126.904,36.888],[126.862,36.88],[126.86,36.881],[126.847,36.884],[126.845,36.884],[126.843,36.878],[126.837,36.842],[126.837,36.83],[126.858,36.801],[126.858,36.8],[126.859,36.794],[126.856,36.789],[126.835,36.786],[126.829,36.772],[126.838,36.754],[126.859,36.747],[126.867,36.729],[126.887,36.731],[126.904,36.709],[126.922,36.701],[126.95,36.704],[126.967,36.695],[126.968,36.679],[126.993,36.649],[127.009,36.656],[127.029,36.689],[127.052,36.705],[127.078,36.71],[127.086,36.745],[127.118,36.764],[127.113,36.785],[127.096,36.796],[127.102,36.825],[127.098,36.84],[127.11,36.854],[127.11,36.857],[127.108,36.859],[127.107,36.86],[127.099,36.862],[127.091,36.861],[127.087,36.862],[127.089,36.866],[127.086,36.876],[127.091,36.882],[127.092,36.894],[127.091,36.896],[127.09,36.897],[127.089,36.9],[127.085,36.904],[127.087,36.907],[127.093,36.909],[127.094,36.914],[127.089,36.921],[127.074,36.939],[127.065,36.942],[127.026,36.929],[127.016,36.935],[126.986,36.932],[126.94,36.917],[126.91,36.902]]]},"properties":{"name":"아산시","code":"34040","grp":"34040"}},
{"type":"Feature","geometry":{"type":"Polygon","coordinates":[[[126.463,37.003],[126.426,37.015],[126.352,37.005],[126.332,36.997],[126.331,36.985],[126.371,36.983],[126.386,36.974],[126.37,36.96],[126.382,36.937],[126.409,36.936],[126.41,36.917],[126.422,36.899],[126.395,36.888],[126.364,36.876],[126.37,36.858],[126.332,36.863],[126.318,36.843],[126.335,36.815],[126.336,36.814],[126.338,36.812],[126.342,36.806],[126.351,36.797],[126.352,36.793],[126.355,36.79],[126.355,36.788],[126.353,36.783],[126.349,36.78],[126.349,36.779],[126.348,36.778],[126.348,36.776],[126.351,36.768],[126.349,36.765],[126.348,36.759],[126.347,36.756],[126.346,36.755],[126.345,36.753],[126.343,36.747],[126.347,36.68],[126.352,36.66],[126.36,36.625],[126.366,36.627],[126.386,36.619],[126.414,36.615],[126.441,36.6],[126.453,36.626],[126.497,36.631],[126.536,36.646],[126.561,36.644],[126.589,36.664],[126.61,36.704],[126.602,36.72],[126.645,36.752],[126.654,36.775],[126.65,36.78],[126.65,36.782],[126.647,36.788],[126.645,36.791],[126.644,36.794],[126.643,36.794],[126.643,36.795],[126.638,36.801],[126.636,36.805],[126.634,36.807],[126.631,36.807],[126.631,36.808],[126.631,36.81],[126.632,36.812],[126.599,36.822],[126.599,36.828],[126.599,36.83],[126.591,36.838],[126.584,36.834],[126.58,36.827],[126.578,36.826],[126.576,36.826],[126.574,36.825],[126.569,36.828],[126.568,36.829],[126.567,36.829],[126.557,36.827],[126.555,36.825],[126.536,36.828],[126.532,36.826],[126.531,36.826],[126.53,36.826],[126.529,36.826],[126.526,36.827],[126.51,36.858],[126.509,36.871],[126.508,36.871],[126.507,36.871],[126.506,36.871],[126.505,36.871],[126.503,36.87],[126.501,36.871],[126.498,36.871],[126.489,36.874],[126.485,36.876],[126.484,36.876],[126.484,36.875],[126.48,36.878],[126.475,36.881],[126.474,36.881],[126.474,36.895],[126.49,36.943],[126.481,36.978],[126.463,37.003]]]},"properties":{"name":"서산시","code":"34050","grp":"34050"}},
{"type":"Feature","geometry":{"type":"Polygon","coordinates":[[[127.281,36.246],[127.248,36.232],[127.236,36.256],[127.221,36.262],[127.202,36.251],[127.197,36.279],[127.206,36.302],[127.196,36.335],[127.179,36.331],[127.141,36.307],[127.121,36.318],[127.108,36.34],[127.067,36.294],[127.066,36.277],[127.064,36.256],[127.04,36.246],[127.015,36.212],[126.984,36.208],[126.989,36.183],[127.006,36.15],[127.024,36.137],[127.035,36.139],[127.063,36.125],[127.06,36.095],[127.09,36.072],[127.102,36.076],[127.131,36.066],[127.134,36.081],[127.135,36.084],[127.135,36.085],[127.137,36.086],[127.138,36.087],[127.139,36.087],[127.14,36.088],[127.146,36.09],[127.147,36.09],[127.149,36.09],[127.151,36.09],[127.153,36.086],[127.158,36.084],[127.171,36.087],[127.174,36.089],[127.175,36.089],[127.175,36.09],[127.177,36.091],[127.179,36.094],[127.18,36.095],[127.182,36.095],[127.184,36.094],[127.187,36.092],[127.191,36.088],[127.193,36.087],[127.195,36.086],[127.198,36.086],[127.199,36.086],[127.199,36.087],[127.202,36.088],[127.205,36.1],[127.215,36.098],[127.217,36.097],[127.218,36.097],[127.219,36.097],[127.22,36.097],[127.222,36.097],[127.223,36.098],[127.223,36.099],[127.226,36.099],[127.235,36.094],[127.242,36.085],[127.246,36.083],[127.248,36.083],[127.249,36.083],[127.255,36.087],[127.246,36.096],[127.246,36.101],[127.246,36.102],[127.246,36.103],[127.246,36.105],[127.252,36.113],[127.273,36.107],[127.285,36.112],[127.289,36.113],[127.291,36.112],[127.292,36.112],[127.294,36.114],[127.297,36.123],[127.302,36.125],[127.304,36.125],[127.305,36.126],[127.319,36.12],[127.319,36.124],[127.323,36.127],[127.323,36.129],[127.323,36.131],[127.32,36.171],[127.332,36.184],[127.316,36.221],[127.294,36.223],[127.281,36.246]]]},"properties":{"name":"논산시","code":"34060","grp":"34060"}},
{"type":"Feature","geometry":{"type":"Polygon","coordinates":[[[127.292,36.264],[127.259,36.276],[127.26,36.327],[127.237,36.348],[127.208,36.348],[127.196,36.335],[127.206,36.302],[127.197,36.279],[127.202,36.251],[127.221,36.262],[127.236,36.256],[127.248,36.232],[127.281,36.246],[127.292,36.264]]]},"properties":{"name":"계룡시","code":"34070","grp":"34070"}},
{"type":"Feature","geometry":{"type":"MultiPolygon","coordinates":[[[[126.845,36.884],[126.817,36.896],[126.813,36.923],[126.793,36.935],[126.78,36.967],[126.783,36.975],[126.75,36.987],[126.695,37],[126.634,37.001],[126.559,37.033],[126.528,37.043],[126.519,37.06],[126.489,37.06],[126.464,37.017],[126.463,37.003],[126.481,36.978],[126.49,36.943],[126.474,36.895],[126.474,36.881],[126.475,36.881],[126.48,36.878],[126.484,36.875],[126.484,36.876],[126.485,36.876],[126.489,36.874],[126.498,36.871],[126.501,36.871],[126.503,36.87],[126.505,36.871],[126.506,36.871],[126.507,36.871],[126.508,36.871],[126.509,36.871],[126.51,36.858],[126.526,36.827],[126.529,36.826],[126.53,36.826],[126.531,36.826],[126.532,36.826],[126.536,36.828],[126.555,36.825],[126.557,36.827],[126.567,36.829],[126.568,36.829],[126.569,36.828],[126.574,36.825],[126.576,36.826],[126.578,36.826],[126.58,36.827],[126.584,36.834],[126.591,36.838],[126.599,36.83],[126.599,36.828],[126.599,36.822],[126.632,36.812],[126.631,36.81],[126.631,36.808],[126.631,36.807],[126.634,36.807],[126.636,36.805],[126.638,36.801],[126.643,36.795],[126.643,36.794],[126.644,36.794],[126.645,36.791],[126.647,36.788],[126.65,36.782],[126.65,36.78],[126.654,36.775],[126.657,36.776],[126.659,36.773],[126.66,36.772],[126.66,36.771],[126.663,36.77],[126.665,36.771],[126.667,36.774],[126.669,36.778],[126.668,36.779],[126.669,36.78],[126.669,36.781],[126.676,36.784],[126.677,36.784],[126.68,36.784],[126.684,36.782],[126.692,36.784],[126.694,36.785],[126.697,36.793],[126.697,36.795],[126.697,36.796],[126.697,36.797],[126.695,36.799],[126.696,36.801],[126.714,36.804],[126.716,36.802],[126.719,36.8],[126.722,36.799],[126.728,36.796],[126.744,36.778],[126.745,36.772],[126.745,36.771],[126.747,36.767],[126.75,36.766],[126.754,36.766],[126.759,36.763],[126.769,36.754],[126.772,36.751],[126.772,36.749],[126.774,36.751],[126.776,36.754],[126.779,36.756],[126.783,36.76],[126.784,36.761],[126.794,36.768],[126.799,36.766],[126.801,36.766],[126.802,36.768],[126.802,36.769],[126.801,36.771],[126.8,36.772],[126.8,36.773],[126.799,36.773],[126.799,36.774],[126.8,36.774],[126.801,36.775],[126.802,36.775],[126.804,36.774],[126.805,36.773],[126.806,36.772],[126.808,36.771],[126.809,36.77],[126.81,36.77],[126.811,36.77],[126.813,36.773],[126.814,36.773],[126.821,36.776],[126.822,36.776],[126.823,36.776],[126.825,36.777],[126.835,36.786],[126.856,36.789],[126.859,36.794],[126.858,36.8],[126.858,36.801],[126.837,36.83],[126.837,36.842],[126.843,36.878],[126.845,36.884]]],[[[126.428,37.064],[126.422,37.041],[126.45,37.044],[126.444,37.062],[126.428,37.064]]]]},"properties":{"name":"당진시","code":"34080","grp":"34080"}},
{"type":"Feature","geometry":{"type":"Polygon","coordinates":[[[127.422,36.208],[127.411,36.217],[127.386,36.251],[127.39,36.262],[127.372,36.272],[127.363,36.269],[127.36,36.225],[127.34,36.189],[127.332,36.184],[127.32,36.171],[127.323,36.131],[127.327,36.131],[127.329,36.131],[127.34,36.129],[127.355,36.108],[127.354,36.106],[127.353,36.106],[127.353,36.105],[127.35,36.104],[127.348,36.098],[127.349,36.095],[127.36,36.089],[127.357,36.082],[127.364,36.065],[127.361,36.054],[127.374,36.041],[127.378,36.031],[127.376,36.023],[127.378,36.023],[127.38,36.022],[127.382,36.021],[127.384,36.021],[127.392,36.017],[127.401,36.009],[127.435,36.029],[127.437,36.009],[127.457,35.983],[127.468,35.988],[127.488,35.978],[127.524,35.985],[127.537,35.996],[127.539,36.026],[127.552,36.033],[127.575,36.023],[127.591,36.025],[127.6,36.012],[127.619,36.008],[127.624,36.067],[127.638,36.068],[127.617,36.094],[127.617,36.105],[127.589,36.134],[127.59,36.143],[127.595,36.153],[127.599,36.155],[127.601,36.158],[127.601,36.159],[127.602,36.16],[127.601,36.161],[127.601,36.169],[127.593,36.177],[127.598,36.185],[127.592,36.195],[127.598,36.218],[127.585,36.23],[127.55,36.238],[127.533,36.251],[127.518,36.241],[127.493,36.238],[127.467,36.222],[127.456,36.201],[127.444,36.195],[127.422,36.208]]]},"properties":{"name":"금산군","code":"34310","grp":"34310"}},
{"type":"Feature","geometry":{"type":"Polygon","coordinates":[[[126.977,36.335],[126.964,36.334],[126.927,36.314],[126.911,36.327],[126.862,36.321],[126.859,36.344],[126.835,36.364],[126.85,36.385],[126.83,36.385],[126.809,36.376],[126.804,36.364],[126.766,36.353],[126.754,36.356],[126.739,36.366],[126.735,36.379],[126.727,36.376],[126.725,36.376],[126.725,36.375],[126.724,36.371],[126.71,36.369],[126.705,36.366],[126.703,36.362],[126.704,36.354],[126.704,36.351],[126.703,36.35],[126.702,36.349],[126.7,36.349],[126.7,36.348],[126.699,36.347],[126.699,36.346],[126.7,36.344],[126.696,36.334],[126.684,36.322],[126.694,36.269],[126.719,36.259],[126.728,36.257],[126.733,36.257],[126.735,36.256],[126.736,36.255],[126.738,36.254],[126.739,36.254],[126.739,36.253],[126.738,36.251],[126.738,36.25],[126.736,36.243],[126.737,36.241],[126.734,36.238],[126.732,36.237],[126.718,36.235],[126.715,36.229],[126.716,36.219],[126.704,36.209],[126.699,36.203],[126.694,36.193],[126.692,36.19],[126.693,36.19],[126.694,36.189],[126.7,36.182],[126.7,36.179],[126.721,36.175],[126.734,36.182],[126.781,36.184],[126.796,36.179],[126.791,36.142],[126.816,36.135],[126.84,36.117],[126.841,36.081],[126.871,36.072],[126.874,36.11],[126.882,36.131],[126.901,36.142],[126.92,36.136],[126.939,36.151],[126.963,36.156],[126.977,36.149],[127.006,36.15],[126.989,36.183],[126.984,36.208],[127.015,36.212],[127.04,36.246],[127.064,36.256],[127.066,36.277],[127.028,36.282],[127.015,36.295],[126.996,36.298],[126.977,36.335]]]},"properties":{"name":"부여군","code":"34330","grp":"34330"}},
{"type":"Feature","geometry":{"type":"Polygon","coordinates":[[[126.52589189189189,36.187108108108106],[126.525,36.187],[126.52,36.152],[126.539,36.148],[126.56,36.129],[126.568,36.139],[126.591,36.129],[126.608,36.101],[126.631,36.1],[126.631,36.055],[126.646,36.053],[126.669,36.031],[126.661,36.011],[126.736,36],[126.748,36.026],[126.749,36.026],[126.757,36.026],[126.762,36.026],[126.765,36.027],[126.767,36.029],[126.768,36.029],[126.77,36.03],[126.794,36.032],[126.8,36.033],[126.801,36.033],[126.803,36.034],[126.808,36.036],[126.812,36.039],[126.812,36.04],[126.814,36.041],[126.821,36.05],[126.865,36.061],[126.871,36.072],[126.841,36.081],[126.84,36.117],[126.816,36.135],[126.791,36.142],[126.796,36.179],[126.781,36.184],[126.734,36.182],[126.721,36.175],[126.7,36.179],[126.7,36.182],[126.694,36.189],[126.693,36.19],[126.692,36.19],[126.69,36.189],[126.688,36.189],[126.687,36.189],[126.685,36.189],[126.685,36.188],[126.683,36.187],[126.681,36.182],[126.672,36.178],[126.671,36.178],[126.667,36.176],[126.665,36.177],[126.661,36.178],[126.66,36.178],[126.659,36.178],[126.658,36.18],[126.658,36.181],[126.657,36.181],[126.656,36.181],[126.655,36.181],[126.653,36.181],[126.641,36.176],[126.64,36.177],[126.636,36.176],[126.632,36.176],[126.631,36.176],[126.63,36.175],[126.629,36.174],[126.629,36.173],[126.619,36.175],[126.618,36.174],[126.617,36.174],[126.614,36.172],[126.608,36.173],[126.605,36.174],[126.602,36.175],[126.6,36.175],[126.599,36.175],[126.598,36.175],[126.594,36.175],[126.578,36.179],[126.564,36.192],[126.53769230769231,36.188538461538464],[126.526,36.187],[126.52589189189189,36.187108108108106]]]},"properties":{"name":"서천군","code":"34340","grp":"34340"}},
{"type":"Feature","geometry":{"type":"Polygon","coordinates":[[[126.899,36.56],[126.872,36.57],[126.85,36.57],[126.832,36.549],[126.825,36.529],[126.773,36.534],[126.765,36.511],[126.749,36.501],[126.741,36.478],[126.702,36.479],[126.69,36.47],[126.679,36.464],[126.676,36.462],[126.674,36.462],[126.673,36.462],[126.672,36.462],[126.675,36.46],[126.675,36.456],[126.675,36.455],[126.675,36.454],[126.677,36.451],[126.677,36.45],[126.678,36.45],[126.681,36.448],[126.688,36.448],[126.689,36.446],[126.689,36.445],[126.686,36.441],[126.685,36.439],[126.684,36.439],[126.684,36.438],[126.684,36.436],[126.692,36.429],[126.691,36.41],[126.697,36.407],[126.703,36.405],[126.705,36.405],[126.706,36.405],[126.706,36.404],[126.707,36.404],[126.709,36.402],[126.71,36.401],[126.71,36.396],[126.716,36.394],[126.711,36.388],[126.715,36.383],[126.72,36.38],[126.721,36.379],[126.722,36.378],[126.725,36.375],[126.725,36.376],[126.727,36.376],[126.735,36.379],[126.739,36.366],[126.754,36.356],[126.766,36.353],[126.804,36.364],[126.809,36.376],[126.83,36.385],[126.85,36.385],[126.835,36.364],[126.859,36.344],[126.862,36.321],[126.911,36.327],[126.927,36.314],[126.964,36.334],[126.977,36.335],[126.988,36.348],[126.993,36.376],[127.026,36.397],[127.024,36.424],[126.998,36.459],[126.956,36.467],[126.931,36.455],[126.893,36.479],[126.894,36.504],[126.884,36.513],[126.893,36.527],[126.89,36.541],[126.899,36.56]]]},"properties":{"name":"청양군","code":"34350","grp":"34350"}},
{"type":"Feature","geometry":{"type":"Polygon","coordinates":[[[126.602,36.479],[126.603,36.479],[126.611,36.483],[126.615,36.486],[126.615,36.488],[126.615,36.49],[126.617,36.489],[126.616,36.487],[126.615,36.485],[126.615,36.484],[126.616,36.484],[126.617,36.483],[126.617,36.482],[126.619,36.48],[126.62,36.48],[126.623,36.478],[126.631,36.477],[126.632,36.476],[126.633,36.473],[126.634,36.467],[126.654,36.467],[126.658,36.46],[126.666,36.462],[126.672,36.462],[126.673,36.462],[126.674,36.462],[126.676,36.462],[126.679,36.464],[126.69,36.47],[126.702,36.479],[126.741,36.478],[126.749,36.501],[126.765,36.511],[126.773,36.534],[126.759,36.527],[126.741,36.537],[126.748,36.557],[126.748,36.58],[126.771,36.597],[126.76,36.619],[126.725,36.668],[126.709,36.672],[126.69,36.66],[126.628,36.65],[126.606,36.625],[126.587,36.638],[126.596,36.653],[126.589,36.664],[126.561,36.644],[126.536,36.646],[126.497,36.631],[126.453,36.626],[126.441,36.6],[126.455,36.595],[126.471,36.56],[126.464,36.548],[126.49,36.522],[126.501,36.532],[126.529,36.521],[126.547,36.507],[126.564,36.508],[126.565,36.508],[126.566,36.508],[126.566,36.507],[126.565,36.506],[126.566,36.503],[126.567,36.503],[126.572,36.502],[126.573,36.502],[126.577,36.505],[126.578,36.505],[126.58,36.505],[126.585,36.507],[126.59,36.509],[126.591,36.509],[126.593,36.507],[126.593,36.506],[126.593,36.505],[126.593,36.504],[126.593,36.503],[126.594,36.502],[126.596,36.501],[126.597,36.499],[126.597,36.497],[126.598,36.494],[126.598,36.493],[126.599,36.492],[126.599,36.491],[126.6,36.49],[126.602,36.489],[126.602,36.488],[126.6,36.486],[126.599,36.481],[126.599,36.479],[126.602,36.479]]]},"properties":{"name":"홍성군","code":"34360","grp":"34360"}},
{"type":"Feature","geometry":{"type":"Polygon","coordinates":[[[126.968,36.679],[126.967,36.695],[126.95,36.704],[126.922,36.701],[126.904,36.709],[126.887,36.731],[126.867,36.729],[126.859,36.747],[126.838,36.754],[126.829,36.772],[126.835,36.786],[126.825,36.777],[126.823,36.776],[126.822,36.776],[126.821,36.776],[126.814,36.773],[126.813,36.773],[126.811,36.77],[126.81,36.77],[126.809,36.77],[126.808,36.771],[126.806,36.772],[126.805,36.773],[126.804,36.774],[126.802,36.775],[126.801,36.775],[126.8,36.774],[126.799,36.774],[126.799,36.773],[126.8,36.773],[126.8,36.772],[126.801,36.771],[126.802,36.769],[126.802,36.768],[126.801,36.766],[126.799,36.766],[126.794,36.768],[126.784,36.761],[126.783,36.76],[126.779,36.756],[126.776,36.754],[126.774,36.751],[126.772,36.749],[126.772,36.751],[126.769,36.754],[126.759,36.763],[126.754,36.766],[126.75,36.766],[126.747,36.767],[126.745,36.771],[126.745,36.772],[126.744,36.778],[126.728,36.796],[126.722,36.799],[126.719,36.8],[126.716,36.802],[126.714,36.804],[126.696,36.801],[126.695,36.799],[126.697,36.797],[126.697,36.796],[126.697,36.795],[126.697,36.793],[126.694,36.785],[126.692,36.784],[126.684,36.782],[126.68,36.784],[126.677,36.784],[126.676,36.784],[126.669,36.781],[126.669,36.78],[126.668,36.779],[126.669,36.778],[126.667,36.774],[126.665,36.771],[126.663,36.77],[126.66,36.771],[126.66,36.772],[126.659,36.773],[126.657,36.776],[126.654,36.775],[126.645,36.752],[126.602,36.72],[126.61,36.704],[126.589,36.664],[126.596,36.653],[126.587,36.638],[126.606,36.625],[126.628,36.65],[126.69,36.66],[126.709,36.672],[126.725,36.668],[126.76,36.619],[126.771,36.597],[126.748,36.58],[126.748,36.557],[126.741,36.537],[126.759,36.527],[126.773,36.534],[126.825,36.529],[126.832,36.549],[126.85,36.57],[126.872,36.57],[126.899,36.56],[126.931,36.592],[126.937,36.624],[126.955,36.645],[126.957,36.672],[126.968,36.679]]]},"properties":{"name":"예산군","code":"34370","grp":"34370"}},
{"type":"Feature","geometry":{"type":"MultiPolygon","coordinates":[[[[126.375,36.597],[126.359,36.612],[126.322,36.598],[126.314,36.571],[126.328,36.555],[126.332,36.485],[126.324,36.468],[126.333,36.447],[126.358,36.44],[126.355,36.425],[126.372,36.411],[126.39,36.422],[126.418,36.406],[126.434,36.418],[126.417,36.462],[126.399,36.497],[126.402,36.505],[126.375,36.542],[126.375,36.597]]],[[[126.335,36.815],[126.295,36.824],[126.293,36.843],[126.312,36.873],[126.319,36.903],[126.3,36.919],[126.302,36.941],[126.31,36.956],[126.305,36.974],[126.286,36.969],[126.294,36.929],[126.277,36.898],[126.243,36.911],[126.203,36.9],[126.188,36.87],[126.199,36.856],[126.189,36.84],[126.184,36.813],[126.172,36.812],[126.159,36.83],[126.146,36.792],[126.136,36.776],[126.114,36.774],[126.141,36.724],[126.159,36.756],[126.185,36.753],[126.222,36.722],[126.218,36.711],[126.195,36.706],[126.167,36.717],[126.15,36.694],[126.156,36.678],[126.194,36.676],[126.211,36.694],[126.232,36.696],[126.235,36.718],[126.253,36.718],[126.269,36.73],[126.273,36.703],[126.262,36.697],[126.265,36.674],[126.284,36.672],[126.301,36.638],[126.289,36.615],[126.292,36.585],[126.322,36.6],[126.34,36.616],[126.36,36.625],[126.352,36.66],[126.347,36.68],[126.343,36.747],[126.345,36.753],[126.346,36.755],[126.347,36.756],[126.348,36.759],[126.349,36.765],[126.351,36.768],[126.348,36.776],[126.348,36.778],[126.349,36.779],[126.349,36.78],[126.353,36.783],[126.355,36.788],[126.355,36.79],[126.352,36.793],[126.351,36.797],[126.342,36.806],[126.338,36.812],[126.336,36.814],[126.335,36.815]]]]},"properties":{"name":"태안군","code":"34380","grp":"34380"}},
{"type":"Feature","geometry":{"type":"Polygon","coordinates":[[[127.085,35.729],[127.091,35.736],[127.093,35.736],[127.094,35.737],[127.095,35.737],[127.096,35.737],[127.096,35.738],[127.096,35.739],[127.096,35.742],[127.096,35.745],[127.103,35.752],[127.105,35.753],[127.114,35.75],[127.117,35.749],[127.117,35.75],[127.118,35.751],[127.118,35.752],[127.119,35.752],[127.121,35.752],[127.124,35.753],[127.126,35.754],[127.13,35.755],[127.13,35.756],[127.131,35.756],[127.132,35.757],[127.133,35.758],[127.137,35.761],[127.162,35.783],[127.171,35.78],[127.173,35.779],[127.177,35.776],[127.178,35.775],[127.179,35.775],[127.184,35.779],[127.185,35.779],[127.187,35.779],[127.188,35.779],[127.191,35.777],[127.192,35.776],[127.194,35.774],[127.196,35.774],[127.199,35.775],[127.202,35.785],[127.217,35.802],[127.228,35.808],[127.208,35.829],[127.209,35.832],[127.21,35.833],[127.21,35.839],[127.21,35.841],[127.208,35.844],[127.205,35.845],[127.198,35.858],[127.194,35.861],[127.193,35.86],[127.192,35.86],[127.189,35.859],[127.188,35.855],[127.185,35.854],[127.184,35.854],[127.182,35.855],[127.181,35.855],[127.178,35.853],[127.175,35.854],[127.174,35.854],[127.172,35.854],[127.168,35.854],[127.16,35.871],[127.156,35.876],[127.155,35.877],[127.154,35.878],[127.153,35.878],[127.151,35.879],[127.146,35.895],[127.137,35.902],[127.136,35.902],[127.135,35.902],[127.132,35.903],[127.124,35.901],[127.121,35.903],[127.12,35.903],[127.119,35.903],[127.117,35.902],[127.115,35.9],[127.11,35.898],[127.1,35.895],[127.087,35.893],[127.062,35.9],[127.054,35.892],[127.05,35.892],[127.048,35.893],[127.046,35.894],[127.046,35.895],[127.044,35.896],[127.043,35.898],[127.038,35.898],[127.001,35.893],[126.998,35.884],[127.006,35.866],[127.007,35.866],[127.008,35.866],[127.01,35.865],[127.011,35.864],[127.014,35.862],[127.017,35.861],[127.018,35.862],[127.023,35.865],[127.028,35.862],[127.05,35.852],[127.053,35.847],[127.054,35.844],[127.055,35.842],[127.056,35.84],[127.058,35.84],[127.058,35.839],[127.059,35.838],[127.059,35.833],[127.065,35.825],[127.066,35.822],[127.069,35.815],[127.067,35.815],[127.068,35.81],[127.068,35.808],[127.068,35.807],[127.065,35.791],[127.073,35.774],[127.054,35.764],[127.085,35.729]]]},"properties":{"name":"전주시","code":"35011","grp":"35010"}},
{"type":"Feature","geometry":{"type":"Polygon","coordinates":[[[126.748,36.026],[126.756,36.011],[126.747,35.992],[126.729,35.985],[126.704,35.994],[126.682,35.984],[126.642,35.979],[126.526,35.974],[126.522,35.948],[126.534,35.934],[126.564,35.936],[126.566,35.923],[126.588,35.921],[126.588,35.948],[126.616,35.943],[126.612,35.903],[126.623,35.886],[126.668,35.884],[126.675,35.889],[126.676,35.87],[126.684,35.87],[126.685,35.87],[126.687,35.871],[126.691,35.871],[126.717,35.874],[126.757,35.88],[126.763,35.877],[126.766,35.876],[126.768,35.876],[126.779,35.877],[126.79,35.878],[126.79,35.883],[126.79,35.893],[126.79,35.896],[126.794,35.897],[126.797,35.898],[126.801,35.899],[126.818,35.904],[126.824,35.905],[126.832,35.909],[126.834,35.91],[126.838,35.912],[126.843,35.918],[126.848,35.918],[126.85,35.917],[126.851,35.917],[126.863,35.921],[126.87,35.927],[126.873,35.93],[126.874,35.931],[126.878,35.933],[126.883,35.948],[126.884,35.949],[126.889,35.952],[126.89,35.953],[126.891,35.953],[126.892,35.954],[126.894,35.955],[126.893,35.956],[126.893,35.957],[126.892,35.958],[126.891,35.958],[126.885,35.961],[126.903,35.972],[126.903,35.973],[126.902,35.978],[126.903,35.979],[126.905,35.98],[126.909,35.981],[126.908,35.987],[126.912,35.989],[126.913,35.99],[126.913,35.991],[126.914,35.994],[126.915,35.997],[126.915,36.001],[126.915,36.004],[126.914,36.005],[126.908,36.007],[126.903,36.008],[126.902,36.008],[126.901,36.008],[126.87,36.033],[126.873,36.044],[126.871,36.044],[126.87,36.045],[126.869,36.045],[126.869,36.046],[126.865,36.055],[126.865,36.056],[126.866,36.057],[126.865,36.061],[126.821,36.05],[126.814,36.041],[126.812,36.04],[126.812,36.039],[126.808,36.036],[126.803,36.034],[126.801,36.033],[126.8,36.033],[126.794,36.032],[126.77,36.03],[126.768,36.029],[126.767,36.029],[126.765,36.027],[126.762,36.026],[126.757,36.026],[126.749,36.026],[126.748,36.026]]]},"properties":{"name":"군산시","code":"35020","grp":"35020"}},
{"type":"Feature","geometry":{"type":"Polygon","coordinates":[[[127.006,36.15],[126.977,36.149],[126.963,36.156],[126.939,36.151],[126.92,36.136],[126.901,36.142],[126.882,36.131],[126.874,36.11],[126.871,36.072],[126.865,36.061],[126.866,36.057],[126.865,36.056],[126.865,36.055],[126.869,36.046],[126.869,36.045],[126.87,36.045],[126.871,36.044],[126.873,36.044],[126.87,36.033],[126.901,36.008],[126.902,36.008],[126.903,36.008],[126.908,36.007],[126.914,36.005],[126.915,36.004],[126.915,36.001],[126.915,35.997],[126.914,35.994],[126.913,35.991],[126.913,35.99],[126.912,35.989],[126.908,35.987],[126.909,35.981],[126.905,35.98],[126.903,35.979],[126.902,35.978],[126.903,35.973],[126.903,35.972],[126.885,35.961],[126.891,35.958],[126.892,35.958],[126.893,35.957],[126.893,35.956],[126.894,35.955],[126.892,35.954],[126.891,35.953],[126.89,35.953],[126.889,35.952],[126.884,35.949],[126.883,35.948],[126.878,35.933],[126.874,35.931],[126.873,35.93],[126.87,35.927],[126.863,35.921],[126.851,35.917],[126.852,35.913],[126.853,35.91],[126.861,35.906],[126.896,35.912],[126.909,35.903],[126.935,35.914],[126.962,35.902],[126.988,35.897],[126.998,35.884],[127.001,35.893],[127.038,35.898],[127.033,35.906],[127.029,35.917],[127.041,35.926],[127.054,35.922],[127.055,35.922],[127.056,35.922],[127.057,35.921],[127.061,35.919],[127.062,35.918],[127.063,35.917],[127.065,35.916],[127.066,35.916],[127.067,35.916],[127.081,35.921],[127.092,35.93],[127.106,35.961],[127.11,35.986],[127.108,35.99],[127.108,35.993],[127.107,35.995],[127.108,35.996],[127.11,35.997],[127.113,35.999],[127.12,36.002],[127.123,36.005],[127.124,36.005],[127.125,36.005],[127.126,36.012],[127.122,36.015],[127.122,36.017],[127.121,36.02],[127.116,36.024],[127.116,36.025],[127.118,36.026],[127.116,36.031],[127.14,36.057],[127.131,36.066],[127.102,36.076],[127.09,36.072],[127.06,36.095],[127.063,36.125],[127.035,36.139],[127.024,36.137],[127.006,36.15]]]},"properties":{"name":"익산시","code":"35030","grp":"35030"}},
{"type":"Feature","geometry":{"type":"Polygon","coordinates":[[[127.064,35.677],[127.062,35.674],[127.062,35.673],[127.062,35.672],[127.061,35.671],[127.061,35.67],[127.06,35.67],[127.059,35.671],[127.055,35.669],[127.041,35.667],[127.038,35.667],[127.037,35.667],[127.036,35.668],[127.035,35.668],[127.031,35.666],[127.03,35.666],[127.029,35.667],[127.027,35.668],[127.025,35.668],[127.022,35.669],[127.016,35.676],[127.015,35.677],[127.014,35.677],[127.01,35.678],[127.002,35.685],[127.002,35.686],[127.001,35.686],[127,35.686],[126.999,35.686],[126.997,35.687],[126.994,35.689],[126.991,35.69],[126.993,35.694],[126.993,35.699],[126.989,35.706],[126.986,35.707],[126.982,35.713],[126.982,35.714],[126.981,35.715],[126.978,35.716],[126.976,35.717],[126.972,35.719],[126.971,35.719],[126.969,35.72],[126.968,35.721],[126.953,35.725],[126.943,35.722],[126.942,35.722],[126.939,35.722],[126.936,35.722],[126.936,35.72],[126.935,35.721],[126.932,35.722],[126.931,35.726],[126.93,35.727],[126.93,35.728],[126.929,35.729],[126.929,35.73],[126.929,35.732],[126.925,35.737],[126.897,35.753],[126.882,35.748],[126.882,35.743],[126.882,35.741],[126.873,35.733],[126.87,35.731],[126.867,35.728],[126.852,35.726],[126.848,35.728],[126.843,35.727],[126.828,35.719],[126.827,35.715],[126.826,35.713],[126.826,35.712],[126.832,35.705],[126.833,35.701],[126.837,35.699],[126.839,35.698],[126.84,35.698],[126.841,35.698],[126.841,35.697],[126.841,35.696],[126.84,35.696],[126.839,35.696],[126.838,35.697],[126.836,35.692],[126.836,35.691],[126.835,35.688],[126.835,35.687],[126.833,35.686],[126.83,35.685],[126.829,35.684],[126.828,35.683],[126.827,35.681],[126.827,35.68],[126.826,35.68],[126.819,35.681],[126.819,35.682],[126.816,35.683],[126.814,35.683],[126.809,35.681],[126.806,35.676],[126.804,35.677],[126.804,35.678],[126.803,35.678],[126.801,35.681],[126.798,35.685],[126.796,35.683],[126.795,35.682],[126.792,35.678],[126.79,35.676],[126.789,35.676],[126.788,35.676],[126.787,35.675],[126.784,35.676],[126.783,35.676],[126.777,35.68],[126.773,35.684],[126.768,35.679],[126.765,35.673],[126.765,35.667],[126.765,35.664],[126.763,35.662],[126.762,35.662],[126.761,35.662],[126.76,35.663],[126.756,35.665],[126.755,35.667],[126.754,35.667],[126.752,35.668],[126.75,35.664],[126.744,35.666],[126.742,35.659],[126.742,35.658],[126.738,35.65],[126.728,35.649],[126.72,35.61],[126.722,35.601],[126.722,35.598],[126.721,35.596],[126.722,35.595],[126.723,35.593],[126.724,35.592],[126.724,35.584],[126.718,35.573],[126.74,35.568],[126.761,35.571],[126.761,35.533],[126.773,35.523],[126.765,35.492],[126.773,35.468],[126.814,35.469],[126.814,35.484],[126.843,35.478],[126.85,35.466],[126.869,35.462],[126.861,35.474],[126.881,35.484],[126.914,35.477],[126.936,35.482],[126.928,35.519],[126.947,35.529],[126.975,35.556],[126.993,35.537],[127.015,35.545],[127.061,35.511],[127.083,35.507],[127.11,35.509],[127.098,35.527],[127.116,35.538],[127.084,35.551],[127.092,35.57],[127.083,35.584],[127.105,35.596],[127.093,35.622],[127.09,35.653],[127.082,35.668],[127.068,35.677],[127.064,35.677]]]},"properties":{"name":"정읍시","code":"35040","grp":"35040"}},
{"type":"Feature","geometry":{"type":"Polygon","coordinates":[[[127.585,35.554],[127.573,35.546],[127.568,35.525],[127.58,35.502],[127.564,35.491],[127.559,35.471],[127.524,35.474],[127.527,35.496],[127.467,35.546],[127.424,35.55],[127.378,35.548],[127.364,35.558],[127.353,35.553],[127.343,35.551],[127.339,35.555],[127.338,35.555],[127.337,35.554],[127.336,35.554],[127.334,35.551],[127.341,35.544],[127.348,35.542],[127.35,35.535],[127.338,35.525],[127.342,35.522],[127.352,35.514],[127.353,35.513],[127.354,35.513],[127.354,35.512],[127.355,35.511],[127.355,35.506],[127.357,35.501],[127.356,35.5],[127.353,35.497],[127.341,35.496],[127.338,35.494],[127.337,35.494],[127.334,35.492],[127.333,35.492],[127.331,35.492],[127.33,35.494],[127.328,35.495],[127.327,35.495],[127.326,35.495],[127.326,35.496],[127.325,35.496],[127.322,35.494],[127.321,35.494],[127.32,35.494],[127.318,35.494],[127.317,35.495],[127.314,35.497],[127.312,35.496],[127.307,35.487],[127.307,35.484],[127.309,35.478],[127.311,35.469],[127.314,35.466],[127.298,35.444],[127.297,35.433],[127.294,35.43],[127.292,35.428],[127.292,35.426],[127.278,35.425],[127.277,35.424],[127.275,35.421],[127.274,35.421],[127.273,35.422],[127.263,35.426],[127.26,35.427],[127.252,35.417],[127.249,35.41],[127.25,35.409],[127.251,35.409],[127.247,35.401],[127.247,35.399],[127.246,35.399],[127.246,35.398],[127.245,35.398],[127.244,35.398],[127.241,35.399],[127.239,35.399],[127.236,35.399],[127.233,35.397],[127.233,35.398],[127.23,35.399],[127.228,35.399],[127.226,35.399],[127.225,35.398],[127.203,35.358],[127.196,35.358],[127.194,35.357],[127.193,35.356],[127.188,35.349],[127.187,35.343],[127.187,35.342],[127.188,35.342],[127.19,35.342],[127.194,35.34],[127.195,35.339],[127.194,35.339],[127.194,35.338],[127.193,35.338],[127.187,35.336],[127.188,35.323],[127.213,35.317],[127.221,35.335],[127.257,35.312],[127.287,35.314],[127.31,35.305],[127.354,35.322],[127.385,35.302],[127.437,35.363],[127.471,35.365],[127.497,35.36],[127.532,35.335],[127.577,35.309],[127.605,35.318],[127.621,35.333],[127.623,35.342],[127.61,35.366],[127.626,35.377],[127.636,35.399],[127.66,35.414],[127.674,35.445],[127.636,35.462],[127.637,35.478],[127.653,35.487],[127.619,35.537],[127.585,35.554]]]},"properties":{"name":"남원시","code":"35050","grp":"35050"}},
{"type":"Feature","geometry":{"type":"Polygon","coordinates":[[[127.065,35.791],[127.062,35.792],[127.061,35.792],[127.058,35.792],[127.057,35.791],[127.056,35.791],[127.049,35.795],[127.042,35.796],[127.042,35.798],[127.041,35.799],[127.04,35.799],[127.039,35.799],[127.038,35.798],[127.037,35.797],[127.036,35.798],[127.034,35.798],[127.033,35.798],[127.033,35.8],[127.029,35.802],[127.027,35.802],[127.025,35.8],[127.021,35.799],[127.021,35.8],[127.02,35.8],[127.019,35.8],[127.019,35.801],[127.016,35.803],[127.01,35.807],[127.006,35.808],[127,35.813],[126.999,35.815],[126.998,35.815],[126.998,35.82],[126.998,35.822],[126.998,35.823],[126.997,35.823],[126.997,35.824],[126.996,35.826],[126.995,35.828],[127.01,35.847],[127.008,35.856],[127.007,35.859],[127.007,35.86],[127.006,35.862],[127.006,35.865],[127.006,35.866],[126.998,35.884],[126.988,35.897],[126.962,35.902],[126.935,35.914],[126.909,35.903],[126.896,35.912],[126.861,35.906],[126.853,35.91],[126.852,35.913],[126.851,35.917],[126.85,35.917],[126.848,35.918],[126.843,35.918],[126.838,35.912],[126.834,35.91],[126.832,35.909],[126.824,35.905],[126.818,35.904],[126.801,35.899],[126.797,35.898],[126.794,35.897],[126.79,35.896],[126.79,35.893],[126.79,35.883],[126.79,35.878],[126.779,35.877],[126.768,35.876],[126.766,35.876],[126.763,35.877],[126.757,35.88],[126.717,35.874],[126.691,35.871],[126.687,35.871],[126.685,35.87],[126.684,35.87],[126.676,35.87],[126.683,35.842],[126.698,35.813],[126.763,35.797],[126.783,35.752],[126.807,35.745],[126.813,35.716],[126.827,35.715],[126.828,35.719],[126.843,35.727],[126.848,35.728],[126.852,35.726],[126.867,35.728],[126.87,35.731],[126.873,35.733],[126.882,35.741],[126.882,35.743],[126.882,35.748],[126.897,35.753],[126.925,35.737],[126.929,35.732],[126.929,35.73],[126.929,35.729],[126.93,35.728],[126.93,35.727],[126.931,35.726],[126.932,35.722],[126.935,35.721],[126.936,35.72],[126.936,35.722],[126.939,35.722],[126.942,35.722],[126.943,35.722],[126.953,35.725],[126.968,35.721],[126.969,35.72],[126.971,35.719],[126.972,35.719],[126.976,35.717],[126.978,35.716],[126.981,35.715],[126.982,35.714],[126.982,35.713],[126.986,35.707],[126.989,35.706],[126.993,35.699],[126.993,35.694],[126.991,35.69],[126.994,35.689],[126.997,35.687],[126.999,35.686],[127,35.686],[127.001,35.686],[127.002,35.686],[127.002,35.685],[127.01,35.678],[127.014,35.677],[127.015,35.677],[127.016,35.676],[127.022,35.669],[127.025,35.668],[127.027,35.668],[127.029,35.667],[127.03,35.666],[127.031,35.666],[127.035,35.668],[127.036,35.668],[127.037,35.667],[127.038,35.667],[127.041,35.667],[127.055,35.669],[127.059,35.671],[127.06,35.67],[127.061,35.67],[127.061,35.671],[127.062,35.672],[127.062,35.673],[127.062,35.674],[127.064,35.677],[127.069,35.69],[127.069,35.695],[127.065,35.697],[127.064,35.697],[127.06,35.702],[127.062,35.705],[127.07,35.712],[127.075,35.72],[127.085,35.729],[127.054,35.764],[127.073,35.774],[127.065,35.791]]]},"properties":{"name":"김제시","code":"35060","grp":"35060"}},
{"type":"Feature","geometry":{"type":"MultiPolygon","coordinates":[[[[127.006,35.866],[127.006,35.865],[127.006,35.862],[127.007,35.86],[127.007,35.859],[127.008,35.856],[127.01,35.847],[126.995,35.828],[126.996,35.826],[126.997,35.824],[126.997,35.823],[126.998,35.823],[126.998,35.822],[126.998,35.82],[126.998,35.815],[126.999,35.815],[127,35.813],[127.006,35.808],[127.01,35.807],[127.016,35.803],[127.019,35.801],[127.019,35.8],[127.02,35.8],[127.021,35.8],[127.021,35.799],[127.025,35.8],[127.027,35.802],[127.029,35.802],[127.033,35.8],[127.033,35.798],[127.034,35.798],[127.036,35.798],[127.037,35.797],[127.038,35.798],[127.039,35.799],[127.04,35.799],[127.041,35.799],[127.042,35.798],[127.042,35.796],[127.049,35.795],[127.056,35.791],[127.057,35.791],[127.058,35.792],[127.061,35.792],[127.062,35.792],[127.065,35.791],[127.068,35.807],[127.068,35.808],[127.068,35.81],[127.067,35.815],[127.069,35.815],[127.066,35.822],[127.065,35.825],[127.059,35.833],[127.059,35.838],[127.058,35.839],[127.058,35.84],[127.056,35.84],[127.055,35.842],[127.054,35.844],[127.053,35.847],[127.05,35.852],[127.028,35.862],[127.023,35.865],[127.018,35.862],[127.017,35.861],[127.014,35.862],[127.011,35.864],[127.01,35.865],[127.008,35.866],[127.007,35.866],[127.006,35.866]]],[[[127.131,36.066],[127.14,36.057],[127.116,36.031],[127.118,36.026],[127.116,36.025],[127.116,36.024],[127.121,36.02],[127.122,36.017],[127.122,36.015],[127.126,36.012],[127.125,36.005],[127.124,36.005],[127.123,36.005],[127.12,36.002],[127.113,35.999],[127.11,35.997],[127.108,35.996],[127.107,35.995],[127.108,35.993],[127.108,35.99],[127.11,35.986],[127.106,35.961],[127.092,35.93],[127.081,35.921],[127.067,35.916],[127.066,35.916],[127.065,35.916],[127.063,35.917],[127.062,35.918],[127.061,35.919],[127.057,35.921],[127.056,35.922],[127.055,35.922],[127.054,35.922],[127.041,35.926],[127.029,35.917],[127.033,35.906],[127.038,35.898],[127.043,35.898],[127.044,35.896],[127.046,35.895],[127.046,35.894],[127.048,35.893],[127.05,35.892],[127.054,35.892],[127.062,35.9],[127.087,35.893],[127.1,35.895],[127.11,35.898],[127.115,35.9],[127.117,35.902],[127.119,35.903],[127.12,35.903],[127.121,35.903],[127.124,35.901],[127.132,35.903],[127.135,35.902],[127.136,35.902],[127.137,35.902],[127.146,35.895],[127.151,35.879],[127.153,35.878],[127.154,35.878],[127.155,35.877],[127.156,35.876],[127.16,35.871],[127.168,35.854],[127.172,35.854],[127.174,35.854],[127.175,35.854],[127.178,35.853],[127.181,35.855],[127.182,35.855],[127.184,35.854],[127.185,35.854],[127.188,35.855],[127.189,35.859],[127.192,35.86],[127.193,35.86],[127.194,35.861],[127.198,35.858],[127.205,35.845],[127.208,35.844],[127.21,35.841],[127.21,35.839],[127.21,35.833],[127.209,35.832],[127.208,35.829],[127.228,35.808],[127.217,35.802],[127.202,35.785],[127.199,35.775],[127.196,35.774],[127.194,35.774],[127.192,35.776],[127.191,35.777],[127.188,35.779],[127.187,35.779],[127.185,35.779],[127.184,35.779],[127.179,35.775],[127.178,35.775],[127.177,35.776],[127.173,35.779],[127.171,35.78],[127.162,35.783],[127.137,35.761],[127.133,35.758],[127.132,35.757],[127.131,35.756],[127.13,35.756],[127.13,35.755],[127.126,35.754],[127.124,35.753],[127.121,35.752],[127.119,35.752],[127.118,35.752],[127.118,35.751],[127.117,35.75],[127.117,35.749],[127.114,35.75],[127.105,35.753],[127.103,35.752],[127.096,35.745],[127.096,35.742],[127.096,35.739],[127.096,35.738],[127.096,35.737],[127.095,35.737],[127.094,35.737],[127.093,35.736],[127.091,35.736],[127.085,35.729],[127.075,35.72],[127.07,35.712],[127.062,35.705],[127.06,35.702],[127.064,35.697],[127.065,35.697],[127.069,35.695],[127.069,35.69],[127.064,35.677],[127.068,35.677],[127.082,35.668],[127.09,35.653],[127.093,35.622],[127.102,35.619],[127.136,35.647],[127.125,35.691],[127.137,35.702],[127.139,35.719],[127.159,35.724],[127.177,35.738],[127.206,35.724],[127.258,35.692],[127.251,35.718],[127.257,35.73],[127.245,35.756],[127.254,35.766],[127.263,35.772],[127.265,35.777],[127.268,35.778],[127.269,35.778],[127.271,35.778],[127.274,35.781],[127.275,35.782],[127.276,35.783],[127.275,35.788],[127.275,35.789],[127.282,35.792],[127.287,35.793],[127.288,35.795],[127.291,35.797],[127.295,35.797],[127.298,35.798],[127.299,35.798],[127.303,35.8],[127.303,35.801],[127.303,35.802],[127.302,35.803],[127.299,35.804],[127.298,35.806],[127.295,35.809],[127.298,35.813],[127.298,35.814],[127.298,35.815],[127.297,35.817],[127.301,35.819],[127.303,35.82],[127.31,35.824],[127.311,35.825],[127.309,35.826],[127.309,35.83],[127.311,35.837],[127.31,35.837],[127.31,35.838],[127.311,35.842],[127.314,35.843],[127.318,35.845],[127.321,35.847],[127.321,35.851],[127.324,35.853],[127.325,35.857],[127.324,35.859],[127.322,35.861],[127.321,35.862],[127.319,35.863],[127.333,35.873],[127.332,35.883],[127.333,35.886],[127.335,35.888],[127.334,35.893],[127.332,35.899],[127.334,35.902],[127.334,35.906],[127.332,35.907],[127.332,35.908],[127.333,35.908],[127.338,35.908],[127.339,35.908],[127.34,35.908],[127.34,35.909],[127.342,35.909],[127.349,35.913],[127.351,35.913],[127.353,35.913],[127.354,35.913],[127.353,35.915],[127.351,35.917],[127.35,35.918],[127.351,35.921],[127.351,35.922],[127.349,35.927],[127.351,35.929],[127.351,35.932],[127.352,35.933],[127.351,35.935],[127.351,35.936],[127.35,35.936],[127.347,35.94],[127.348,35.942],[127.349,35.943],[127.35,35.944],[127.353,35.947],[127.353,35.948],[127.353,35.949],[127.353,35.95],[127.352,35.95],[127.351,35.952],[127.349,35.954],[127.346,35.956],[127.344,35.959],[127.344,35.981],[127.353,35.989],[127.356,35.989],[127.357,35.989],[127.36,35.99],[127.364,35.991],[127.362,35.994],[127.363,35.999],[127.363,36],[127.36,36.005],[127.361,36.011],[127.362,36.015],[127.363,36.015],[127.365,36.018],[127.366,36.02],[127.368,36.021],[127.372,36.02],[127.373,36.021],[127.374,36.021],[127.375,36.021],[127.375,36.022],[127.376,36.022],[127.376,36.023],[127.378,36.031],[127.374,36.041],[127.361,36.054],[127.364,36.065],[127.357,36.082],[127.36,36.089],[127.349,36.095],[127.348,36.098],[127.35,36.104],[127.353,36.105],[127.353,36.106],[127.354,36.106],[127.355,36.108],[127.34,36.129],[127.329,36.131],[127.327,36.131],[127.323,36.131],[127.323,36.129],[127.323,36.127],[127.319,36.124],[127.319,36.12],[127.305,36.126],[127.304,36.125],[127.302,36.125],[127.297,36.123],[127.294,36.114],[127.292,36.112],[127.291,36.112],[127.289,36.113],[127.285,36.112],[127.273,36.107],[127.252,36.113],[127.246,36.105],[127.246,36.103],[127.246,36.102],[127.246,36.101],[127.246,36.096],[127.255,36.087],[127.249,36.083],[127.248,36.083],[127.246,36.083],[127.242,36.085],[127.235,36.094],[127.226,36.099],[127.223,36.099],[127.223,36.098],[127.222,36.097],[127.22,36.097],[127.219,36.097],[127.218,36.097],[127.217,36.097],[127.215,36.098],[127.205,36.1],[127.202,36.088],[127.199,36.087],[127.199,36.086],[127.198,36.086],[127.195,36.086],[127.193,36.087],[127.191,36.088],[127.187,36.092],[127.184,36.094],[127.182,36.095],[127.18,36.095],[127.179,36.094],[127.177,36.091],[127.175,36.09],[127.175,36.089],[127.174,36.089],[127.171,36.087],[127.158,36.084],[127.153,36.086],[127.151,36.09],[127.149,36.09],[127.147,36.09],[127.146,36.09],[127.14,36.088],[127.139,36.087],[127.138,36.087],[127.137,36.086],[127.135,36.085],[127.135,36.084],[127.134,36.081],[127.131,36.066]]]]},"properties":{"name":"완주군","code":"35310","grp":"35310"}},
{"type":"Feature","geometry":{"type":"Polygon","coordinates":[[[127.376,36.023],[127.376,36.022],[127.375,36.022],[127.375,36.021],[127.374,36.021],[127.373,36.021],[127.372,36.02],[127.368,36.021],[127.366,36.02],[127.365,36.018],[127.363,36.015],[127.362,36.015],[127.361,36.011],[127.36,36.005],[127.363,36],[127.363,35.999],[127.362,35.994],[127.364,35.991],[127.36,35.99],[127.357,35.989],[127.356,35.989],[127.353,35.989],[127.344,35.981],[127.344,35.959],[127.346,35.956],[127.349,35.954],[127.351,35.952],[127.352,35.95],[127.353,35.95],[127.353,35.949],[127.353,35.948],[127.353,35.947],[127.35,35.944],[127.349,35.943],[127.348,35.942],[127.347,35.94],[127.35,35.936],[127.351,35.936],[127.351,35.935],[127.352,35.933],[127.351,35.932],[127.351,35.929],[127.349,35.927],[127.351,35.922],[127.351,35.921],[127.35,35.918],[127.351,35.917],[127.353,35.915],[127.354,35.913],[127.353,35.913],[127.351,35.913],[127.349,35.913],[127.342,35.909],[127.34,35.909],[127.34,35.908],[127.339,35.908],[127.338,35.908],[127.333,35.908],[127.332,35.908],[127.332,35.907],[127.334,35.906],[127.334,35.902],[127.332,35.899],[127.334,35.893],[127.335,35.888],[127.333,35.886],[127.332,35.883],[127.333,35.873],[127.319,35.863],[127.321,35.862],[127.322,35.861],[127.324,35.859],[127.325,35.857],[127.324,35.853],[127.321,35.851],[127.321,35.847],[127.318,35.845],[127.314,35.843],[127.311,35.842],[127.31,35.838],[127.31,35.837],[127.311,35.837],[127.309,35.83],[127.309,35.826],[127.311,35.825],[127.31,35.824],[127.303,35.82],[127.301,35.819],[127.297,35.817],[127.298,35.815],[127.298,35.814],[127.298,35.813],[127.295,35.809],[127.298,35.806],[127.299,35.804],[127.302,35.803],[127.303,35.802],[127.303,35.801],[127.303,35.8],[127.299,35.798],[127.298,35.798],[127.295,35.797],[127.291,35.797],[127.288,35.795],[127.287,35.793],[127.282,35.792],[127.275,35.789],[127.275,35.788],[127.276,35.783],[127.275,35.782],[127.274,35.781],[127.271,35.778],[127.272,35.777],[127.272,35.776],[127.272,35.774],[127.266,35.769],[127.293,35.718],[127.288,35.687],[127.306,35.685],[127.311,35.681],[127.316,35.678],[127.318,35.677],[127.319,35.676],[127.319,35.675],[127.32,35.675],[127.32,35.674],[127.322,35.671],[127.322,35.67],[127.324,35.663],[127.357,35.669],[127.358,35.669],[127.359,35.669],[127.36,35.668],[127.361,35.667],[127.362,35.667],[127.362,35.666],[127.362,35.665],[127.362,35.664],[127.363,35.663],[127.363,35.662],[127.364,35.661],[127.365,35.66],[127.366,35.66],[127.367,35.661],[127.368,35.663],[127.377,35.664],[127.378,35.664],[127.379,35.662],[127.378,35.658],[127.378,35.654],[127.38,35.654],[127.386,35.655],[127.389,35.655],[127.393,35.651],[127.4,35.65],[127.405,35.648],[127.406,35.647],[127.41,35.645],[127.419,35.641],[127.42,35.641],[127.421,35.64],[127.428,35.642],[127.432,35.637],[127.432,35.636],[127.433,35.635],[127.43,35.632],[127.43,35.63],[127.431,35.629],[127.432,35.628],[127.433,35.628],[127.434,35.627],[127.435,35.626],[127.435,35.624],[127.435,35.623],[127.436,35.622],[127.469,35.621],[127.466,35.638],[127.477,35.661],[127.46,35.673],[127.465,35.693],[127.477,35.701],[127.476,35.718],[127.523,35.756],[127.513,35.77],[127.511,35.795],[127.523,35.813],[127.553,35.808],[127.578,35.794],[127.599,35.805],[127.608,35.831],[127.62,35.839],[127.625,35.847],[127.599,35.872],[127.575,35.879],[127.585,35.897],[127.549,35.933],[127.553,35.947],[127.524,35.985],[127.488,35.978],[127.468,35.988],[127.457,35.983],[127.437,36.009],[127.435,36.029],[127.401,36.009],[127.392,36.017],[127.384,36.021],[127.382,36.021],[127.38,36.022],[127.378,36.023],[127.376,36.023]]]},"properties":{"name":"진안군","code":"35320","grp":"35320"}},
{"type":"Feature","geometry":{"type":"Polygon","coordinates":[[[127.638,36.068],[127.624,36.067],[127.619,36.008],[127.6,36.012],[127.591,36.025],[127.575,36.023],[127.552,36.033],[127.539,36.026],[127.537,35.996],[127.524,35.985],[127.553,35.947],[127.549,35.933],[127.585,35.897],[127.575,35.879],[127.599,35.872],[127.625,35.847],[127.62,35.839],[127.621,35.825],[127.646,35.813],[127.664,35.818],[127.687,35.804],[127.7,35.788],[127.719,35.797],[127.739,35.83],[127.827,35.868],[127.842,35.866],[127.854,35.881],[127.86,35.907],[127.885,35.91],[127.883,35.919],[127.884,35.925],[127.882,35.927],[127.882,35.929],[127.883,35.93],[127.884,35.93],[127.885,35.931],[127.886,35.932],[127.888,35.932],[127.889,35.932],[127.89,35.932],[127.892,35.932],[127.896,35.934],[127.899,35.938],[127.904,35.94],[127.906,35.941],[127.908,35.943],[127.911,35.949],[127.904,35.954],[127.893,35.987],[127.876,35.997],[127.877,36.023],[127.853,36.039],[127.849,36.04],[127.846,36.039],[127.845,36.039],[127.843,36.038],[127.842,36.037],[127.83,36.035],[127.824,36.032],[127.822,36.031],[127.82,36.03],[127.819,36.029],[127.797,36.025],[127.784,36.016],[127.783,36.017],[127.782,36.017],[127.78,36.016],[127.775,36.015],[127.773,36.014],[127.772,36.014],[127.77,36.013],[127.769,36.013],[127.768,36.012],[127.767,36.012],[127.766,36.012],[127.765,36.012],[127.763,36.013],[127.762,36.013],[127.759,36.016],[127.747,36.03],[127.704,36.034],[127.696,36.041],[127.695,36.046],[127.696,36.05],[127.696,36.054],[127.695,36.059],[127.693,36.058],[127.691,36.058],[127.689,36.063],[127.688,36.063],[127.687,36.063],[127.686,36.062],[127.685,36.062],[127.684,36.061],[127.681,36.058],[127.68,36.058],[127.678,36.057],[127.674,36.055],[127.67,36.051],[127.654,36.056],[127.638,36.068]]]},"properties":{"name":"무주군","code":"35330","grp":"35330"}},
{"type":"Feature","geometry":{"type":"Polygon","coordinates":[[[127.585,35.554],[127.596,35.574],[127.611,35.584],[127.614,35.609],[127.635,35.618],[127.62,35.643],[127.639,35.67],[127.642,35.693],[127.661,35.71],[127.662,35.761],[127.679,35.768],[127.7,35.788],[127.687,35.804],[127.664,35.818],[127.646,35.813],[127.621,35.825],[127.62,35.839],[127.608,35.831],[127.599,35.805],[127.578,35.794],[127.553,35.808],[127.523,35.813],[127.511,35.795],[127.513,35.77],[127.523,35.756],[127.476,35.718],[127.477,35.701],[127.465,35.693],[127.46,35.673],[127.477,35.661],[127.466,35.638],[127.469,35.621],[127.436,35.622],[127.425,35.615],[127.416,35.614],[127.412,35.615],[127.411,35.615],[127.41,35.615],[127.396,35.613],[127.387,35.615],[127.384,35.614],[127.382,35.613],[127.379,35.611],[127.377,35.61],[127.373,35.606],[127.379,35.578],[127.363,35.567],[127.362,35.562],[127.364,35.559],[127.364,35.558],[127.378,35.548],[127.424,35.55],[127.467,35.546],[127.527,35.496],[127.524,35.474],[127.559,35.471],[127.564,35.491],[127.58,35.502],[127.568,35.525],[127.573,35.546],[127.585,35.554]]]},"properties":{"name":"장수군","code":"35340","grp":"35340"}},
{"type":"Feature","geometry":{"type":"Polygon","coordinates":[[[127.11,35.509],[127.129,35.504],[127.144,35.462],[127.176,35.473],[127.196,35.488],[127.245,35.484],[127.271,35.473],[127.284,35.479],[127.292,35.476],[127.298,35.478],[127.302,35.478],[127.305,35.478],[127.309,35.478],[127.307,35.484],[127.307,35.487],[127.312,35.496],[127.314,35.497],[127.317,35.495],[127.318,35.494],[127.32,35.494],[127.321,35.494],[127.322,35.494],[127.325,35.496],[127.326,35.496],[127.326,35.495],[127.327,35.495],[127.328,35.495],[127.33,35.494],[127.331,35.492],[127.333,35.492],[127.334,35.492],[127.337,35.494],[127.338,35.494],[127.341,35.496],[127.353,35.497],[127.356,35.5],[127.357,35.501],[127.355,35.506],[127.355,35.511],[127.354,35.512],[127.354,35.513],[127.353,35.513],[127.352,35.514],[127.342,35.522],[127.338,35.525],[127.35,35.535],[127.348,35.542],[127.341,35.544],[127.334,35.551],[127.336,35.554],[127.337,35.554],[127.338,35.555],[127.339,35.555],[127.343,35.551],[127.353,35.553],[127.364,35.558],[127.364,35.559],[127.362,35.562],[127.363,35.567],[127.379,35.578],[127.373,35.606],[127.377,35.61],[127.379,35.611],[127.382,35.613],[127.384,35.614],[127.387,35.615],[127.396,35.613],[127.41,35.615],[127.411,35.615],[127.412,35.615],[127.416,35.614],[127.425,35.615],[127.436,35.622],[127.435,35.623],[127.435,35.624],[127.435,35.626],[127.434,35.627],[127.433,35.628],[127.432,35.628],[127.431,35.629],[127.43,35.63],[127.43,35.632],[127.433,35.635],[127.432,35.636],[127.432,35.637],[127.428,35.642],[127.421,35.64],[127.42,35.641],[127.419,35.641],[127.41,35.645],[127.406,35.647],[127.405,35.648],[127.4,35.65],[127.393,35.651],[127.389,35.655],[127.386,35.655],[127.38,35.654],[127.378,35.654],[127.378,35.658],[127.379,35.662],[127.378,35.664],[127.377,35.664],[127.368,35.663],[127.367,35.661],[127.366,35.66],[127.365,35.66],[127.364,35.661],[127.363,35.662],[127.363,35.663],[127.362,35.664],[127.362,35.665],[127.362,35.666],[127.362,35.667],[127.361,35.667],[127.36,35.668],[127.359,35.669],[127.358,35.669],[127.357,35.669],[127.324,35.663],[127.322,35.67],[127.322,35.671],[127.32,35.674],[127.32,35.675],[127.319,35.675],[127.319,35.676],[127.318,35.677],[127.316,35.678],[127.311,35.681],[127.306,35.685],[127.288,35.687],[127.293,35.718],[127.266,35.769],[127.272,35.774],[127.272,35.776],[127.272,35.777],[127.271,35.778],[127.269,35.778],[127.268,35.778],[127.265,35.777],[127.263,35.772],[127.254,35.766],[127.245,35.756],[127.257,35.73],[127.251,35.718],[127.258,35.692],[127.206,35.724],[127.177,35.738],[127.159,35.724],[127.139,35.719],[127.137,35.702],[127.125,35.691],[127.136,35.647],[127.102,35.619],[127.093,35.622],[127.105,35.596],[127.083,35.584],[127.092,35.57],[127.084,35.551],[127.116,35.538],[127.098,35.527],[127.11,35.509]]]},"properties":{"name":"임실군","code":"35350","grp":"35350"}},
{"type":"Feature","geometry":{"type":"Polygon","coordinates":[[[126.869,35.462],[126.897,35.448],[126.902,35.423],[126.919,35.402],[126.935,35.395],[126.963,35.395],[126.97,35.397],[126.974,35.4],[126.975,35.4],[126.976,35.4],[126.976,35.401],[126.977,35.404],[126.976,35.407],[126.971,35.415],[126.97,35.423],[126.971,35.425],[126.971,35.427],[126.971,35.428],[126.995,35.44],[127.014,35.458],[127.035,35.467],[127.037,35.434],[127.045,35.433],[127.049,35.431],[127.052,35.427],[127.052,35.426],[127.051,35.425],[127.05,35.422],[127.048,35.419],[127.045,35.407],[127.047,35.402],[127.043,35.399],[127.042,35.399],[127.033,35.4],[127.027,35.4],[127.027,35.399],[127.027,35.395],[127.03,35.39],[127.047,35.377],[127.055,35.383],[127.071,35.365],[127.07,35.34],[127.07,35.339],[127.069,35.339],[127.066,35.337],[127.065,35.337],[127.063,35.336],[127.062,35.336],[127.055,35.341],[127.054,35.341],[127.052,35.34],[127.052,35.338],[127.051,35.335],[127.051,35.332],[127.051,35.33],[127.044,35.324],[127.044,35.323],[127.043,35.322],[127.043,35.321],[127.046,35.319],[127.051,35.317],[127.061,35.317],[127.089,35.307],[127.097,35.302],[127.105,35.299],[127.117,35.3],[127.147,35.311],[127.147,35.314],[127.147,35.315],[127.147,35.316],[127.151,35.318],[127.152,35.318],[127.153,35.319],[127.154,35.321],[127.16,35.327],[127.161,35.328],[127.163,35.328],[127.165,35.329],[127.168,35.332],[127.173,35.33],[127.187,35.336],[127.193,35.338],[127.194,35.338],[127.194,35.339],[127.195,35.339],[127.194,35.34],[127.19,35.342],[127.188,35.342],[127.187,35.342],[127.187,35.343],[127.188,35.349],[127.193,35.356],[127.194,35.357],[127.196,35.358],[127.203,35.358],[127.225,35.398],[127.226,35.399],[127.228,35.399],[127.23,35.399],[127.233,35.398],[127.233,35.397],[127.236,35.399],[127.239,35.399],[127.241,35.399],[127.244,35.398],[127.245,35.398],[127.246,35.398],[127.246,35.399],[127.247,35.399],[127.247,35.401],[127.251,35.409],[127.25,35.409],[127.249,35.41],[127.252,35.417],[127.26,35.427],[127.263,35.426],[127.273,35.422],[127.274,35.421],[127.275,35.421],[127.277,35.424],[127.278,35.425],[127.292,35.426],[127.292,35.428],[127.294,35.43],[127.297,35.433],[127.298,35.444],[127.314,35.466],[127.311,35.469],[127.309,35.478],[127.305,35.478],[127.302,35.478],[127.298,35.478],[127.292,35.476],[127.284,35.479],[127.271,35.473],[127.245,35.484],[127.196,35.488],[127.176,35.473],[127.144,35.462],[127.129,35.504],[127.11,35.509],[127.083,35.507],[127.061,35.511],[127.015,35.545],[126.993,35.537],[126.975,35.556],[126.947,35.529],[126.928,35.519],[126.936,35.482],[126.914,35.477],[126.881,35.484],[126.861,35.474],[126.869,35.462]]]},"properties":{"name":"순창군","code":"35360","grp":"35360"}},
{"type":"Feature","geometry":{"type":"Polygon","coordinates":[[[126.718,35.573],[126.716,35.573],[126.711,35.574],[126.705,35.575],[126.687,35.569],[126.685,35.57],[126.684,35.57],[126.683,35.571],[126.68,35.571],[126.678,35.572],[126.677,35.572],[126.674,35.57],[126.673,35.57],[126.672,35.57],[126.668,35.569],[126.664,35.566],[126.633,35.575],[126.614,35.57],[126.595,35.541],[126.581,35.545],[126.555,35.537],[126.527,35.535],[126.483,35.518],[126.439,35.45],[126.429,35.45],[126.429,35.435],[126.45,35.428],[126.48,35.421],[126.493,35.408],[126.477,35.386],[126.513,35.362],[126.52,35.347],[126.514,35.327],[126.532,35.307],[126.548,35.313],[126.573,35.31],[126.608,35.332],[126.626,35.321],[126.645,35.32],[126.666,35.351],[126.699,35.35],[126.705,35.365],[126.731,35.377],[126.73,35.395],[126.752,35.423],[126.748,35.451],[126.773,35.468],[126.765,35.492],[126.773,35.523],[126.761,35.533],[126.761,35.571],[126.74,35.568],[126.718,35.573]]]},"properties":{"name":"고창군","code":"35370","grp":"35370"}},
{"type":"Feature","geometry":{"type":"MultiPolygon","coordinates":[[[[126.304,35.622],[126.268,35.605],[126.253,35.585],[126.26,35.571],[126.305,35.597],[126.316,35.611],[126.304,35.622]]],[[[126.827,35.715],[126.813,35.716],[126.807,35.745],[126.783,35.752],[126.763,35.797],[126.698,35.813],[126.707,35.797],[126.654,35.792],[126.633,35.8],[126.621,35.787],[126.629,35.749],[126.612,35.737],[126.597,35.715],[126.569,35.693],[126.558,35.699],[126.531,35.687],[126.527,35.676],[126.467,35.634],[126.466,35.603],[126.479,35.602],[126.509,35.579],[126.529,35.579],[126.575,35.59],[126.627,35.586],[126.651,35.581],[126.668,35.573],[126.673,35.571],[126.673,35.57],[126.674,35.57],[126.677,35.572],[126.678,35.572],[126.68,35.571],[126.683,35.571],[126.684,35.57],[126.685,35.57],[126.687,35.569],[126.705,35.575],[126.711,35.574],[126.716,35.573],[126.718,35.573],[126.724,35.584],[126.724,35.592],[126.723,35.593],[126.722,35.595],[126.721,35.596],[126.722,35.598],[126.722,35.601],[126.72,35.61],[126.728,35.649],[126.738,35.65],[126.742,35.658],[126.742,35.659],[126.744,35.666],[126.75,35.664],[126.752,35.668],[126.754,35.667],[126.755,35.667],[126.756,35.665],[126.76,35.663],[126.761,35.662],[126.762,35.662],[126.763,35.662],[126.765,35.664],[126.765,35.667],[126.765,35.673],[126.768,35.679],[126.773,35.684],[126.777,35.68],[126.783,35.676],[126.784,35.676],[126.787,35.675],[126.788,35.676],[126.789,35.676],[126.79,35.676],[126.792,35.678],[126.795,35.682],[126.796,35.683],[126.798,35.685],[126.801,35.681],[126.803,35.678],[126.804,35.678],[126.804,35.677],[126.806,35.676],[126.809,35.681],[126.814,35.683],[126.816,35.683],[126.819,35.682],[126.819,35.681],[126.826,35.68],[126.827,35.68],[126.827,35.681],[126.828,35.683],[126.829,35.684],[126.83,35.685],[126.833,35.686],[126.835,35.687],[126.835,35.688],[126.836,35.691],[126.836,35.692],[126.838,35.697],[126.839,35.696],[126.84,35.696],[126.841,35.696],[126.841,35.697],[126.841,35.698],[126.84,35.698],[126.839,35.698],[126.837,35.699],[126.833,35.701],[126.832,35.705],[126.826,35.712],[126.826,35.713],[126.827,35.715]]]]},"properties":{"name":"부안군","code":"35380","grp":"35380"}},
{"type":"Feature","geometry":{"type":"Polygon","coordinates":[[[126.458,34.793],[126.452,34.819],[126.439,34.834],[126.412,34.844],[126.388,34.837],[126.363,34.806],[126.361,34.794],[126.374,34.78],[126.402,34.783],[126.441,34.799],[126.445,34.791],[126.458,34.793]]]},"properties":{"name":"목포시","code":"36010","grp":"36010"}},
{"type":"Feature","geometry":{"type":"MultiPolygon","coordinates":[[[[127.26,34.247],[127.234,34.237],[127.241,34.219],[127.257,34.211],[127.26,34.247]]],[[[127.802,34.451],[127.786,34.418],[127.807,34.416],[127.802,34.451]]],[[[127.77,34.53],[127.758,34.549],[127.74,34.553],[127.712,34.538],[127.711,34.53],[127.735,34.503],[127.762,34.499],[127.771,34.487],[127.789,34.487],[127.77,34.53]]],[[[127.664,34.583],[127.639,34.575],[127.65,34.556],[127.67,34.555],[127.68,34.569],[127.664,34.583]]],[[[127.535,34.598],[127.565,34.604],[127.546,34.618],[127.535,34.598]]],[[[127.786,34.712],[127.756,34.731],[127.737,34.73],[127.756,34.708],[127.761,34.685],[127.748,34.67],[127.722,34.654],[127.725,34.638],[127.713,34.621],[127.738,34.61],[127.75,34.593],[127.786,34.585],[127.805,34.59],[127.788,34.606],[127.8,34.63],[127.795,34.667],[127.778,34.678],[127.786,34.712]]],[[[127.545,34.85],[127.543,34.84],[127.537,34.831],[127.523,34.81],[127.56,34.803],[127.579,34.761],[127.59,34.757],[127.578,34.733],[127.555,34.719],[127.558,34.699],[127.55,34.682],[127.554,34.659],[127.59,34.652],[127.633,34.636],[127.634,34.663],[127.622,34.69],[127.626,34.712],[127.642,34.727],[127.658,34.756],[127.682,34.732],[127.709,34.724],[127.733,34.73],[127.754,34.763],[127.746,34.775],[127.757,34.787],[127.77,34.821],[127.776,34.855],[127.762,34.864],[127.699,34.859],[127.67,34.837],[127.662,34.845],[127.636,34.828],[127.614,34.854],[127.59,34.875],[127.599,34.883],[127.613,34.892],[127.601,34.899],[127.594,34.89],[127.589,34.888],[127.588,34.888],[127.586,34.887],[127.582,34.885],[127.576,34.885],[127.571,34.885],[127.567,34.885],[127.565,34.886],[127.564,34.887],[127.563,34.888],[127.556,34.887],[127.554,34.887],[127.551,34.888],[127.547,34.888],[127.54,34.884],[127.538,34.883],[127.537,34.881],[127.536,34.88],[127.535,34.878],[127.538,34.874],[127.541,34.868],[127.544,34.867],[127.546,34.866],[127.551,34.863],[127.55,34.855],[127.548,34.853],[127.545,34.85]]],[[[127.726,34.894],[127.715,34.899],[127.692,34.885],[127.704,34.87],[127.751,34.878],[127.743,34.892],[127.726,34.894]]]]},"properties":{"name":"여수시","code":"36020","grp":"36020"}},
{"type":"Feature","geometry":{"type":"Polygon","coordinates":[[[127.594,34.89],[127.589,34.918],[127.586,34.919],[127.579,34.919],[127.578,34.934],[127.578,34.941],[127.566,34.941],[127.548,34.959],[127.548,34.961],[127.55,34.986],[127.567,35.002],[127.557,35.036],[127.537,35.05],[127.526,35.071],[127.532,35.084],[127.529,35.095],[127.535,35.105],[127.535,35.106],[127.534,35.106],[127.534,35.107],[127.533,35.107],[127.532,35.108],[127.532,35.109],[127.532,35.11],[127.532,35.111],[127.531,35.113],[127.527,35.114],[127.52,35.125],[127.503,35.124],[127.481,35.152],[127.445,35.169],[127.421,35.187],[127.415,35.189],[127.414,35.187],[127.41,35.188],[127.409,35.186],[127.409,35.185],[127.408,35.183],[127.407,35.181],[127.407,35.18],[127.407,35.176],[127.411,35.17],[127.412,35.157],[127.412,35.156],[127.411,35.156],[127.411,35.154],[127.41,35.145],[127.387,35.126],[127.376,35.101],[127.359,35.096],[127.345,35.098],[127.338,35.093],[127.337,35.092],[127.335,35.088],[127.335,35.087],[127.336,35.085],[127.338,35.083],[127.338,35.081],[127.336,35.078],[127.335,35.077],[127.334,35.077],[127.331,35.074],[127.323,35.069],[127.293,35.086],[127.275,35.088],[127.248,35.109],[127.235,35.111],[127.232,35.115],[127.219,35.118],[127.218,35.122],[127.218,35.124],[127.219,35.126],[127.219,35.127],[127.22,35.129],[127.219,35.13],[127.215,35.133],[127.212,35.133],[127.204,35.129],[127.198,35.132],[127.194,35.13],[127.192,35.13],[127.191,35.112],[127.191,35.111],[127.19,35.11],[127.19,35.109],[127.189,35.108],[127.188,35.108],[127.188,35.107],[127.187,35.104],[127.188,35.104],[127.188,35.103],[127.187,35.101],[127.185,35.1],[127.183,35.099],[127.182,35.095],[127.186,35.069],[127.191,35.066],[127.192,35.064],[127.19,35.061],[127.19,35.06],[127.188,35.058],[127.185,35.056],[127.184,35.049],[127.184,35.047],[127.184,35.044],[127.185,35.042],[127.184,35.039],[127.184,35.037],[127.183,35.036],[127.183,35.035],[127.185,35.034],[127.187,35.028],[127.186,35.016],[127.187,35.014],[127.188,35.013],[127.188,35.012],[127.184,35.011],[127.183,35.011],[127.178,35.007],[127.178,35.006],[127.178,35.005],[127.178,35.003],[127.178,35.002],[127.177,35.002],[127.176,34.999],[127.178,34.995],[127.177,34.994],[127.177,34.993],[127.176,34.992],[127.175,34.99],[127.175,34.989],[127.176,34.987],[127.178,34.986],[127.179,34.985],[127.177,34.982],[127.176,34.98],[127.175,34.979],[127.175,34.978],[127.176,34.978],[127.178,34.976],[127.183,34.968],[127.189,34.981],[127.197,34.987],[127.211,34.958],[127.221,34.955],[127.224,34.94],[127.232,34.937],[127.236,34.929],[127.236,34.927],[127.237,34.926],[127.237,34.925],[127.238,34.924],[127.24,34.921],[127.237,34.92],[127.235,34.92],[127.229,34.909],[127.229,34.906],[127.229,34.903],[127.229,34.902],[127.229,34.901],[127.228,34.901],[127.225,34.899],[127.227,34.895],[127.235,34.894],[127.241,34.888],[127.252,34.884],[127.307,34.903],[127.336,34.885],[127.338,34.869],[127.367,34.862],[127.379,34.852],[127.379,34.845],[127.399,34.844],[127.406,34.842],[127.41,34.839],[127.412,34.839],[127.412,34.838],[127.414,34.837],[127.415,34.835],[127.416,34.834],[127.417,34.833],[127.426,34.832],[127.473,34.845],[127.491,34.845],[127.494,34.867],[127.513,34.873],[127.526,34.845],[127.534,34.841],[127.543,34.844],[127.545,34.85],[127.548,34.853],[127.55,34.855],[127.551,34.863],[127.546,34.866],[127.544,34.867],[127.541,34.868],[127.538,34.874],[127.535,34.878],[127.536,34.88],[127.537,34.881],[127.538,34.883],[127.54,34.884],[127.547,34.888],[127.551,34.888],[127.554,34.887],[127.556,34.887],[127.563,34.888],[127.564,34.887],[127.565,34.886],[127.567,34.885],[127.571,34.885],[127.576,34.885],[127.582,34.885],[127.586,34.887],[127.588,34.888],[127.589,34.888],[127.594,34.89]]]},"properties":{"name":"순천시","code":"36030","grp":"36030"}},
{"type":"Feature","geometry":{"type":"Polygon","coordinates":[[[126.771,35.07],[126.762,35.091],[126.736,35.108],[126.69,35.111],[126.676,35.105],[126.655,35.115],[126.648,35.1],[126.623,35.087],[126.597,35.092],[126.588,35.055],[126.599,35.013],[126.593,34.993],[126.578,34.975],[126.556,34.989],[126.541,34.975],[126.525,34.929],[126.514,34.919],[126.545,34.887],[126.557,34.869],[126.571,34.879],[126.58,34.897],[126.58,34.919],[126.619,34.926],[126.635,34.906],[126.631,34.889],[126.682,34.894],[126.663,34.927],[126.67,34.945],[126.698,34.941],[126.716,34.918],[126.712,34.909],[126.727,34.889],[126.766,34.9],[126.806,34.868],[126.824,34.871],[126.85,34.886],[126.87,34.891],[126.876,34.904],[126.867,34.94],[126.878,34.95],[126.877,34.968],[126.895,34.993],[126.868,35.01],[126.899,35.055],[126.892,35.078],[126.856,35.078],[126.844,35.065],[126.804,35.052],[126.795,35.061],[126.769,35.054],[126.771,35.07]]]},"properties":{"name":"나주시","code":"36040","grp":"36040"}},
{"type":"Feature","geometry":{"type":"MultiPolygon","coordinates":[[[[127.594,34.89],[127.605,34.905],[127.591,34.919],[127.586,34.919],[127.589,34.918],[127.594,34.89]]],[[[127.738,34.94],[127.732,34.952],[127.704,34.929],[127.705,34.913],[127.737,34.906],[127.761,34.908],[127.762,34.893],[127.784,34.887],[127.784,34.916],[127.765,34.932],[127.737,34.932],[127.738,34.94]]],[[[127.579,34.919],[127.599,34.926],[127.617,34.916],[127.639,34.884],[127.671,34.903],[127.663,34.911],[127.671,34.931],[127.696,34.919],[127.703,34.933],[127.711,34.936],[127.731,34.955],[127.748,34.933],[127.769,34.934],[127.759,34.967],[127.763,34.976],[127.781,34.991],[127.785,35.021],[127.772,35.034],[127.768,35.05],[127.74,35.063],[127.695,35.106],[127.694,35.128],[127.676,35.147],[127.648,35.16],[127.637,35.173],[127.632,35.176],[127.627,35.182],[127.625,35.182],[127.625,35.183],[127.624,35.182],[127.621,35.181],[127.607,35.161],[127.606,35.156],[127.606,35.155],[127.606,35.154],[127.606,35.153],[127.605,35.15],[127.604,35.149],[127.604,35.147],[127.605,35.144],[127.607,35.143],[127.607,35.142],[127.607,35.141],[127.606,35.139],[127.605,35.136],[127.604,35.134],[127.604,35.133],[127.605,35.129],[127.604,35.119],[127.599,35.12],[127.598,35.121],[127.594,35.122],[127.584,35.119],[127.582,35.117],[127.582,35.116],[127.569,35.11],[127.566,35.109],[127.565,35.109],[127.564,35.108],[127.563,35.106],[127.564,35.105],[127.564,35.104],[127.564,35.102],[127.563,35.101],[127.562,35.099],[127.562,35.098],[127.56,35.096],[127.542,35.1],[127.537,35.103],[127.535,35.105],[127.529,35.095],[127.532,35.084],[127.526,35.071],[127.537,35.05],[127.557,35.036],[127.567,35.002],[127.55,34.986],[127.548,34.961],[127.548,34.959],[127.566,34.941],[127.578,34.941],[127.578,34.934],[127.579,34.919]]]]},"properties":{"name":"광양시","code":"36060","grp":"36060"}},
{"type":"Feature","geometry":{"type":"Polygon","coordinates":[[[127.009,35.134],[127.019,35.139],[127.054,35.128],[127.071,35.116],[127.089,35.13],[127.068,35.165],[127.066,35.184],[127.086,35.181],[127.118,35.195],[127.106,35.199],[127.093,35.232],[127.081,35.248],[127.098,35.262],[127.091,35.284],[127.097,35.302],[127.089,35.307],[127.061,35.317],[127.051,35.317],[127.046,35.319],[127.043,35.321],[127.043,35.322],[127.044,35.323],[127.044,35.324],[127.051,35.33],[127.051,35.332],[127.051,35.335],[127.052,35.338],[127.052,35.34],[127.054,35.341],[127.055,35.341],[127.062,35.336],[127.063,35.336],[127.065,35.337],[127.066,35.337],[127.069,35.339],[127.07,35.339],[127.07,35.34],[127.071,35.365],[127.055,35.383],[127.047,35.377],[127.03,35.39],[127.027,35.395],[127.027,35.399],[127.027,35.4],[127.033,35.4],[127.042,35.399],[127.043,35.399],[127.047,35.402],[127.045,35.407],[127.048,35.419],[127.05,35.422],[127.051,35.425],[127.052,35.426],[127.052,35.427],[127.049,35.431],[127.045,35.433],[127.037,35.434],[127.035,35.467],[127.014,35.458],[126.995,35.44],[126.971,35.428],[126.971,35.427],[126.971,35.425],[126.97,35.423],[126.971,35.415],[126.976,35.407],[126.977,35.404],[126.976,35.401],[126.976,35.4],[126.975,35.4],[126.974,35.4],[126.97,35.397],[126.963,35.395],[126.935,35.395],[126.919,35.402],[126.924,35.379],[126.903,35.378],[126.896,35.366],[126.887,35.365],[126.886,35.364],[126.884,35.362],[126.884,35.359],[126.884,35.357],[126.884,35.356],[126.884,35.353],[126.883,35.351],[126.879,35.349],[126.878,35.348],[126.876,35.342],[126.878,35.341],[126.884,35.332],[126.887,35.328],[126.888,35.326],[126.88,35.321],[126.874,35.323],[126.863,35.322],[126.861,35.321],[126.862,35.321],[126.862,35.319],[126.862,35.315],[126.862,35.314],[126.861,35.312],[126.86,35.31],[126.861,35.31],[126.861,35.309],[126.862,35.307],[126.861,35.301],[126.861,35.3],[126.86,35.3],[126.856,35.296],[126.854,35.294],[126.856,35.293],[126.857,35.292],[126.86,35.29],[126.868,35.272],[126.878,35.257],[126.88,35.252],[126.879,35.249],[126.88,35.248],[126.887,35.246],[126.905,35.258],[126.929,35.252],[126.948,35.231],[126.974,35.186],[127.007,35.185],[127.011,35.166],[127.009,35.134]]]},"properties":{"name":"담양군","code":"36310","grp":"36310"}},
{"type":"Feature","geometry":{"type":"Polygon","coordinates":[[[127.187,35.336],[127.173,35.33],[127.168,35.332],[127.165,35.329],[127.163,35.328],[127.161,35.328],[127.16,35.327],[127.154,35.321],[127.153,35.319],[127.152,35.318],[127.151,35.318],[127.147,35.316],[127.147,35.315],[127.147,35.314],[127.147,35.311],[127.117,35.3],[127.105,35.299],[127.097,35.302],[127.091,35.284],[127.098,35.262],[127.081,35.248],[127.093,35.232],[127.106,35.199],[127.118,35.195],[127.145,35.194],[127.186,35.214],[127.201,35.187],[127.189,35.165],[127.197,35.157],[127.196,35.139],[127.198,35.133],[127.198,35.132],[127.204,35.129],[127.212,35.133],[127.215,35.133],[127.219,35.13],[127.22,35.129],[127.219,35.127],[127.219,35.126],[127.218,35.124],[127.218,35.122],[127.219,35.118],[127.232,35.115],[127.235,35.111],[127.248,35.109],[127.275,35.088],[127.293,35.086],[127.323,35.069],[127.331,35.074],[127.334,35.077],[127.335,35.077],[127.336,35.078],[127.338,35.081],[127.338,35.083],[127.336,35.085],[127.335,35.087],[127.335,35.088],[127.337,35.092],[127.338,35.093],[127.345,35.098],[127.359,35.096],[127.376,35.101],[127.387,35.126],[127.41,35.145],[127.411,35.154],[127.411,35.156],[127.412,35.156],[127.412,35.157],[127.411,35.17],[127.407,35.176],[127.407,35.18],[127.407,35.181],[127.408,35.183],[127.409,35.185],[127.409,35.186],[127.41,35.188],[127.377,35.193],[127.378,35.226],[127.403,35.241],[127.385,35.302],[127.354,35.322],[127.31,35.305],[127.287,35.314],[127.257,35.312],[127.221,35.335],[127.213,35.317],[127.188,35.323],[127.187,35.336]]]},"properties":{"name":"곡성군","code":"36320","grp":"36320"}},
{"type":"Feature","geometry":{"type":"Polygon","coordinates":[[[127.385,35.302],[127.403,35.241],[127.378,35.226],[127.377,35.193],[127.41,35.188],[127.414,35.187],[127.415,35.189],[127.421,35.187],[127.445,35.169],[127.481,35.152],[127.503,35.124],[127.52,35.125],[127.527,35.114],[127.531,35.113],[127.532,35.111],[127.532,35.11],[127.532,35.109],[127.532,35.108],[127.533,35.107],[127.534,35.107],[127.534,35.106],[127.535,35.106],[127.535,35.105],[127.537,35.103],[127.542,35.1],[127.56,35.096],[127.562,35.098],[127.562,35.099],[127.563,35.101],[127.564,35.102],[127.564,35.104],[127.564,35.105],[127.563,35.106],[127.564,35.108],[127.565,35.109],[127.566,35.109],[127.569,35.11],[127.582,35.116],[127.582,35.117],[127.584,35.119],[127.594,35.122],[127.598,35.121],[127.599,35.12],[127.604,35.119],[127.605,35.129],[127.604,35.133],[127.604,35.134],[127.605,35.136],[127.606,35.139],[127.607,35.141],[127.607,35.142],[127.607,35.143],[127.605,35.144],[127.604,35.147],[127.604,35.149],[127.605,35.15],[127.606,35.153],[127.606,35.154],[127.606,35.155],[127.606,35.156],[127.607,35.161],[127.621,35.181],[127.624,35.182],[127.625,35.183],[127.618,35.202],[127.621,35.225],[127.61,35.262],[127.596,35.268],[127.577,35.309],[127.532,35.335],[127.497,35.36],[127.471,35.365],[127.437,35.363],[127.385,35.302]]]},"properties":{"name":"구례군","code":"36330","grp":"36330"}},
{"type":"Feature","geometry":{"type":"MultiPolygon","coordinates":[[[[127.479,34.464],[127.455,34.476],[127.458,34.451],[127.485,34.448],[127.494,34.43],[127.491,34.412],[127.538,34.433],[127.536,34.449],[127.521,34.453],[127.508,34.47],[127.479,34.464]]],[[[127.217,34.495],[127.189,34.494],[127.145,34.474],[127.128,34.478],[127.097,34.468],[127.106,34.454],[127.099,34.443],[127.144,34.428],[127.169,34.435],[127.207,34.429],[127.218,34.438],[127.235,34.476],[127.217,34.495]]],[[[127.466,34.544],[127.448,34.538],[127.436,34.523],[127.456,34.511],[127.444,34.497],[127.451,34.48],[127.47,34.487],[127.497,34.485],[127.491,34.508],[127.462,34.51],[127.478,34.536],[127.466,34.544]]],[[[127.241,34.76],[127.26,34.733],[127.272,34.742],[127.295,34.733],[127.304,34.75],[127.327,34.752],[127.335,34.709],[127.306,34.667],[127.277,34.678],[127.285,34.691],[127.278,34.715],[127.263,34.716],[127.24,34.698],[127.228,34.655],[127.19,34.644],[127.173,34.627],[127.166,34.591],[127.151,34.594],[127.135,34.573],[127.114,34.56],[127.121,34.53],[127.143,34.524],[127.195,34.532],[127.255,34.521],[127.283,34.497],[127.269,34.482],[127.301,34.471],[127.304,34.453],[127.322,34.442],[127.34,34.448],[127.321,34.464],[127.334,34.479],[127.371,34.48],[127.38,34.502],[127.405,34.506],[127.406,34.518],[127.423,34.529],[127.438,34.549],[127.397,34.559],[127.401,34.59],[127.446,34.577],[127.457,34.584],[127.486,34.578],[127.506,34.595],[127.496,34.632],[127.474,34.635],[127.481,34.651],[127.471,34.665],[127.453,34.666],[127.421,34.692],[127.403,34.701],[127.379,34.727],[127.373,34.742],[127.4,34.76],[127.386,34.775],[127.39,34.79],[127.353,34.825],[127.328,34.822],[127.319,34.811],[127.291,34.811],[127.267,34.787],[127.249,34.79],[127.241,34.76]]]]},"properties":{"name":"고흥군","code":"36350","grp":"36350"}},
{"type":"Feature","geometry":{"type":"Polygon","coordinates":[[[127.175,34.978],[127.145,34.963],[127.128,34.968],[127.117,34.952],[127.082,34.926],[127.08,34.905],[127.09,34.874],[127.063,34.861],[127.061,34.847],[127.037,34.838],[127.035,34.837],[127.033,34.837],[127.033,34.836],[127.032,34.835],[127.031,34.834],[127.031,34.831],[127.031,34.83],[127.032,34.826],[127.032,34.825],[127.032,34.824],[127.031,34.824],[127.031,34.823],[127.024,34.822],[127.023,34.822],[127.022,34.822],[127.012,34.771],[127.02,34.748],[127.013,34.734],[126.989,34.721],[126.988,34.717],[126.983,34.712],[126.982,34.711],[126.981,34.71],[126.975,34.711],[126.974,34.711],[126.973,34.71],[126.972,34.709],[126.972,34.708],[126.972,34.707],[126.972,34.706],[126.974,34.703],[126.975,34.702],[126.975,34.7],[126.975,34.699],[126.974,34.697],[126.976,34.696],[126.977,34.695],[126.978,34.693],[126.98,34.691],[126.981,34.687],[126.981,34.683],[127.019,34.682],[127.03,34.662],[127.042,34.653],[127.042,34.651],[127.045,34.648],[127.046,34.644],[127.067,34.664],[127.083,34.665],[127.108,34.679],[127.114,34.693],[127.135,34.702],[127.144,34.693],[127.178,34.692],[127.206,34.719],[127.209,34.738],[127.229,34.758],[127.241,34.76],[127.249,34.79],[127.267,34.787],[127.291,34.811],[127.319,34.811],[127.328,34.822],[127.353,34.825],[127.39,34.79],[127.395,34.79],[127.419,34.811],[127.418,34.829],[127.416,34.834],[127.415,34.835],[127.414,34.837],[127.412,34.838],[127.412,34.839],[127.41,34.839],[127.406,34.842],[127.399,34.844],[127.379,34.845],[127.379,34.852],[127.367,34.862],[127.338,34.869],[127.336,34.885],[127.307,34.903],[127.252,34.884],[127.241,34.888],[127.235,34.894],[127.227,34.895],[127.225,34.899],[127.228,34.901],[127.229,34.901],[127.229,34.902],[127.229,34.903],[127.229,34.906],[127.229,34.909],[127.235,34.92],[127.237,34.92],[127.24,34.921],[127.238,34.924],[127.237,34.925],[127.237,34.926],[127.236,34.927],[127.236,34.929],[127.232,34.937],[127.224,34.94],[127.221,34.955],[127.211,34.958],[127.197,34.987],[127.189,34.981],[127.183,34.968],[127.178,34.976],[127.176,34.978],[127.175,34.978]]]},"properties":{"name":"보성군","code":"36360","grp":"36360"}},
{"type":"Feature","geometry":{"type":"Polygon","coordinates":[[[126.919,35.092],[126.892,35.078],[126.899,35.055],[126.868,35.01],[126.895,34.993],[126.877,34.968],[126.878,34.95],[126.867,34.94],[126.876,34.904],[126.87,34.891],[126.85,34.886],[126.824,34.871],[126.858,34.869],[126.859,34.87],[126.861,34.872],[126.871,34.875],[126.876,34.874],[126.885,34.877],[126.899,34.873],[126.905,34.847],[126.921,34.845],[126.929,34.83],[126.95,34.829],[126.97,34.849],[126.992,34.837],[127.008,34.841],[127.012,34.839],[127.034,34.839],[127.037,34.839],[127.037,34.838],[127.061,34.847],[127.063,34.861],[127.09,34.874],[127.08,34.905],[127.082,34.926],[127.117,34.952],[127.128,34.968],[127.145,34.963],[127.175,34.978],[127.175,34.979],[127.176,34.98],[127.177,34.982],[127.179,34.985],[127.178,34.986],[127.176,34.987],[127.175,34.989],[127.175,34.99],[127.176,34.992],[127.177,34.993],[127.177,34.994],[127.178,34.995],[127.176,34.999],[127.177,35.002],[127.178,35.002],[127.178,35.003],[127.178,35.005],[127.178,35.006],[127.178,35.007],[127.183,35.011],[127.184,35.011],[127.188,35.012],[127.188,35.013],[127.187,35.014],[127.186,35.016],[127.187,35.028],[127.185,35.034],[127.183,35.035],[127.183,35.036],[127.184,35.037],[127.184,35.039],[127.185,35.042],[127.184,35.044],[127.184,35.047],[127.184,35.049],[127.185,35.056],[127.188,35.058],[127.19,35.06],[127.19,35.061],[127.192,35.064],[127.191,35.066],[127.186,35.069],[127.182,35.095],[127.183,35.099],[127.185,35.1],[127.187,35.101],[127.188,35.103],[127.188,35.104],[127.187,35.104],[127.188,35.107],[127.188,35.108],[127.189,35.108],[127.19,35.109],[127.19,35.11],[127.191,35.111],[127.191,35.112],[127.192,35.13],[127.194,35.13],[127.198,35.132],[127.198,35.133],[127.196,35.139],[127.197,35.157],[127.189,35.165],[127.201,35.187],[127.186,35.214],[127.145,35.194],[127.118,35.195],[127.086,35.181],[127.066,35.184],[127.068,35.165],[127.089,35.13],[127.071,35.116],[127.054,35.128],[127.019,35.139],[127.009,35.134],[127.004,35.121],[126.986,35.106],[126.988,35.094],[126.967,35.089],[126.952,35.073],[126.936,35.074],[126.919,35.092]]]},"properties":{"name":"화순군","code":"36370","grp":"36370"}},
{"type":"Feature","geometry":{"type":"Polygon","coordinates":[[[127.037,34.838],[127.037,34.839],[127.034,34.839],[127.012,34.839],[127.008,34.841],[126.992,34.837],[126.97,34.849],[126.95,34.829],[126.929,34.83],[126.921,34.845],[126.905,34.847],[126.899,34.873],[126.885,34.877],[126.876,34.874],[126.871,34.875],[126.861,34.872],[126.859,34.87],[126.858,34.869],[126.858,34.868],[126.859,34.867],[126.859,34.863],[126.856,34.855],[126.854,34.851],[126.853,34.85],[126.852,34.848],[126.843,34.839],[126.807,34.828],[126.793,34.794],[126.795,34.781],[126.814,34.78],[126.825,34.744],[126.849,34.723],[126.856,34.679],[126.868,34.669],[126.866,34.66],[126.866,34.658],[126.87,34.657],[126.873,34.654],[126.874,34.652],[126.873,34.652],[126.873,34.651],[126.872,34.651],[126.871,34.648],[126.871,34.647],[126.872,34.634],[126.88,34.626],[126.878,34.624],[126.876,34.622],[126.875,34.62],[126.874,34.62],[126.87,34.62],[126.867,34.62],[126.858,34.624],[126.852,34.621],[126.851,34.621],[126.851,34.62],[126.85,34.62],[126.849,34.618],[126.85,34.618],[126.854,34.616],[126.854,34.605],[126.864,34.597],[126.886,34.544],[126.858,34.528],[126.849,34.513],[126.856,34.442],[126.89,34.456],[126.926,34.453],[126.977,34.488],[126.964,34.495],[126.977,34.513],[126.989,34.562],[126.979,34.573],[126.993,34.583],[127.004,34.606],[126.995,34.621],[127.044,34.637],[127.045,34.641],[127.045,34.643],[127.046,34.643],[127.046,34.644],[127.045,34.648],[127.042,34.651],[127.042,34.653],[127.03,34.662],[127.019,34.682],[126.981,34.683],[126.981,34.687],[126.98,34.691],[126.978,34.693],[126.977,34.695],[126.976,34.696],[126.974,34.697],[126.975,34.699],[126.975,34.7],[126.975,34.702],[126.974,34.703],[126.972,34.706],[126.972,34.707],[126.972,34.708],[126.972,34.709],[126.973,34.71],[126.974,34.711],[126.975,34.711],[126.981,34.71],[126.982,34.711],[126.983,34.712],[126.988,34.717],[126.989,34.721],[127.013,34.734],[127.02,34.748],[127.012,34.771],[127.022,34.822],[127.023,34.822],[127.024,34.822],[127.031,34.823],[127.031,34.824],[127.032,34.824],[127.032,34.825],[127.032,34.826],[127.031,34.83],[127.031,34.831],[127.031,34.834],[127.032,34.835],[127.033,34.836],[127.033,34.837],[127.035,34.837],[127.037,34.838]]]},"properties":{"name":"장흥군","code":"36380","grp":"36380"}},
{"type":"Feature","geometry":{"type":"Polygon","coordinates":[[[126.795,34.781],[126.767,34.783],[126.762,34.771],[126.738,34.756],[126.702,34.766],[126.681,34.754],[126.669,34.74],[126.666,34.74],[126.664,34.724],[126.669,34.723],[126.672,34.694],[126.672,34.693],[126.67,34.691],[126.706,34.682],[126.688,34.608],[126.672,34.593],[126.695,34.564],[126.674,34.532],[126.689,34.511],[126.684,34.475],[126.715,34.471],[126.735,34.456],[126.758,34.491],[126.758,34.526],[126.766,34.53],[126.769,34.586],[126.79,34.582],[126.794,34.547],[126.787,34.513],[126.805,34.456],[126.83,34.448],[126.853,34.46],[126.849,34.513],[126.858,34.528],[126.886,34.544],[126.864,34.597],[126.854,34.605],[126.854,34.616],[126.85,34.618],[126.849,34.618],[126.85,34.62],[126.851,34.62],[126.851,34.621],[126.852,34.621],[126.858,34.624],[126.867,34.62],[126.87,34.62],[126.874,34.62],[126.875,34.62],[126.876,34.622],[126.878,34.624],[126.88,34.626],[126.872,34.634],[126.871,34.647],[126.871,34.648],[126.872,34.651],[126.873,34.651],[126.873,34.652],[126.874,34.652],[126.873,34.654],[126.87,34.657],[126.866,34.658],[126.866,34.66],[126.868,34.669],[126.856,34.679],[126.849,34.723],[126.825,34.744],[126.814,34.78],[126.795,34.781]]]},"properties":{"name":"강진군","code":"36390","grp":"36390"}},
{"type":"Feature","geometry":{"type":"Polygon","coordinates":[[[126.67,34.691],[126.646,34.685],[126.644,34.684],[126.632,34.677],[126.626,34.679],[126.625,34.68],[126.605,34.684],[126.571,34.678],[126.544,34.658],[126.463,34.709],[126.388,34.726],[126.369,34.699],[126.331,34.721],[126.332,34.74],[126.299,34.762],[126.289,34.76],[126.275,34.727],[126.271,34.703],[126.259,34.701],[126.256,34.667],[126.261,34.641],[126.285,34.623],[126.28,34.595],[126.313,34.588],[126.314,34.568],[126.334,34.573],[126.38,34.563],[126.389,34.552],[126.39,34.532],[126.429,34.555],[126.434,34.544],[126.456,34.53],[126.471,34.507],[126.457,34.502],[126.456,34.477],[126.472,34.468],[126.456,34.448],[126.476,34.429],[126.508,34.429],[126.517,34.414],[126.49,34.404],[126.474,34.38],[126.483,34.365],[126.499,34.357],[126.522,34.357],[126.527,34.334],[126.512,34.319],[126.517,34.296],[126.545,34.303],[126.558,34.322],[126.588,34.319],[126.599,34.312],[126.609,34.342],[126.62,34.359],[126.622,34.393],[126.635,34.412],[126.657,34.42],[126.674,34.419],[126.702,34.439],[126.725,34.443],[126.735,34.456],[126.715,34.471],[126.684,34.475],[126.689,34.511],[126.674,34.532],[126.695,34.564],[126.672,34.593],[126.688,34.608],[126.706,34.682],[126.67,34.691]]]},"properties":{"name":"해남군","code":"36400","grp":"36400"}},
{"type":"Feature","geometry":{"type":"Polygon","coordinates":[[[126.445,34.791],[126.449,34.782],[126.381,34.769],[126.38,34.753],[126.361,34.742],[126.388,34.726],[126.392,34.734],[126.424,34.728],[126.425,34.744],[126.456,34.728],[126.463,34.709],[126.544,34.658],[126.571,34.678],[126.605,34.684],[126.625,34.68],[126.626,34.679],[126.632,34.677],[126.644,34.684],[126.646,34.685],[126.67,34.691],[126.672,34.693],[126.672,34.694],[126.669,34.723],[126.664,34.724],[126.666,34.74],[126.669,34.74],[126.681,34.754],[126.702,34.766],[126.738,34.756],[126.762,34.771],[126.767,34.783],[126.795,34.781],[126.793,34.794],[126.807,34.828],[126.843,34.839],[126.852,34.848],[126.853,34.85],[126.854,34.851],[126.856,34.855],[126.859,34.863],[126.859,34.867],[126.858,34.868],[126.858,34.869],[126.824,34.871],[126.806,34.868],[126.766,34.9],[126.727,34.889],[126.712,34.909],[126.716,34.918],[126.698,34.941],[126.67,34.945],[126.663,34.927],[126.682,34.894],[126.631,34.889],[126.635,34.906],[126.619,34.926],[126.58,34.919],[126.58,34.897],[126.571,34.879],[126.557,34.869],[126.543,34.812],[126.519,34.794],[126.512,34.772],[126.511,34.771],[126.492,34.77],[126.458,34.793],[126.445,34.791]]]},"properties":{"name":"영암군","code":"36410","grp":"36410"}},
{"type":"Feature","geometry":{"type":"Polygon","coordinates":[[[126.458,34.793],[126.492,34.77],[126.511,34.771],[126.512,34.772],[126.519,34.794],[126.543,34.812],[126.557,34.869],[126.545,34.887],[126.514,34.919],[126.525,34.929],[126.541,34.975],[126.491,35.002],[126.5,35.015],[126.466,35.025],[126.463,35.042],[126.479,35.064],[126.458,35.074],[126.444,35.059],[126.423,35.048],[126.426,35.03],[126.403,35.027],[126.401,35.042],[126.409,35.062],[126.396,35.076],[126.367,35.072],[126.345,35.077],[126.343,35.092],[126.33,35.108],[126.345,35.141],[126.334,35.149],[126.321,35.127],[126.309,35.137],[126.281,35.135],[126.264,35.146],[126.243,35.111],[126.254,35.102],[126.249,35.094],[126.249,35.091],[126.248,35.089],[126.245,35.086],[126.245,35.085],[126.245,35.083],[126.244,35.08],[126.245,35.077],[126.257,35.069],[126.261,35.064],[126.262,35.058],[126.262,35.057],[126.262,35.056],[126.262,35.054],[126.268,35.053],[126.27,35.055],[126.273,35.053],[126.286,35.062],[126.305,35.045],[126.314,35.054],[126.317,35.088],[126.334,35.088],[126.345,35.071],[126.352,35.04],[126.382,35.048],[126.39,35.024],[126.347,35.003],[126.359,34.987],[126.327,34.967],[126.305,34.985],[126.295,34.966],[126.321,34.943],[126.33,34.916],[126.368,34.92],[126.366,34.942],[126.388,34.948],[126.391,34.922],[126.403,34.905],[126.391,34.891],[126.401,34.881],[126.396,34.867],[126.412,34.844],[126.439,34.834],[126.452,34.819],[126.458,34.793]]]},"properties":{"name":"무안군","code":"36420","grp":"36420"}},
{"type":"Feature","geometry":{"type":"Polygon","coordinates":[[[126.653,35.193],[126.651,35.193],[126.651,35.194],[126.652,35.195],[126.652,35.196],[126.643,35.207],[126.629,35.215],[126.625,35.22],[126.624,35.22],[126.623,35.22],[126.622,35.22],[126.614,35.226],[126.614,35.227],[126.613,35.227],[126.613,35.228],[126.614,35.229],[126.612,35.23],[126.609,35.232],[126.608,35.232],[126.606,35.233],[126.605,35.233],[126.604,35.234],[126.603,35.235],[126.602,35.235],[126.601,35.236],[126.6,35.235],[126.597,35.235],[126.592,35.232],[126.591,35.231],[126.59,35.231],[126.59,35.23],[126.589,35.229],[126.59,35.229],[126.591,35.226],[126.592,35.225],[126.591,35.217],[126.59,35.213],[126.587,35.21],[126.585,35.202],[126.584,35.202],[126.583,35.201],[126.582,35.2],[126.581,35.198],[126.581,35.196],[126.53,35.183],[126.501,35.183],[126.488,35.192],[126.452,35.187],[126.435,35.173],[126.408,35.186],[126.372,35.168],[126.373,35.159],[126.396,35.135],[126.403,35.136],[126.422,35.107],[126.465,35.1],[126.458,35.074],[126.479,35.064],[126.463,35.042],[126.466,35.025],[126.5,35.015],[126.491,35.002],[126.541,34.975],[126.556,34.989],[126.578,34.975],[126.593,34.993],[126.599,35.013],[126.588,35.055],[126.597,35.092],[126.623,35.087],[126.648,35.1],[126.655,35.115],[126.654,35.164],[126.67,35.17],[126.653,35.192],[126.653,35.193]]]},"properties":{"name":"함평군","code":"36430","grp":"36430"}},
{"type":"Feature","geometry":{"type":"MultiPolygon","coordinates":[[[[126.023,35.363],[126.015,35.345],[126.041,35.345],[126.023,35.363]]],[[[126.45,35.428],[126.418,35.424],[126.403,35.405],[126.407,35.382],[126.397,35.369],[126.378,35.328],[126.378,35.306],[126.361,35.285],[126.338,35.285],[126.308,35.251],[126.299,35.223],[126.306,35.212],[126.337,35.196],[126.379,35.208],[126.356,35.183],[126.372,35.168],[126.408,35.186],[126.435,35.173],[126.452,35.187],[126.488,35.192],[126.501,35.183],[126.53,35.183],[126.581,35.196],[126.581,35.198],[126.582,35.2],[126.583,35.201],[126.584,35.202],[126.585,35.202],[126.587,35.21],[126.59,35.213],[126.591,35.217],[126.592,35.225],[126.591,35.226],[126.59,35.229],[126.589,35.229],[126.59,35.23],[126.59,35.231],[126.591,35.231],[126.592,35.232],[126.59,35.235],[126.583,35.239],[126.585,35.258],[126.609,35.27],[126.618,35.305],[126.632,35.302],[126.645,35.32],[126.626,35.321],[126.608,35.332],[126.573,35.31],[126.548,35.313],[126.532,35.307],[126.514,35.327],[126.52,35.347],[126.513,35.362],[126.477,35.386],[126.493,35.408],[126.48,35.421],[126.45,35.428]]]]},"properties":{"name":"영광군","code":"36440","grp":"36440"}},
{"type":"Feature","geometry":{"type":"Polygon","coordinates":[[[126.88,35.252],[126.878,35.257],[126.868,35.272],[126.86,35.29],[126.857,35.292],[126.856,35.293],[126.854,35.294],[126.856,35.296],[126.86,35.3],[126.861,35.3],[126.861,35.301],[126.862,35.307],[126.861,35.309],[126.861,35.31],[126.86,35.31],[126.861,35.312],[126.862,35.314],[126.862,35.315],[126.862,35.319],[126.862,35.321],[126.861,35.321],[126.863,35.322],[126.874,35.323],[126.88,35.321],[126.888,35.326],[126.887,35.328],[126.884,35.332],[126.878,35.341],[126.876,35.342],[126.878,35.348],[126.879,35.349],[126.883,35.351],[126.884,35.353],[126.884,35.356],[126.884,35.357],[126.884,35.359],[126.884,35.362],[126.886,35.364],[126.887,35.365],[126.896,35.366],[126.903,35.378],[126.924,35.379],[126.919,35.402],[126.902,35.423],[126.897,35.448],[126.869,35.462],[126.85,35.466],[126.843,35.478],[126.814,35.484],[126.814,35.469],[126.773,35.468],[126.748,35.451],[126.752,35.423],[126.73,35.395],[126.731,35.377],[126.705,35.365],[126.699,35.35],[126.666,35.351],[126.645,35.32],[126.632,35.302],[126.618,35.305],[126.609,35.27],[126.585,35.258],[126.583,35.239],[126.59,35.235],[126.592,35.232],[126.597,35.235],[126.6,35.235],[126.601,35.236],[126.602,35.235],[126.603,35.235],[126.604,35.234],[126.605,35.233],[126.606,35.233],[126.608,35.232],[126.609,35.232],[126.612,35.23],[126.614,35.229],[126.613,35.228],[126.613,35.227],[126.614,35.227],[126.614,35.226],[126.622,35.22],[126.623,35.22],[126.624,35.22],[126.625,35.22],[126.629,35.215],[126.643,35.207],[126.652,35.196],[126.652,35.195],[126.651,35.194],[126.651,35.193],[126.653,35.193],[126.654,35.193],[126.655,35.193],[126.656,35.194],[126.657,35.194],[126.657,35.193],[126.659,35.192],[126.664,35.192],[126.668,35.193],[126.672,35.194],[126.678,35.194],[126.677,35.201],[126.683,35.209],[126.685,35.21],[126.686,35.214],[126.687,35.215],[126.688,35.215],[126.689,35.215],[126.69,35.215],[126.691,35.214],[126.691,35.213],[126.692,35.213],[126.697,35.21],[126.703,35.208],[126.718,35.212],[126.718,35.213],[126.719,35.213],[126.72,35.215],[126.72,35.216],[126.721,35.219],[126.718,35.222],[126.723,35.229],[126.724,35.23],[126.724,35.231],[126.724,35.232],[126.725,35.234],[126.727,35.237],[126.728,35.236],[126.729,35.237],[126.73,35.241],[126.73,35.242],[126.73,35.243],[126.73,35.244],[126.733,35.247],[126.735,35.25],[126.737,35.252],[126.76,35.259],[126.764,35.253],[126.757,35.244],[126.755,35.241],[126.754,35.238],[126.754,35.237],[126.754,35.235],[126.755,35.234],[126.76,35.234],[126.775,35.23],[126.795,35.22],[126.804,35.221],[126.825,35.227],[126.825,35.232],[126.833,35.229],[126.835,35.229],[126.835,35.23],[126.836,35.23],[126.837,35.23],[126.84,35.232],[126.84,35.233],[126.84,35.234],[126.841,35.234],[126.844,35.237],[126.859,35.24],[126.86,35.24],[126.86,35.241],[126.861,35.241],[126.861,35.242],[126.861,35.244],[126.864,35.246],[126.865,35.246],[126.867,35.246],[126.869,35.246],[126.87,35.246],[126.871,35.247],[126.871,35.248],[126.877,35.25],[126.878,35.251],[126.88,35.252]]]},"properties":{"name":"장성군","code":"36450","grp":"36450"}},
{"type":"Feature","geometry":{"type":"MultiPolygon","coordinates":[[[[126.925,33.989],[126.914,33.97],[126.935,33.969],[126.925,33.989]]],[[[126.55,34.177],[126.54,34.182],[126.517,34.17],[126.509,34.156],[126.512,34.122],[126.546,34.127],[126.566,34.145],[126.595,34.161],[126.595,34.169],[126.556,34.168],[126.55,34.177]]],[[[126.654,34.198],[126.641,34.185],[126.652,34.169],[126.633,34.142],[126.658,34.115],[126.67,34.121],[126.669,34.161],[126.657,34.173],[126.685,34.182],[126.654,34.198]]],[[[126.89,34.217],[126.876,34.213],[126.853,34.186],[126.86,34.17],[126.881,34.154],[126.915,34.154],[126.925,34.175],[126.906,34.203],[126.89,34.217]]],[[[126.568,34.234],[126.554,34.193],[126.561,34.179],[126.588,34.173],[126.624,34.207],[126.607,34.224],[126.591,34.223],[126.568,34.234]]],[[[126.992,34.336],[126.969,34.337],[126.958,34.314],[126.97,34.304],[126.987,34.308],[127.016,34.327],[126.992,34.336]]],[[[126.839,34.312],[126.844,34.299],[126.87,34.321],[126.886,34.319],[126.875,34.348],[126.833,34.358],[126.802,34.334],[126.833,34.324],[126.839,34.312]]],[[[127.03,34.34],[127.051,34.341],[127.06,34.332],[127.076,34.358],[127.044,34.352],[127.045,34.368],[127.021,34.377],[127.008,34.358],[127.03,34.34]]],[[[126.694,34.398],[126.686,34.402],[126.649,34.394],[126.639,34.382],[126.649,34.334],[126.676,34.316],[126.688,34.297],[126.717,34.297],[126.731,34.287],[126.766,34.291],[126.756,34.315],[126.736,34.343],[126.729,34.38],[126.694,34.398]]],[[[126.943,34.393],[126.916,34.391],[126.892,34.397],[126.882,34.407],[126.864,34.373],[126.906,34.354],[126.929,34.37],[126.948,34.368],[126.943,34.393]]],[[[126.833,34.437],[126.827,34.44],[126.775,34.423],[126.769,34.4],[126.756,34.383],[126.833,34.384],[126.864,34.396],[126.845,34.431],[126.833,34.437]]],[[[127.043,34.46],[127.034,34.45],[127.037,34.424],[127.066,34.411],[127.076,34.424],[127.066,34.45],[127.043,34.46]]]]},"properties":{"name":"완도군","code":"36460","grp":"36460"}},
{"type":"Feature","geometry":{"type":"MultiPolygon","coordinates":[[[[126.042,34.316],[126.029,34.31],[126.027,34.29],[126.052,34.277],[126.066,34.287],[126.093,34.287],[126.081,34.308],[126.054,34.304],[126.042,34.316]]],[[[126.027,34.343],[125.995,34.335],[125.997,34.325],[126.021,34.323],[126.027,34.343]]],[[[126.059,34.493],[126.036,34.477],[126.043,34.459],[126.062,34.481],[126.059,34.493]]],[[[126.252,34.584],[126.24,34.576],[126.251,34.561],[126.236,34.536],[126.219,34.533],[126.203,34.514],[126.205,34.496],[126.174,34.495],[126.172,34.485],[126.145,34.475],[126.116,34.458],[126.089,34.419],[126.115,34.381],[126.142,34.378],[126.156,34.357],[126.203,34.358],[126.244,34.379],[126.26,34.392],[126.284,34.388],[126.28,34.372],[126.302,34.37],[126.307,34.386],[126.291,34.396],[126.335,34.414],[126.366,34.443],[126.358,34.456],[126.372,34.47],[126.382,34.502],[126.377,34.513],[126.337,34.544],[126.315,34.544],[126.309,34.565],[126.278,34.584],[126.252,34.584]]]]},"properties":{"name":"진도군","code":"36470","grp":"36470"}},
{"type":"Feature","geometry":{"type":"MultiPolygon","coordinates":[[[[125.1,34.096],[125.095,34.07],[125.114,34.062],[125.117,34.051],[125.144,34.052],[125.1,34.096]]],[[[126.058,34.628],[126.049,34.627],[126.075,34.584],[126.064,34.56],[126.038,34.558],[126.043,34.538],[126.056,34.531],[126.102,34.557],[126.096,34.574],[126.111,34.589],[126.083,34.618],[126.058,34.628]]],[[[125.995,34.628],[125.986,34.609],[126.009,34.611],[125.995,34.628]]],[[[125.856,34.63],[125.835,34.622],[125.823,34.603],[125.842,34.597],[125.861,34.604],[125.856,34.63]]],[[[126.017,34.636],[126.011,34.608],[126.026,34.595],[126.015,34.584],[126.031,34.572],[126.053,34.571],[126.064,34.583],[126.056,34.603],[126.033,34.612],[126.04,34.63],[126.017,34.636]]],[[[126.16,34.669],[126.153,34.673],[126.127,34.652],[126.122,34.629],[126.138,34.619],[126.186,34.638],[126.188,34.651],[126.16,34.669]]],[[[125.425,34.697],[125.398,34.674],[125.385,34.643],[125.403,34.625],[125.423,34.658],[125.442,34.665],[125.451,34.686],[125.429,34.685],[125.425,34.697]]],[[[125.211,34.708],[125.191,34.685],[125.204,34.682],[125.211,34.708]]],[[[125.97,34.726],[125.965,34.736],[125.937,34.716],[125.916,34.711],[125.915,34.681],[125.938,34.668],[125.979,34.672],[126.011,34.69],[125.991,34.719],[125.97,34.726]]],[[[126.146,34.701],[126.175,34.701],[126.18,34.725],[126.172,34.751],[126.163,34.757],[126.135,34.756],[126.125,34.771],[126.083,34.764],[126.07,34.736],[126.083,34.716],[126.135,34.728],[126.15,34.714],[126.146,34.701]]],[[[125.993,34.807],[125.976,34.803],[125.965,34.788],[125.938,34.777],[125.898,34.778],[125.89,34.766],[125.886,34.74],[125.905,34.721],[125.923,34.717],[125.94,34.723],[125.944,34.737],[125.972,34.759],[125.998,34.762],[126.001,34.795],[125.993,34.807]]],[[[126.159,34.822],[126.139,34.799],[126.1,34.792],[126.104,34.778],[126.127,34.78],[126.141,34.761],[126.165,34.77],[126.162,34.791],[126.153,34.801],[126.159,34.822]]],[[[126.116,34.882],[126.109,34.85],[126.083,34.859],[126.061,34.844],[126.091,34.815],[126.096,34.803],[126.119,34.8],[126.115,34.826],[126.139,34.83],[126.157,34.866],[126.145,34.875],[126.116,34.882]]],[[[126.294,34.85],[126.303,34.854],[126.334,34.848],[126.34,34.816],[126.355,34.815],[126.371,34.847],[126.357,34.864],[126.323,34.862],[126.326,34.891],[126.346,34.894],[126.336,34.909],[126.318,34.906],[126.299,34.922],[126.281,34.91],[126.303,34.891],[126.281,34.887],[126.275,34.865],[126.245,34.859],[126.227,34.847],[126.265,34.841],[126.277,34.856],[126.294,34.85]]],[[[126.249,34.941],[126.227,34.937],[126.22,34.919],[126.232,34.91],[126.251,34.92],[126.249,34.941]]],[[[126.063,34.933],[126.055,34.912],[126.016,34.909],[125.982,34.867],[126.018,34.864],[126.039,34.85],[126.082,34.864],[126.092,34.878],[126.095,34.906],[126.063,34.933]]],[[[126.252,35.006],[126.249,34.98],[126.271,34.976],[126.261,35.006],[126.252,35.006]]],[[[126.164,34.963],[126.178,34.978],[126.178,34.997],[126.166,35.016],[126.135,35.026],[126.106,35.005],[126.133,35.002],[126.137,34.972],[126.164,34.963]]],[[[126.145,35.059],[126.134,35.052],[126.149,35.034],[126.168,35.033],[126.194,35.016],[126.201,35.038],[126.181,35.051],[126.145,35.059]]],[[[126.249,35.094],[126.217,35.107],[126.204,35.106],[126.19,35.113],[126.159,35.099],[126.16,35.072],[126.183,35.058],[126.233,35.053],[126.228,35.038],[126.233,35.017],[126.255,35.013],[126.274,35.038],[126.261,35.05],[126.26,35.053],[126.261,35.053],[126.262,35.054],[126.262,35.056],[126.262,35.057],[126.262,35.058],[126.261,35.064],[126.257,35.069],[126.245,35.077],[126.244,35.08],[126.245,35.083],[126.245,35.085],[126.245,35.086],[126.248,35.089],[126.249,35.091],[126.249,35.094]]],[[[126.056,35.075],[126.074,35.06],[126.096,35.051],[126.112,35.061],[126.119,35.08],[126.116,35.139],[126.091,35.115],[126.042,35.085],[126.056,35.075]]]]},"properties":{"name":"신안군","code":"36480","grp":"36480"}},
{"type":"Feature","geometry":{"type":"Polygon","coordinates":[[[129.517,35.842],[129.527,35.864],[129.529,35.904],[129.518,35.921],[129.554,35.968],[129.552,35.986],[129.584,36.017],[129.577,36.024],[129.575,36.062],[129.556,36.086],[129.531,36.056],[129.505,36.037],[129.503,36.026],[129.458,36.003],[129.446,35.992],[129.428,35.998],[129.396,36.018],[129.401,36.039],[129.386,36.028],[129.373,36.05],[129.383,36.063],[129.412,36.072],[129.429,36.094],[129.44,36.111],[129.424,36.115],[129.395,36.14],[129.4,36.165],[129.391,36.184],[129.377,36.19],[129.373,36.207],[129.386,36.222],[129.373,36.255],[129.376,36.268],[129.353,36.273],[129.34,36.267],[129.291,36.279],[129.285,36.298],[129.298,36.31],[129.286,36.333],[129.267,36.321],[129.252,36.322],[129.223,36.302],[129.227,36.277],[129.207,36.267],[129.197,36.244],[129.178,36.228],[129.153,36.235],[129.133,36.262],[129.112,36.264],[129.078,36.277],[129.052,36.266],[129.076,36.25],[129.081,36.234],[129.042,36.222],[129.027,36.185],[128.991,36.175],[128.989,36.168],[129.044,36.156],[129.063,36.143],[129.06,36.129],[129.071,36.115],[129.098,36.122],[129.105,36.114],[129.094,36.097],[129.105,36.085],[129.128,36.081],[129.141,36.059],[129.151,36.055],[129.176,36.048],[129.181,36.028],[129.204,36.043],[129.238,36.052],[129.245,36.072],[129.276,36.079],[129.286,36.063],[129.277,36.029],[129.295,36.011],[129.302,35.981],[129.32,35.954],[129.337,35.916],[129.334,35.9],[129.355,35.873],[129.372,35.861],[129.391,35.863],[129.437,35.878],[129.455,35.847],[129.48,35.853],[129.49,35.843],[129.517,35.842]]]},"properties":{"name":"포항시","code":"37011","grp":"37010"}},
{"type":"Feature","geometry":{"type":"Polygon","coordinates":[[[129.45,35.651],[129.465,35.667],[129.476,35.693],[129.474,35.706],[129.486,35.73],[129.484,35.744],[129.497,35.772],[129.491,35.787],[129.513,35.817],[129.517,35.842],[129.49,35.843],[129.48,35.853],[129.455,35.847],[129.437,35.878],[129.391,35.863],[129.372,35.861],[129.355,35.873],[129.334,35.9],[129.337,35.916],[129.32,35.954],[129.302,35.981],[129.295,36.011],[129.277,36.029],[129.286,36.063],[129.276,36.079],[129.245,36.072],[129.238,36.052],[129.204,36.043],[129.181,36.028],[129.176,36.048],[129.151,36.055],[129.134,36.034],[129.145,36.012],[129.123,36.006],[129.116,35.962],[129.136,35.933],[129.116,35.917],[129.1,35.938],[129.065,35.941],[129.055,35.92],[129.027,35.905],[129.033,35.871],[129.015,35.846],[129.015,35.839],[128.99,35.8],[128.998,35.781],[128.975,35.772],[128.973,35.737],[128.998,35.717],[129.007,35.694],[129.035,35.675],[129.047,35.651],[129.069,35.645],[129.07,35.682],[129.083,35.698],[129.134,35.712],[129.141,35.724],[129.16,35.715],[129.197,35.716],[129.205,35.721],[129.234,35.704],[129.257,35.701],[129.263,35.691],[129.26,35.655],[129.296,35.644],[129.311,35.661],[129.328,35.659],[129.354,35.679],[129.386,35.67],[129.388,35.67],[129.389,35.669],[129.41,35.664],[129.429,35.656],[129.43,35.656],[129.448,35.652],[129.448,35.651],[129.45,35.651]]]},"properties":{"name":"경주시","code":"37020","grp":"37020"}},
{"type":"Feature","geometry":{"type":"Polygon","coordinates":[[[127.877,36.023],[127.876,35.997],[127.893,35.987],[127.904,35.954],[127.911,35.949],[127.908,35.943],[127.906,35.941],[127.904,35.94],[127.899,35.938],[127.896,35.934],[127.892,35.932],[127.89,35.932],[127.889,35.932],[127.888,35.932],[127.886,35.932],[127.885,35.931],[127.884,35.93],[127.883,35.93],[127.882,35.929],[127.882,35.927],[127.884,35.925],[127.883,35.919],[127.885,35.91],[127.882,35.903],[127.885,35.893],[127.894,35.887],[127.919,35.89],[127.933,35.863],[127.95,35.862],[127.96,35.86],[127.961,35.856],[127.967,35.855],[127.971,35.852],[127.972,35.852],[127.973,35.852],[127.974,35.852],[127.975,35.853],[127.976,35.854],[127.978,35.856],[127.982,35.859],[127.996,35.838],[128.006,35.834],[128.008,35.831],[128.01,35.829],[128.011,35.829],[128.012,35.829],[128.014,35.83],[128.015,35.831],[128.016,35.831],[128.017,35.832],[128.018,35.833],[128.03,35.836],[128.052,35.83],[128.07,35.841],[128.074,35.839],[128.076,35.839],[128.077,35.84],[128.078,35.842],[128.074,35.848],[128.077,35.86],[128.079,35.863],[128.083,35.869],[128.085,35.869],[128.085,35.87],[128.086,35.871],[128.087,35.872],[128.08,35.873],[128.075,35.878],[128.074,35.879],[128.072,35.879],[128.071,35.879],[128.07,35.881],[128.07,35.882],[128.069,35.883],[128.069,35.884],[128.069,35.886],[128.066,35.889],[128.067,35.896],[128.057,35.902],[128.056,35.904],[128.059,35.906],[128.06,35.907],[128.061,35.907],[128.047,35.932],[128.047,35.933],[128.049,35.937],[128.051,35.939],[128.052,35.939],[128.053,35.939],[128.054,35.939],[128.054,35.94],[128.056,35.942],[128.057,35.941],[128.058,35.941],[128.059,35.941],[128.063,35.938],[128.065,35.937],[128.066,35.937],[128.067,35.937],[128.068,35.937],[128.071,35.936],[128.072,35.936],[128.073,35.929],[128.079,35.927],[128.085,35.921],[128.087,35.921],[128.088,35.921],[128.091,35.931],[128.088,35.946],[128.112,35.965],[128.132,35.96],[128.136,35.961],[128.143,35.964],[128.146,35.965],[128.148,35.965],[128.149,35.966],[128.151,35.966],[128.15,35.973],[128.151,35.976],[128.151,35.977],[128.156,35.979],[128.157,35.986],[128.157,35.987],[128.158,35.987],[128.162,35.988],[128.165,35.988],[128.166,35.988],[128.167,35.988],[128.167,35.989],[128.169,35.99],[128.171,35.993],[128.171,35.996],[128.169,35.998],[128.168,35.998],[128.166,35.999],[128.168,36.01],[128.167,36.03],[128.169,36.036],[128.178,36.031],[128.181,36.032],[128.182,36.033],[128.183,36.033],[128.185,36.034],[128.194,36.045],[128.197,36.046],[128.198,36.046],[128.2,36.046],[128.201,36.046],[128.202,36.046],[128.206,36.045],[128.215,36.049],[128.223,36.054],[128.223,36.055],[128.224,36.055],[128.226,36.054],[128.227,36.054],[128.23,36.054],[128.235,36.051],[128.238,36.051],[128.238,36.05],[128.24,36.049],[128.241,36.049],[128.242,36.049],[128.243,36.049],[128.245,36.049],[128.25,36.049],[128.251,36.05],[128.255,36.052],[128.257,36.052],[128.261,36.048],[128.261,36.049],[128.264,36.049],[128.27,36.049],[128.277,36.047],[128.281,36.047],[128.283,36.047],[128.284,36.046],[128.285,36.046],[128.285,36.045],[128.287,36.044],[128.289,36.043],[128.29,36.044],[128.29,36.045],[128.292,36.048],[128.294,36.05],[128.299,36.051],[128.301,36.063],[128.288,36.075],[128.287,36.084],[128.289,36.086],[128.292,36.088],[128.292,36.095],[128.29,36.096],[128.288,36.098],[128.275,36.105],[128.275,36.106],[128.276,36.109],[128.277,36.112],[128.278,36.114],[128.296,36.132],[128.285,36.14],[128.295,36.168],[128.273,36.172],[128.271,36.196],[128.259,36.202],[128.257,36.201],[128.256,36.2],[128.253,36.2],[128.25,36.2],[128.247,36.199],[128.243,36.197],[128.242,36.198],[128.242,36.199],[128.239,36.2],[128.238,36.2],[128.235,36.201],[128.235,36.202],[128.234,36.202],[128.234,36.203],[128.235,36.203],[128.235,36.208],[128.237,36.209],[128.233,36.214],[128.233,36.218],[128.234,36.219],[128.235,36.22],[128.236,36.222],[128.236,36.225],[128.23,36.227],[128.227,36.23],[128.226,36.231],[128.224,36.23],[128.221,36.23],[128.218,36.23],[128.214,36.236],[128.197,36.245],[128.192,36.245],[128.19,36.244],[128.189,36.244],[128.188,36.244],[128.172,36.246],[128.169,36.248],[128.168,36.251],[128.168,36.253],[128.168,36.254],[128.167,36.254],[128.166,36.255],[128.165,36.255],[128.16,36.257],[128.141,36.258],[128.139,36.258],[128.138,36.258],[128.137,36.257],[128.131,36.251],[128.129,36.252],[128.127,36.252],[128.126,36.252],[128.125,36.253],[128.122,36.253],[128.121,36.253],[128.12,36.253],[128.12,36.249],[128.121,36.246],[128.109,36.237],[128.097,36.252],[128.076,36.242],[128.07,36.243],[128.069,36.243],[128.067,36.243],[128.066,36.244],[128.065,36.245],[128.064,36.245],[128.061,36.247],[128.057,36.244],[128.052,36.244],[128.05,36.244],[128.05,36.245],[128.048,36.246],[128.047,36.247],[128.047,36.248],[128.046,36.25],[128.047,36.25],[128.047,36.251],[128.046,36.252],[128.043,36.252],[128.04,36.252],[128.03,36.24],[128.056,36.202],[128.039,36.194],[128.01,36.209],[127.984,36.201],[127.975,36.188],[127.996,36.154],[127.989,36.133],[127.965,36.113],[127.958,36.09],[127.961,36.07],[127.93,36.049],[127.917,36.054],[127.903,36.039],[127.877,36.023]]]},"properties":{"name":"김천시","code":"37030","grp":"37030"}},
{"type":"Feature","geometry":{"type":"Polygon","coordinates":[[[128.991,36.748],[128.964,36.752],[128.954,36.771],[128.919,36.767],[128.89,36.772],[128.863,36.799],[128.822,36.81],[128.803,36.823],[128.776,36.805],[128.748,36.809],[128.743,36.798],[128.737,36.784],[128.743,36.756],[128.721,36.703],[128.698,36.707],[128.677,36.702],[128.63,36.72],[128.596,36.713],[128.591,36.701],[128.608,36.684],[128.604,36.652],[128.567,36.646],[128.565,36.64],[128.525,36.629],[128.534,36.614],[128.529,36.601],[128.494,36.6],[128.492,36.57],[128.458,36.556],[128.465,36.541],[128.428,36.52],[128.433,36.503],[128.453,36.491],[128.475,36.499],[128.478,36.515],[128.498,36.514],[128.517,36.497],[128.531,36.498],[128.552,36.488],[128.577,36.44],[128.598,36.432],[128.61,36.418],[128.629,36.42],[128.683,36.444],[128.707,36.448],[128.704,36.466],[128.747,36.489],[128.768,36.481],[128.778,36.467],[128.813,36.454],[128.83,36.452],[128.85,36.388],[128.873,36.377],[128.893,36.326],[128.889,36.297],[128.905,36.296],[128.933,36.309],[128.934,36.319],[128.966,36.346],[128.962,36.365],[128.984,36.407],[128.973,36.433],[128.977,36.445],[128.969,36.463],[128.975,36.479],[128.994,36.5],[128.973,36.532],[128.992,36.549],[128.98,36.565],[129,36.594],[128.991,36.624],[128.997,36.655],[128.994,36.683],[128.997,36.727],[128.991,36.748]]]},"properties":{"name":"안동시","code":"37040","grp":"37040"}},
{"type":"Feature","geometry":{"type":"Polygon","coordinates":[[[128.292,36.088],[128.331,36.091],[128.361,36.061],[128.377,36.065],[128.396,36.089],[128.446,36.078],[128.464,36.081],[128.479,36.105],[128.498,36.114],[128.563,36.111],[128.549,36.132],[128.552,36.165],[128.537,36.195],[128.493,36.201],[128.478,36.235],[128.451,36.222],[128.418,36.246],[128.426,36.273],[128.41,36.287],[128.401,36.289],[128.38,36.312],[128.366,36.338],[128.335,36.349],[128.308,36.331],[128.288,36.346],[128.258,36.362],[128.233,36.333],[128.229,36.303],[128.207,36.299],[128.17,36.3],[128.14,36.286],[128.137,36.257],[128.138,36.258],[128.139,36.258],[128.141,36.258],[128.16,36.257],[128.165,36.255],[128.166,36.255],[128.167,36.254],[128.168,36.254],[128.168,36.253],[128.168,36.251],[128.169,36.248],[128.172,36.246],[128.188,36.244],[128.189,36.244],[128.19,36.244],[128.192,36.245],[128.197,36.245],[128.214,36.236],[128.218,36.23],[128.221,36.23],[128.224,36.23],[128.226,36.231],[128.227,36.23],[128.23,36.227],[128.236,36.225],[128.236,36.222],[128.235,36.22],[128.234,36.219],[128.233,36.218],[128.233,36.214],[128.237,36.209],[128.235,36.208],[128.235,36.203],[128.234,36.203],[128.234,36.202],[128.235,36.202],[128.235,36.201],[128.238,36.2],[128.239,36.2],[128.242,36.199],[128.242,36.198],[128.243,36.197],[128.247,36.199],[128.25,36.2],[128.253,36.2],[128.256,36.2],[128.257,36.201],[128.259,36.202],[128.271,36.196],[128.273,36.172],[128.295,36.168],[128.285,36.14],[128.296,36.132],[128.278,36.114],[128.277,36.112],[128.276,36.109],[128.275,36.106],[128.275,36.105],[128.288,36.098],[128.29,36.096],[128.292,36.095],[128.292,36.088]]]},"properties":{"name":"구미시","code":"37050","grp":"37050"}},
{"type":"Feature","geometry":{"type":"Polygon","coordinates":[[[128.652,37.065],[128.633,37.042],[128.582,37.043],[128.565,37.031],[128.573,37.021],[128.544,36.993],[128.517,36.987],[128.507,36.97],[128.463,36.947],[128.46,36.936],[128.442,36.927],[128.445,36.914],[128.424,36.877],[128.449,36.863],[128.449,36.849],[128.482,36.835],[128.471,36.804],[128.482,36.777],[128.506,36.764],[128.538,36.773],[128.561,36.76],[128.569,36.739],[128.585,36.723],[128.591,36.701],[128.596,36.713],[128.63,36.72],[128.677,36.702],[128.698,36.707],[128.721,36.703],[128.743,36.756],[128.737,36.784],[128.743,36.798],[128.722,36.802],[128.728,36.831],[128.737,36.844],[128.727,36.866],[128.683,36.862],[128.678,36.849],[128.642,36.857],[128.653,36.876],[128.638,36.888],[128.659,36.931],[128.686,36.96],[128.693,37.005],[128.702,37.013],[128.709,37.039],[128.689,37.053],[128.652,37.065]]]},"properties":{"name":"영주시","code":"37060","grp":"37060"}},
{"type":"Feature","geometry":{"type":"Polygon","coordinates":[[[128.735,35.993],[128.771,35.983],[128.787,35.988],[128.812,35.973],[128.836,35.968],[128.858,35.955],[128.862,35.93],[128.853,35.921],[128.86,35.879],[128.875,35.852],[128.907,35.835],[128.947,35.831],[128.971,35.836],[128.981,35.833],[129.015,35.846],[129.033,35.871],[129.027,35.905],[129.055,35.92],[129.065,35.941],[129.1,35.938],[129.116,35.917],[129.136,35.933],[129.116,35.962],[129.123,36.006],[129.145,36.012],[129.134,36.034],[129.151,36.055],[129.141,36.059],[129.128,36.081],[129.105,36.085],[129.094,36.097],[129.105,36.114],[129.098,36.122],[129.071,36.115],[129.06,36.129],[129.063,36.143],[129.044,36.156],[128.989,36.168],[128.969,36.161],[128.937,36.179],[128.919,36.183],[128.895,36.173],[128.9,36.162],[128.89,36.143],[128.859,36.145],[128.851,36.118],[128.799,36.085],[128.765,36.101],[128.744,36.102],[128.727,36.093],[128.714,36.075],[128.697,36.036],[128.696,36.016],[128.718,36.008],[128.735,35.993]]]},"properties":{"name":"영천시","code":"37070","grp":"37070"}},
{"type":"Feature","geometry":{"type":"Polygon","coordinates":[[[127.88,36.371],[127.891,36.36],[127.883,36.346],[127.853,36.33],[127.845,36.316],[127.844,36.315],[127.841,36.31],[127.842,36.308],[127.843,36.306],[127.845,36.304],[127.847,36.301],[127.852,36.274],[127.883,36.274],[127.892,36.292],[127.894,36.293],[127.896,36.295],[127.897,36.296],[127.898,36.297],[127.898,36.298],[127.901,36.299],[127.902,36.3],[127.903,36.301],[127.904,36.301],[127.906,36.299],[127.907,36.286],[127.931,36.278],[127.948,36.257],[127.96,36.252],[127.961,36.252],[127.962,36.252],[127.965,36.253],[127.968,36.25],[127.971,36.25],[127.975,36.253],[127.978,36.255],[127.979,36.256],[127.978,36.257],[127.977,36.258],[127.977,36.259],[127.978,36.261],[127.981,36.264],[127.984,36.263],[127.991,36.263],[128,36.266],[128.008,36.272],[128.009,36.272],[128.01,36.272],[128.011,36.272],[128.014,36.27],[128.016,36.268],[128.019,36.267],[128.026,36.268],[128.033,36.262],[128.04,36.259],[128.043,36.259],[128.044,36.258],[128.047,36.257],[128.047,36.255],[128.046,36.254],[128.046,36.252],[128.047,36.251],[128.047,36.25],[128.046,36.25],[128.047,36.248],[128.047,36.247],[128.048,36.246],[128.05,36.245],[128.05,36.244],[128.052,36.244],[128.057,36.244],[128.061,36.247],[128.064,36.245],[128.065,36.245],[128.066,36.244],[128.067,36.243],[128.069,36.243],[128.07,36.243],[128.076,36.242],[128.097,36.252],[128.109,36.237],[128.121,36.246],[128.12,36.249],[128.12,36.253],[128.121,36.253],[128.122,36.253],[128.125,36.253],[128.126,36.252],[128.127,36.252],[128.129,36.252],[128.131,36.251],[128.137,36.257],[128.14,36.286],[128.17,36.3],[128.207,36.299],[128.229,36.303],[128.233,36.333],[128.258,36.362],[128.288,36.346],[128.312,36.368],[128.317,36.388],[128.339,36.405],[128.322,36.432],[128.314,36.455],[128.279,36.465],[128.267,36.478],[128.264,36.507],[128.268,36.536],[128.236,36.53],[128.217,36.539],[128.22,36.57],[128.189,36.584],[128.176,36.597],[128.151,36.6],[128.12,36.622],[128.105,36.607],[128.072,36.605],[128.057,36.586],[128.063,36.561],[128.052,36.546],[128.017,36.544],[128.005,36.551],[127.979,36.543],[127.977,36.513],[127.94,36.526],[127.934,36.561],[127.933,36.591],[127.924,36.602],[127.907,36.626],[127.872,36.65],[127.856,36.618],[127.841,36.608],[127.821,36.611],[127.798,36.602],[127.798,36.586],[127.824,36.571],[127.852,36.571],[127.873,36.553],[127.87,36.543],[127.901,36.525],[127.905,36.504],[127.875,36.483],[127.882,36.462],[127.872,36.441],[127.874,36.407],[127.884,36.38],[127.88,36.371]]]},"properties":{"name":"상주시","code":"37080","grp":"37080"}},
{"type":"Feature","geometry":{"type":"Polygon","coordinates":[[[128.059,36.816],[128.055,36.793],[128.032,36.755],[128.032,36.748],[128.068,36.722],[128.07,36.708],[128.05,36.708],[128.015,36.73],[128.002,36.717],[127.98,36.72],[127.957,36.736],[127.95,36.708],[127.934,36.706],[127.929,36.691],[127.894,36.694],[127.93,36.669],[127.939,36.653],[127.932,36.619],[127.924,36.602],[127.933,36.591],[127.934,36.561],[127.94,36.526],[127.977,36.513],[127.979,36.543],[128.005,36.551],[128.017,36.544],[128.052,36.546],[128.063,36.561],[128.057,36.586],[128.072,36.605],[128.105,36.607],[128.12,36.622],[128.151,36.6],[128.176,36.597],[128.189,36.584],[128.22,36.57],[128.217,36.539],[128.236,36.53],[128.268,36.536],[128.265,36.552],[128.297,36.554],[128.296,36.578],[128.264,36.605],[128.32,36.646],[128.348,36.646],[128.32,36.678],[128.334,36.688],[128.332,36.735],[128.359,36.741],[128.368,36.802],[128.353,36.812],[128.316,36.823],[128.296,36.835],[128.282,36.856],[128.242,36.872],[128.23,36.845],[128.213,36.849],[128.216,36.812],[128.151,36.823],[128.142,36.833],[128.136,36.833],[128.134,36.833],[128.134,36.831],[128.134,36.828],[128.133,36.828],[128.133,36.827],[128.13,36.825],[128.119,36.822],[128.118,36.821],[128.116,36.821],[128.113,36.821],[128.111,36.822],[128.11,36.822],[128.11,36.821],[128.11,36.818],[128.108,36.814],[128.108,36.812],[128.108,36.811],[128.108,36.81],[128.102,36.806],[128.094,36.804],[128.093,36.803],[128.093,36.797],[128.084,36.799],[128.084,36.802],[128.085,36.803],[128.085,36.804],[128.083,36.807],[128.079,36.809],[128.072,36.815],[128.059,36.816]]]},"properties":{"name":"문경시","code":"37090","grp":"37090"}},
{"type":"Feature","geometry":{"type":"Polygon","coordinates":[[[128.726,35.858],[128.724,35.84],[128.709,35.827],[128.718,35.807],[128.697,35.794],[128.683,35.79],[128.682,35.784],[128.685,35.778],[128.686,35.778],[128.687,35.775],[128.686,35.769],[128.695,35.756],[128.692,35.747],[128.694,35.744],[128.715,35.721],[128.766,35.701],[128.765,35.718],[128.789,35.744],[128.855,35.744],[128.876,35.748],[128.898,35.762],[128.904,35.749],[128.931,35.76],[128.957,35.805],[128.959,35.826],[128.971,35.836],[128.947,35.831],[128.907,35.835],[128.875,35.852],[128.86,35.879],[128.853,35.921],[128.862,35.93],[128.858,35.955],[128.836,35.968],[128.812,35.973],[128.787,35.988],[128.771,35.983],[128.735,35.993],[128.746,35.973],[128.739,35.957],[128.738,35.928],[128.755,35.915],[128.761,35.888],[128.76,35.866],[128.739,35.851],[128.726,35.858]]]},"properties":{"name":"경산시","code":"37100","grp":"37100"}},
{"type":"Feature","geometry":{"type":"Polygon","coordinates":[[[128.696,36.016],[128.697,36.036],[128.714,36.075],[128.727,36.093],[128.744,36.102],[128.765,36.101],[128.799,36.085],[128.851,36.118],[128.859,36.145],[128.89,36.143],[128.9,36.162],[128.895,36.173],[128.883,36.198],[128.844,36.216],[128.827,36.218],[128.805,36.207],[128.796,36.191],[128.735,36.201],[128.709,36.199],[128.7,36.209],[128.66,36.221],[128.634,36.214],[128.641,36.258],[128.596,36.277],[128.576,36.28],[128.552,36.275],[128.546,36.292],[128.496,36.303],[128.452,36.327],[128.428,36.299],[128.41,36.287],[128.426,36.273],[128.418,36.246],[128.451,36.222],[128.478,36.235],[128.493,36.201],[128.537,36.195],[128.552,36.165],[128.549,36.132],[128.563,36.111],[128.569,36.088],[128.569,36.062],[128.594,36.063],[128.598,36.075],[128.624,36.078],[128.629,36.069],[128.621,36.025],[128.641,36.011],[128.651,36.007],[128.696,36.016]]]},"properties":{"name":"군위군","code":"37310","grp":"37310"}},
{"type":"Feature","geometry":{"type":"Polygon","coordinates":[[[128.428,36.52],[128.376,36.503],[128.363,36.532],[128.342,36.525],[128.346,36.514],[128.338,36.489],[128.309,36.464],[128.314,36.455],[128.322,36.432],[128.339,36.405],[128.317,36.388],[128.312,36.368],[128.288,36.346],[128.308,36.331],[128.335,36.349],[128.366,36.338],[128.38,36.312],[128.401,36.289],[128.41,36.287],[128.428,36.299],[128.452,36.327],[128.496,36.303],[128.546,36.292],[128.552,36.275],[128.576,36.28],[128.596,36.277],[128.641,36.258],[128.634,36.214],[128.66,36.221],[128.7,36.209],[128.709,36.199],[128.735,36.201],[128.796,36.191],[128.805,36.207],[128.827,36.218],[128.844,36.216],[128.883,36.198],[128.882,36.253],[128.856,36.256],[128.873,36.273],[128.879,36.295],[128.889,36.297],[128.893,36.326],[128.873,36.377],[128.85,36.388],[128.83,36.452],[128.813,36.454],[128.778,36.467],[128.768,36.481],[128.747,36.489],[128.704,36.466],[128.707,36.448],[128.683,36.444],[128.629,36.42],[128.61,36.418],[128.598,36.432],[128.577,36.44],[128.552,36.488],[128.531,36.498],[128.517,36.497],[128.498,36.514],[128.478,36.515],[128.475,36.499],[128.453,36.491],[128.433,36.503],[128.428,36.52]]]},"properties":{"name":"의성군","code":"37320","grp":"37320"}},
{"type":"Feature","geometry":{"type":"Polygon","coordinates":[[[129.252,36.322],[129.253,36.339],[129.224,36.347],[129.218,36.371],[129.228,36.396],[129.212,36.408],[129.198,36.43],[129.171,36.436],[129.169,36.447],[129.148,36.478],[129.152,36.5],[129.133,36.501],[129.128,36.534],[129.103,36.543],[129.068,36.542],[129.051,36.557],[129.032,36.588],[129,36.594],[128.98,36.565],[128.992,36.549],[128.973,36.532],[128.994,36.5],[128.975,36.479],[128.969,36.463],[128.977,36.445],[128.973,36.433],[128.984,36.407],[128.962,36.365],[128.966,36.346],[128.934,36.319],[128.933,36.309],[128.905,36.296],[128.889,36.297],[128.879,36.295],[128.873,36.273],[128.856,36.256],[128.882,36.253],[128.883,36.198],[128.895,36.173],[128.919,36.183],[128.937,36.179],[128.969,36.161],[128.989,36.168],[128.991,36.175],[129.027,36.185],[129.042,36.222],[129.081,36.234],[129.076,36.25],[129.052,36.266],[129.078,36.277],[129.112,36.264],[129.133,36.262],[129.153,36.235],[129.178,36.228],[129.197,36.244],[129.207,36.267],[129.227,36.277],[129.223,36.302],[129.252,36.322]]]},"properties":{"name":"청송군","code":"37330","grp":"37330"}},
{"type":"Feature","geometry":{"type":"Polygon","coordinates":[[[129,36.594],[129.032,36.588],[129.051,36.557],[129.068,36.542],[129.103,36.543],[129.128,36.534],[129.133,36.501],[129.152,36.5],[129.176,36.508],[129.216,36.499],[129.236,36.533],[129.243,36.56],[129.231,36.583],[129.217,36.589],[129.231,36.604],[129.239,36.635],[129.233,36.662],[129.269,36.674],[129.291,36.715],[129.27,36.728],[129.273,36.741],[129.298,36.756],[129.297,36.768],[129.314,36.781],[129.288,36.809],[129.289,36.815],[129.292,36.822],[129.273,36.833],[129.279,36.874],[129.262,36.871],[129.247,36.852],[129.206,36.856],[129.192,36.879],[129.155,36.878],[129.138,36.874],[129.118,36.844],[129.099,36.828],[129.071,36.821],[129.036,36.789],[128.985,36.773],[128.991,36.748],[128.997,36.727],[128.994,36.683],[128.997,36.655],[128.991,36.624],[129,36.594]]]},"properties":{"name":"영양군","code":"37340","grp":"37340"}},
{"type":"Feature","geometry":{"type":"Polygon","coordinates":[[[129.376,36.268],[129.379,36.332],[129.395,36.367],[129.429,36.409],[129.436,36.426],[129.434,36.483],[129.447,36.505],[129.44,36.552],[129.416,36.578],[129.412,36.618],[129.423,36.644],[129.407,36.658],[129.384,36.669],[129.349,36.657],[129.294,36.671],[129.269,36.674],[129.233,36.662],[129.239,36.635],[129.231,36.604],[129.217,36.589],[129.231,36.583],[129.243,36.56],[129.236,36.533],[129.216,36.499],[129.176,36.508],[129.152,36.5],[129.148,36.478],[129.169,36.447],[129.171,36.436],[129.198,36.43],[129.212,36.408],[129.228,36.396],[129.218,36.371],[129.224,36.347],[129.253,36.339],[129.252,36.322],[129.267,36.321],[129.286,36.333],[129.298,36.31],[129.285,36.298],[129.291,36.279],[129.34,36.267],[129.353,36.273],[129.376,36.268]]]},"properties":{"name":"영덕군","code":"37350","grp":"37350"}},
{"type":"Feature","geometry":{"type":"Polygon","coordinates":[[[128.53,35.683],[128.537,35.66],[128.537,35.624],[128.559,35.615],[128.562,35.603],[128.593,35.584],[128.603,35.58],[128.656,35.598],[128.688,35.595],[128.703,35.578],[128.725,35.581],[128.758,35.567],[128.792,35.57],[128.801,35.588],[128.834,35.597],[128.852,35.595],[128.874,35.622],[128.915,35.641],[128.941,35.635],[128.983,35.609],[129.003,35.62],[129.047,35.651],[129.035,35.675],[129.007,35.694],[128.998,35.717],[128.973,35.737],[128.975,35.772],[128.998,35.781],[128.99,35.8],[129.015,35.839],[129.015,35.846],[128.981,35.833],[128.971,35.836],[128.959,35.826],[128.957,35.805],[128.931,35.76],[128.904,35.749],[128.898,35.762],[128.876,35.748],[128.855,35.744],[128.789,35.744],[128.765,35.718],[128.766,35.701],[128.715,35.721],[128.694,35.744],[128.691,35.731],[128.688,35.729],[128.687,35.728],[128.686,35.728],[128.683,35.726],[128.683,35.721],[128.657,35.718],[128.646,35.708],[128.645,35.708],[128.643,35.707],[128.638,35.706],[128.637,35.706],[128.635,35.706],[128.633,35.707],[128.631,35.707],[128.62,35.703],[128.62,35.705],[128.617,35.706],[128.614,35.71],[128.614,35.713],[128.614,35.714],[128.617,35.716],[128.616,35.72],[128.61,35.725],[128.615,35.731],[128.614,35.737],[128.612,35.739],[128.609,35.739],[128.607,35.739],[128.581,35.739],[128.528,35.713],[128.535,35.694],[128.534,35.691],[128.533,35.69],[128.532,35.689],[128.531,35.688],[128.531,35.685],[128.532,35.683],[128.53,35.683]]]},"properties":{"name":"청도군","code":"37360","grp":"37360"}},
{"type":"Feature","geometry":{"type":"Polygon","coordinates":[[[128.469,35.84],[128.46,35.842],[128.455,35.844],[128.451,35.846],[128.45,35.847],[128.447,35.847],[128.445,35.848],[128.419,35.851],[128.416,35.852],[128.387,35.851],[128.379,35.823],[128.369,35.817],[128.366,35.793],[128.338,35.797],[128.321,35.812],[128.274,35.825],[128.262,35.796],[128.238,35.782],[128.217,35.792],[128.21,35.816],[128.177,35.818],[128.162,35.805],[128.179,35.787],[128.164,35.777],[128.165,35.763],[128.189,35.752],[128.201,35.723],[128.205,35.696],[128.199,35.685],[128.16,35.668],[128.161,35.654],[128.185,35.658],[128.201,35.644],[128.229,35.64],[128.242,35.655],[128.262,35.643],[128.279,35.652],[128.306,35.655],[128.338,35.645],[128.349,35.646],[128.365,35.613],[128.372,35.611],[128.373,35.612],[128.376,35.613],[128.377,35.613],[128.378,35.614],[128.385,35.617],[128.388,35.618],[128.401,35.633],[128.4,35.646],[128.357,35.682],[128.352,35.697],[128.352,35.704],[128.355,35.707],[128.358,35.709],[128.359,35.709],[128.383,35.702],[128.392,35.701],[128.396,35.7],[128.397,35.7],[128.412,35.696],[128.425,35.699],[128.432,35.705],[128.434,35.707],[128.435,35.711],[128.435,35.715],[128.432,35.726],[128.391,35.748],[128.383,35.76],[128.408,35.799],[128.416,35.806],[128.421,35.809],[128.424,35.809],[128.441,35.809],[128.441,35.808],[128.441,35.806],[128.47,35.806],[128.471,35.806],[128.472,35.807],[128.474,35.807],[128.473,35.809],[128.483,35.816],[128.481,35.83],[128.469,35.84]]]},"properties":{"name":"고령군","code":"37370","grp":"37370"}},
{"type":"Feature","geometry":{"type":"Polygon","coordinates":[[[128.399,35.899],[128.397,35.94],[128.369,35.942],[128.348,35.955],[128.339,35.976],[128.313,35.993],[128.31,36.029],[128.296,36.031],[128.29,36.041],[128.29,36.044],[128.289,36.043],[128.287,36.044],[128.285,36.045],[128.285,36.046],[128.284,36.046],[128.283,36.047],[128.281,36.047],[128.277,36.047],[128.27,36.049],[128.264,36.049],[128.261,36.049],[128.261,36.048],[128.257,36.052],[128.255,36.052],[128.251,36.05],[128.25,36.049],[128.245,36.049],[128.243,36.049],[128.242,36.049],[128.241,36.049],[128.24,36.049],[128.238,36.05],[128.238,36.051],[128.235,36.051],[128.23,36.054],[128.227,36.054],[128.226,36.054],[128.224,36.055],[128.223,36.055],[128.223,36.054],[128.215,36.049],[128.206,36.045],[128.202,36.046],[128.201,36.046],[128.2,36.046],[128.198,36.046],[128.197,36.046],[128.194,36.045],[128.185,36.034],[128.183,36.033],[128.182,36.033],[128.181,36.032],[128.178,36.031],[128.169,36.036],[128.167,36.03],[128.168,36.01],[128.166,35.999],[128.168,35.998],[128.169,35.998],[128.171,35.996],[128.171,35.993],[128.169,35.99],[128.167,35.989],[128.167,35.988],[128.166,35.988],[128.165,35.988],[128.162,35.988],[128.158,35.987],[128.157,35.987],[128.157,35.986],[128.156,35.979],[128.151,35.977],[128.151,35.976],[128.15,35.973],[128.151,35.966],[128.149,35.966],[128.148,35.965],[128.146,35.965],[128.143,35.964],[128.136,35.961],[128.132,35.96],[128.112,35.965],[128.088,35.946],[128.091,35.931],[128.088,35.921],[128.087,35.921],[128.085,35.921],[128.079,35.927],[128.073,35.929],[128.072,35.936],[128.071,35.936],[128.068,35.937],[128.067,35.937],[128.066,35.937],[128.065,35.937],[128.063,35.938],[128.059,35.941],[128.058,35.941],[128.057,35.941],[128.056,35.942],[128.054,35.94],[128.054,35.939],[128.053,35.939],[128.052,35.939],[128.051,35.939],[128.049,35.937],[128.047,35.933],[128.047,35.932],[128.061,35.907],[128.06,35.907],[128.059,35.906],[128.056,35.904],[128.057,35.902],[128.067,35.896],[128.066,35.889],[128.069,35.886],[128.069,35.884],[128.069,35.883],[128.07,35.882],[128.07,35.881],[128.071,35.879],[128.072,35.879],[128.074,35.879],[128.075,35.878],[128.08,35.873],[128.087,35.872],[128.086,35.871],[128.085,35.87],[128.085,35.869],[128.083,35.869],[128.079,35.863],[128.077,35.86],[128.074,35.848],[128.078,35.842],[128.077,35.84],[128.078,35.839],[128.08,35.838],[128.084,35.837],[128.091,35.831],[128.125,35.819],[128.122,35.803],[128.138,35.784],[128.164,35.777],[128.179,35.787],[128.162,35.805],[128.177,35.818],[128.21,35.816],[128.217,35.792],[128.238,35.782],[128.262,35.796],[128.274,35.825],[128.321,35.812],[128.338,35.797],[128.366,35.793],[128.369,35.817],[128.379,35.823],[128.387,35.851],[128.384,35.853],[128.384,35.866],[128.399,35.899]]]},"properties":{"name":"성주군","code":"37380","grp":"37380"}},
{"type":"Feature","geometry":{"type":"Polygon","coordinates":[[[128.641,36.011],[128.621,36.025],[128.629,36.069],[128.624,36.078],[128.598,36.075],[128.594,36.063],[128.569,36.062],[128.569,36.088],[128.563,36.111],[128.498,36.114],[128.479,36.105],[128.464,36.081],[128.446,36.078],[128.396,36.089],[128.377,36.065],[128.361,36.061],[128.331,36.091],[128.292,36.088],[128.289,36.086],[128.287,36.084],[128.288,36.075],[128.301,36.063],[128.299,36.051],[128.294,36.05],[128.292,36.048],[128.29,36.045],[128.29,36.044],[128.29,36.041],[128.296,36.031],[128.31,36.029],[128.313,35.993],[128.339,35.976],[128.348,35.955],[128.369,35.942],[128.397,35.94],[128.399,35.899],[128.407,35.901],[128.419,35.921],[128.429,35.929],[128.453,35.937],[128.454,35.943],[128.458,35.942],[128.46,35.941],[128.463,35.939],[128.467,35.939],[128.468,35.939],[128.47,35.938],[128.472,35.937],[128.474,35.937],[128.475,35.936],[128.476,35.936],[128.476,35.935],[128.476,35.934],[128.477,35.933],[128.477,35.932],[128.476,35.928],[128.473,35.923],[128.473,35.914],[128.475,35.894],[128.484,35.894],[128.495,35.891],[128.499,35.89],[128.5,35.888],[128.5,35.887],[128.5,35.886],[128.501,35.887],[128.502,35.887],[128.505,35.891],[128.506,35.902],[128.529,35.924],[128.535,35.938],[128.527,35.975],[128.546,35.966],[128.603,35.988],[128.619,36.006],[128.641,36.011]]]},"properties":{"name":"칠곡군","code":"37390","grp":"37390"}},
{"type":"Feature","geometry":{"type":"Polygon","coordinates":[[[128.368,36.802],[128.359,36.741],[128.332,36.735],[128.334,36.688],[128.32,36.678],[128.348,36.646],[128.32,36.646],[128.264,36.605],[128.296,36.578],[128.297,36.554],[128.265,36.552],[128.268,36.536],[128.264,36.507],[128.267,36.478],[128.279,36.465],[128.314,36.455],[128.309,36.464],[128.338,36.489],[128.346,36.514],[128.342,36.525],[128.363,36.532],[128.376,36.503],[128.428,36.52],[128.465,36.541],[128.458,36.556],[128.492,36.57],[128.494,36.6],[128.529,36.601],[128.534,36.614],[128.525,36.629],[128.565,36.64],[128.567,36.646],[128.604,36.652],[128.608,36.684],[128.591,36.701],[128.585,36.723],[128.569,36.739],[128.561,36.76],[128.538,36.773],[128.506,36.764],[128.482,36.777],[128.471,36.804],[128.482,36.835],[128.449,36.849],[128.42,36.812],[128.383,36.814],[128.368,36.802]]]},"properties":{"name":"예천군","code":"37400","grp":"37400"}},
{"type":"Feature","geometry":{"type":"Polygon","coordinates":[[[128.91,37.068],[128.876,37.045],[128.847,37.052],[128.829,37.078],[128.808,37.076],[128.799,37.087],[128.774,37.088],[128.765,37.064],[128.753,37.054],[128.762,37.036],[128.748,37.03],[128.735,37.04],[128.709,37.039],[128.702,37.013],[128.693,37.005],[128.686,36.96],[128.659,36.931],[128.638,36.888],[128.653,36.876],[128.642,36.857],[128.678,36.849],[128.683,36.862],[128.727,36.866],[128.737,36.844],[128.728,36.831],[128.722,36.802],[128.743,36.798],[128.748,36.809],[128.776,36.805],[128.803,36.823],[128.822,36.81],[128.863,36.799],[128.89,36.772],[128.919,36.767],[128.954,36.771],[128.964,36.752],[128.991,36.748],[128.985,36.773],[129.036,36.789],[129.071,36.821],[129.099,36.828],[129.118,36.844],[129.138,36.874],[129.155,36.878],[129.145,36.898],[129.147,36.912],[129.137,36.927],[129.077,36.956],[129.095,36.974],[129.089,36.999],[129.093,37.015],[129.134,37.034],[129.159,37.02],[129.185,37.042],[129.177,37.057],[129.123,37.091],[129.096,37.1],[129.07,37.088],[129.059,37.065],[129.024,37.078],[128.984,37.085],[128.959,37.078],[128.946,37.094],[128.923,37.092],[128.91,37.068]]]},"properties":{"name":"봉화군","code":"37410","grp":"37410"}},
{"type":"Feature","geometry":{"type":"Polygon","coordinates":[[[129.185,37.042],[129.159,37.02],[129.134,37.034],[129.093,37.015],[129.089,36.999],[129.095,36.974],[129.077,36.956],[129.137,36.927],[129.147,36.912],[129.145,36.898],[129.155,36.878],[129.192,36.879],[129.206,36.856],[129.247,36.852],[129.262,36.871],[129.279,36.874],[129.273,36.833],[129.292,36.822],[129.289,36.815],[129.288,36.809],[129.314,36.781],[129.297,36.768],[129.298,36.756],[129.273,36.741],[129.27,36.728],[129.291,36.715],[129.269,36.674],[129.294,36.671],[129.349,36.657],[129.384,36.669],[129.407,36.658],[129.423,36.644],[129.441,36.673],[129.459,36.682],[129.475,36.698],[129.477,36.728],[129.468,36.757],[129.478,36.768],[129.462,36.789],[129.457,36.814],[129.448,36.828],[129.428,36.851],[129.42,36.869],[129.419,36.892],[129.416,36.908],[129.42,36.951],[129.408,36.98],[129.417,36.991],[129.41,37.031],[129.425,37.054],[129.427,37.064],[129.402,37.079],[129.38,37.099],[129.375,37.133],[129.363,37.146],[129.345,37.146],[129.304,37.128],[129.295,37.114],[129.271,37.116],[129.266,37.102],[129.249,37.096],[129.225,37.074],[129.233,37.044],[129.185,37.042]]]},"properties":{"name":"울진군","code":"37420","grp":"37420"}},
{"type":"Feature","geometry":{"type":"Polygon","coordinates":[[[130.911,37.541],[130.845,37.535],[130.812,37.522],[130.802,37.484],[130.81,37.475],[130.843,37.463],[130.87,37.458],[130.885,37.471],[130.907,37.477],[130.918,37.513],[130.908,37.527],[130.911,37.541]]]},"properties":{"name":"울릉군","code":"37430","grp":"37430"}},
{"type":"Feature","geometry":{"type":"Polygon","coordinates":[[[128.274,35.257],[128.246,35.254],[128.22,35.264],[128.196,35.266],[128.18,35.279],[128.173,35.314],[128.177,35.324],[128.154,35.351],[128.115,35.331],[128.08,35.337],[128.059,35.334],[128.052,35.313],[128.015,35.303],[127.983,35.271],[127.972,35.252],[127.95,35.242],[127.919,35.251],[127.906,35.223],[127.89,35.228],[127.895,35.197],[127.939,35.166],[127.939,35.153],[127.979,35.159],[127.999,35.155],[128.003,35.115],[128.071,35.128],[128.109,35.105],[128.118,35.114],[128.147,35.114],[128.168,35.086],[128.152,35.074],[128.172,35.052],[128.184,35.051],[128.201,35.069],[128.188,35.093],[128.209,35.113],[128.274,35.132],[128.306,35.125],[128.348,35.127],[128.348,35.131],[128.363,35.141],[128.362,35.166],[128.367,35.194],[128.353,35.21],[128.33,35.207],[128.302,35.238],[128.299,35.25],[128.274,35.257]]]},"properties":{"name":"진주시","code":"38030","grp":"38030"}},
{"type":"Feature","geometry":{"type":"MultiPolygon","coordinates":[[[[128.237,34.651],[128.228,34.631],[128.243,34.623],[128.276,34.619],[128.28,34.635],[128.248,34.652],[128.237,34.651]]],[[[128.481,34.816],[128.468,34.783],[128.487,34.757],[128.508,34.767],[128.494,34.782],[128.481,34.816]]],[[[128.238,34.838],[128.217,34.839],[128.214,34.815],[128.227,34.8],[128.26,34.809],[128.238,34.838]]],[[[128.355,34.839],[128.355,34.824],[128.379,34.815],[128.377,34.796],[128.389,34.79],[128.397,34.766],[128.425,34.766],[128.441,34.802],[128.435,34.828],[128.408,34.834],[128.392,34.826],[128.355,34.839]]],[[[128.2,34.86],[128.171,34.854],[128.186,34.826],[128.208,34.843],[128.2,34.86]]],[[[128.441,34.972],[128.436,34.974],[128.432,34.976],[128.429,34.976],[128.425,34.976],[128.423,34.975],[128.422,34.975],[128.422,34.974],[128.419,34.971],[128.418,34.971],[128.418,34.97],[128.417,34.97],[128.416,34.968],[128.416,34.967],[128.412,34.967],[128.405,34.969],[128.4,34.97],[128.389,34.952],[128.381,34.947],[128.367,34.946],[128.358,34.943],[128.35,34.939],[128.348,34.94],[128.347,34.94],[128.346,34.939],[128.346,34.938],[128.346,34.937],[128.354,34.908],[128.308,34.909],[128.298,34.902],[128.322,34.884],[128.363,34.87],[128.375,34.882],[128.389,34.863],[128.379,34.852],[128.388,34.836],[128.405,34.833],[128.418,34.84],[128.435,34.838],[128.452,34.847],[128.457,34.865],[128.471,34.884],[128.454,34.902],[128.439,34.893],[128.425,34.873],[128.418,34.91],[128.43,34.921],[128.431,34.957],[128.444,34.968],[128.441,34.971],[128.441,34.972]]]]},"properties":{"name":"통영시","code":"38050","grp":"38050"}},
{"type":"Feature","geometry":{"type":"Polygon","coordinates":[[[127.939,35.153],[127.928,35.146],[127.903,35.155],[127.879,35.146],[127.885,35.13],[127.91,35.117],[127.899,35.107],[127.906,35.079],[127.931,35.049],[127.924,35.042],[127.923,35.014],[127.941,35.002],[127.935,34.982],[127.95,34.976],[127.962,34.994],[127.983,34.976],[128.022,35.031],[128.031,35.05],[128.051,35.016],[128.039,35.002],[128.051,34.97],[128.031,34.956],[128.04,34.941],[128.065,34.926],[128.12,34.923],[128.114,34.934],[128.132,34.959],[128.143,34.99],[128.171,34.986],[128.159,35.005],[128.163,35.027],[128.18,35.039],[128.184,35.051],[128.172,35.052],[128.152,35.074],[128.168,35.086],[128.147,35.114],[128.118,35.114],[128.109,35.105],[128.071,35.128],[128.003,35.115],[127.999,35.155],[127.979,35.159],[127.939,35.153]]]},"properties":{"name":"사천시","code":"38060","grp":"38060"}},
{"type":"Feature","geometry":{"type":"Polygon","coordinates":[[[129.013,35.274],[128.981,35.299],[128.969,35.328],[128.946,35.338],[128.913,35.364],[128.891,35.365],[128.874,35.382],[128.86,35.396],[128.803,35.374],[128.786,35.351],[128.764,35.346],[128.743,35.332],[128.733,35.316],[128.718,35.326],[128.697,35.31],[128.714,35.257],[128.725,35.237],[128.728,35.207],[128.751,35.201],[128.746,35.192],[128.744,35.186],[128.743,35.175],[128.741,35.172],[128.741,35.169],[128.741,35.168],[128.741,35.167],[128.742,35.167],[128.746,35.166],[128.747,35.166],[128.749,35.167],[128.751,35.167],[128.756,35.165],[128.757,35.168],[128.764,35.168],[128.778,35.16],[128.786,35.157],[128.788,35.157],[128.791,35.158],[128.794,35.157],[128.843,35.158],[128.859,35.168],[128.872,35.164],[128.881,35.183],[128.87,35.202],[128.879,35.21],[128.88,35.21],[128.881,35.21],[128.882,35.21],[128.884,35.212],[128.884,35.213],[128.885,35.214],[128.886,35.214],[128.887,35.214],[128.888,35.214],[128.889,35.215],[128.897,35.213],[128.92,35.216],[128.94,35.227],[128.941,35.228],[128.942,35.228],[128.943,35.228],[128.944,35.228],[128.945,35.228],[128.945,35.227],[128.946,35.227],[128.949,35.225],[128.973,35.227],[128.976,35.228],[128.981,35.229],[128.984,35.23],[128.99,35.232],[128.997,35.236],[129.013,35.274]]]},"properties":{"name":"김해시","code":"38070","grp":"38070"}},
{"type":"Feature","geometry":{"type":"Polygon","coordinates":[[[129.003,35.62],[128.983,35.609],[128.941,35.635],[128.915,35.641],[128.874,35.622],[128.852,35.595],[128.834,35.597],[128.801,35.588],[128.792,35.57],[128.758,35.567],[128.725,35.581],[128.703,35.578],[128.688,35.595],[128.656,35.598],[128.603,35.58],[128.593,35.584],[128.584,35.567],[128.591,35.537],[128.571,35.492],[128.583,35.454],[128.631,35.449],[128.651,35.422],[128.644,35.393],[128.651,35.375],[128.689,35.378],[128.714,35.369],[128.743,35.348],[128.764,35.346],[128.786,35.351],[128.803,35.374],[128.86,35.396],[128.874,35.382],[128.879,35.398],[128.904,35.42],[128.922,35.426],[128.906,35.44],[128.919,35.452],[128.95,35.454],[128.968,35.472],[128.958,35.499],[128.977,35.508],[128.995,35.528],[128.998,35.542],[128.978,35.563],[128.996,35.568],[129.019,35.584],[129.023,35.613],[129.003,35.62]]]},"properties":{"name":"밀양시","code":"38080","grp":"38080"}},
{"type":"Feature","geometry":{"type":"MultiPolygon","coordinates":[[[[128.653,35.011],[128.609,34.975],[128.644,34.979],[128.653,35.011]]],[[[128.674,34.787],[128.666,34.793],[128.673,34.814],[128.697,34.807],[128.722,34.814],[128.725,34.832],[128.703,34.842],[128.744,34.868],[128.734,34.89],[128.71,34.869],[128.696,34.88],[128.723,34.913],[128.715,34.936],[128.727,34.946],[128.695,34.979],[128.702,35.006],[128.717,35.012],[128.712,35.032],[128.675,35.031],[128.671,34.999],[128.655,34.99],[128.647,34.96],[128.625,34.964],[128.586,34.947],[128.611,34.923],[128.618,34.906],[128.597,34.903],[128.588,34.915],[128.55,34.907],[128.524,34.921],[128.516,34.91],[128.492,34.901],[128.473,34.872],[128.482,34.84],[128.502,34.833],[128.516,34.808],[128.529,34.834],[128.561,34.833],[128.572,34.854],[128.589,34.846],[128.584,34.798],[128.578,34.778],[128.584,34.764],[128.577,34.749],[128.586,34.737],[128.579,34.715],[128.61,34.702],[128.628,34.713],[128.627,34.727],[128.653,34.742],[128.638,34.761],[128.674,34.787]]]]},"properties":{"name":"거제시","code":"38090","grp":"38090"}},
{"type":"Feature","geometry":{"type":"Polygon","coordinates":[[[129.047,35.274],[129.058,35.295],[129.074,35.291],[129.091,35.303],[129.109,35.305],[129.126,35.333],[129.133,35.356],[129.149,35.364],[129.178,35.352],[129.199,35.366],[129.201,35.388],[129.219,35.407],[129.191,35.435],[129.168,35.432],[129.143,35.446],[129.11,35.479],[129.107,35.495],[129.053,35.514],[129.056,35.532],[129.009,35.524],[128.995,35.528],[128.977,35.508],[128.958,35.499],[128.968,35.472],[128.95,35.454],[128.919,35.452],[128.906,35.44],[128.922,35.426],[128.904,35.42],[128.879,35.398],[128.874,35.382],[128.891,35.365],[128.913,35.364],[128.946,35.338],[128.969,35.328],[128.981,35.299],[129.013,35.274],[129.047,35.274]]]},"properties":{"name":"양산시","code":"38100","grp":"38100"}},
{"type":"Feature","geometry":{"type":"Polygon","coordinates":[[[128.829,35.09],[128.821,35.097],[128.84,35.115],[128.839,35.115],[128.833,35.13],[128.815,35.133],[128.794,35.157],[128.791,35.158],[128.788,35.157],[128.786,35.157],[128.778,35.16],[128.764,35.168],[128.757,35.168],[128.756,35.165],[128.751,35.167],[128.749,35.167],[128.747,35.166],[128.746,35.166],[128.742,35.167],[128.741,35.167],[128.741,35.168],[128.741,35.169],[128.741,35.172],[128.743,35.175],[128.744,35.186],[128.746,35.192],[128.751,35.201],[128.728,35.207],[128.725,35.237],[128.714,35.257],[128.697,35.31],[128.718,35.326],[128.733,35.316],[128.743,35.332],[128.764,35.346],[128.743,35.348],[128.714,35.369],[128.689,35.378],[128.651,35.375],[128.634,35.369],[128.602,35.393],[128.576,35.381],[128.577,35.366],[128.559,35.353],[128.565,35.328],[128.581,35.31],[128.573,35.3],[128.581,35.287],[128.583,35.278],[128.589,35.278],[128.592,35.273],[128.586,35.272],[128.582,35.27],[128.58,35.27],[128.578,35.269],[128.577,35.269],[128.576,35.27],[128.575,35.27],[128.574,35.27],[128.573,35.271],[128.568,35.274],[128.558,35.277],[128.533,35.266],[128.491,35.274],[128.477,35.25],[128.474,35.222],[128.49,35.207],[128.49,35.205],[128.49,35.203],[128.49,35.202],[128.489,35.201],[128.488,35.199],[128.485,35.198],[128.483,35.193],[128.482,35.191],[128.481,35.19],[128.48,35.189],[128.479,35.188],[128.445,35.181],[128.432,35.164],[128.403,35.185],[128.39,35.206],[128.38,35.202],[128.373,35.194],[128.369,35.195],[128.368,35.194],[128.367,35.194],[128.362,35.166],[128.363,35.141],[128.348,35.131],[128.348,35.127],[128.357,35.109],[128.366,35.109],[128.372,35.111],[128.411,35.093],[128.428,35.085],[128.439,35.072],[128.462,35.072],[128.461,35.09],[128.468,35.099],[128.496,35.107],[128.506,35.099],[128.541,35.11],[128.545,35.098],[128.577,35.091],[128.563,35.076],[128.607,35.058],[128.627,35.085],[128.601,35.104],[128.597,35.142],[128.591,35.158],[128.564,35.187],[128.588,35.211],[128.617,35.213],[128.612,35.222],[128.614,35.221],[128.617,35.219],[128.627,35.217],[128.633,35.219],[128.625,35.213],[128.608,35.212],[128.589,35.199],[128.599,35.165],[128.609,35.158],[128.609,35.152],[128.61,35.151],[128.611,35.149],[128.612,35.148],[128.615,35.147],[128.615,35.145],[128.616,35.14],[128.63,35.149],[128.659,35.137],[128.688,35.143],[128.701,35.116],[128.74,35.084],[128.764,35.077],[128.771,35.063],[128.786,35.078],[128.812,35.078],[128.829,35.09]]]},"properties":{"name":"창원시","code":"38111","grp":"38110"}},
{"type":"Feature","geometry":{"type":"Polygon","coordinates":[[[128.274,35.257],[128.282,35.276],[128.302,35.283],[128.29,35.302],[128.298,35.315],[128.317,35.325],[128.313,35.357],[128.338,35.359],[128.355,35.34],[128.39,35.333],[128.384,35.359],[128.425,35.363],[128.42,35.38],[128.437,35.393],[128.423,35.416],[128.388,35.426],[128.376,35.44],[128.383,35.461],[128.421,35.477],[128.411,35.501],[128.38,35.514],[128.372,35.502],[128.347,35.502],[128.315,35.516],[128.266,35.51],[128.262,35.497],[128.238,35.495],[128.201,35.475],[128.215,35.465],[128.2,35.432],[128.185,35.419],[128.19,35.399],[128.15,35.387],[128.129,35.388],[128.099,35.368],[128.083,35.37],[128.092,35.348],[128.115,35.331],[128.154,35.351],[128.177,35.324],[128.173,35.314],[128.18,35.279],[128.196,35.266],[128.22,35.264],[128.246,35.254],[128.274,35.257]]]},"properties":{"name":"의령군","code":"38310","grp":"38310"}},
{"type":"Feature","geometry":{"type":"Polygon","coordinates":[[[128.367,35.194],[128.368,35.194],[128.369,35.195],[128.373,35.194],[128.38,35.202],[128.39,35.206],[128.403,35.185],[128.432,35.164],[128.445,35.181],[128.479,35.188],[128.48,35.189],[128.481,35.19],[128.482,35.191],[128.483,35.193],[128.485,35.198],[128.488,35.199],[128.489,35.201],[128.49,35.202],[128.49,35.203],[128.49,35.205],[128.49,35.207],[128.474,35.222],[128.477,35.25],[128.491,35.274],[128.533,35.266],[128.558,35.277],[128.568,35.274],[128.573,35.271],[128.574,35.27],[128.575,35.27],[128.576,35.27],[128.577,35.269],[128.578,35.269],[128.58,35.27],[128.582,35.27],[128.586,35.272],[128.592,35.273],[128.589,35.278],[128.583,35.278],[128.581,35.287],[128.573,35.3],[128.581,35.31],[128.565,35.328],[128.559,35.353],[128.577,35.366],[128.576,35.381],[128.54,35.38],[128.502,35.401],[128.48,35.381],[128.451,35.384],[128.437,35.393],[128.42,35.38],[128.425,35.363],[128.384,35.359],[128.39,35.333],[128.355,35.34],[128.338,35.359],[128.313,35.357],[128.317,35.325],[128.298,35.315],[128.29,35.302],[128.302,35.283],[128.282,35.276],[128.274,35.257],[128.299,35.25],[128.302,35.238],[128.33,35.207],[128.353,35.21],[128.367,35.194]]]},"properties":{"name":"함안군","code":"38320","grp":"38320"}},
{"type":"Feature","geometry":{"type":"Polygon","coordinates":[[[128.372,35.611],[128.365,35.613],[128.352,35.604],[128.359,35.581],[128.351,35.537],[128.38,35.514],[128.411,35.501],[128.421,35.477],[128.383,35.461],[128.376,35.44],[128.388,35.426],[128.423,35.416],[128.437,35.393],[128.451,35.384],[128.48,35.381],[128.502,35.401],[128.54,35.38],[128.576,35.381],[128.602,35.393],[128.634,35.369],[128.651,35.375],[128.644,35.393],[128.651,35.422],[128.631,35.449],[128.583,35.454],[128.571,35.492],[128.591,35.537],[128.584,35.567],[128.593,35.584],[128.562,35.603],[128.559,35.615],[128.537,35.624],[128.537,35.66],[128.53,35.683],[128.509,35.675],[128.507,35.65],[128.508,35.649],[128.509,35.649],[128.509,35.648],[128.511,35.647],[128.51,35.643],[128.506,35.64],[128.495,35.639],[128.481,35.635],[128.471,35.637],[128.466,35.637],[128.465,35.637],[128.463,35.638],[128.463,35.639],[128.46,35.641],[128.459,35.64],[128.458,35.64],[128.456,35.637],[128.454,35.637],[128.453,35.637],[128.452,35.637],[128.45,35.638],[128.449,35.638],[128.448,35.638],[128.447,35.638],[128.446,35.638],[128.441,35.634],[128.432,35.624],[128.413,35.617],[128.407,35.615],[128.405,35.616],[128.404,35.617],[128.403,35.617],[128.399,35.616],[128.398,35.615],[128.396,35.615],[128.395,35.615],[128.395,35.614],[128.39,35.612],[128.388,35.61],[128.384,35.61],[128.382,35.607],[128.378,35.607],[128.373,35.608],[128.372,35.611]]]},"properties":{"name":"창녕군","code":"38330","grp":"38330"}},
{"type":"Feature","geometry":{"type":"Polygon","coordinates":[[[128.184,35.051],[128.18,35.039],[128.163,35.027],[128.159,35.005],[128.171,34.986],[128.143,34.99],[128.132,34.959],[128.114,34.934],[128.12,34.923],[128.123,34.904],[128.135,34.889],[128.162,34.9],[128.202,34.894],[128.196,34.912],[128.197,34.937],[128.223,34.946],[128.259,34.94],[128.261,34.927],[128.28,34.909],[128.297,34.914],[128.309,34.942],[128.331,34.953],[128.334,34.945],[128.342,34.94],[128.344,34.94],[128.346,34.938],[128.346,34.939],[128.347,34.94],[128.348,34.94],[128.35,34.939],[128.358,34.943],[128.367,34.946],[128.381,34.947],[128.389,34.952],[128.4,34.97],[128.405,34.969],[128.412,34.967],[128.416,34.967],[128.416,34.968],[128.417,34.97],[128.418,34.97],[128.418,34.971],[128.419,34.971],[128.422,34.974],[128.422,34.975],[128.423,34.975],[128.425,34.976],[128.429,34.976],[128.432,34.976],[128.436,34.974],[128.441,34.972],[128.442,34.973],[128.443,34.973],[128.444,34.978],[128.441,34.982],[128.434,34.985],[128.464,34.988],[128.481,35.004],[128.5,35.013],[128.461,35.05],[128.48,35.063],[128.444,35.066],[128.437,35.046],[128.409,35.043],[128.39,35.035],[128.373,35.05],[128.42,35.056],[128.428,35.085],[128.411,35.093],[128.372,35.111],[128.366,35.109],[128.357,35.109],[128.348,35.127],[128.306,35.125],[128.274,35.132],[128.209,35.113],[128.188,35.093],[128.201,35.069],[128.184,35.051]]]},"properties":{"name":"고성군","code":"38340","grp":"38340"}},
{"type":"Feature","geometry":{"type":"MultiPolygon","coordinates":[[[[128.033,34.92],[128.003,34.915],[127.977,34.879],[127.962,34.87],[127.971,34.842],[127.987,34.837],[128.019,34.839],[128.024,34.847],[128.066,34.831],[128.06,34.847],[128.067,34.869],[128.047,34.897],[128.022,34.882],[128.015,34.892],[128.033,34.92]]],[[[127.904,34.861],[127.901,34.884],[127.92,34.892],[127.928,34.907],[127.921,34.935],[127.895,34.947],[127.865,34.937],[127.852,34.916],[127.864,34.904],[127.836,34.898],[127.827,34.874],[127.811,34.862],[127.813,34.834],[127.845,34.787],[127.838,34.749],[127.854,34.747],[127.866,34.727],[127.89,34.722],[127.912,34.736],[127.903,34.763],[127.928,34.776],[127.949,34.767],[127.944,34.747],[127.959,34.709],[127.992,34.719],[128.007,34.711],[128.044,34.702],[128.035,34.731],[128.056,34.746],[128.056,34.788],[128.066,34.813],[128.031,34.834],[127.99,34.832],[127.954,34.805],[127.944,34.81],[127.935,34.832],[127.918,34.835],[127.904,34.861]]]]},"properties":{"name":"남해군","code":"38350","grp":"38350"}},
{"type":"Feature","geometry":{"type":"Polygon","coordinates":[[[127.577,35.309],[127.596,35.268],[127.61,35.262],[127.621,35.225],[127.618,35.202],[127.625,35.183],[127.625,35.182],[127.627,35.182],[127.632,35.176],[127.637,35.173],[127.648,35.16],[127.676,35.147],[127.694,35.128],[127.695,35.106],[127.74,35.063],[127.768,35.05],[127.772,35.034],[127.785,35.021],[127.781,34.991],[127.763,34.976],[127.759,34.967],[127.762,34.967],[127.768,34.967],[127.77,34.967],[127.773,34.955],[127.782,34.944],[127.795,34.931],[127.822,34.946],[127.882,34.949],[127.894,34.958],[127.923,35.014],[127.924,35.042],[127.931,35.049],[127.906,35.079],[127.899,35.107],[127.91,35.117],[127.885,35.13],[127.879,35.146],[127.903,35.155],[127.928,35.146],[127.939,35.153],[127.939,35.166],[127.895,35.197],[127.89,35.228],[127.893,35.25],[127.874,35.251],[127.827,35.222],[127.776,35.219],[127.753,35.237],[127.749,35.249],[127.705,35.265],[127.69,35.284],[127.689,35.319],[127.64,35.325],[127.621,35.333],[127.605,35.318],[127.577,35.309]]]},"properties":{"name":"하동군","code":"38360","grp":"38360"}},
{"type":"Feature","geometry":{"type":"Polygon","coordinates":[[[128.115,35.331],[128.092,35.348],[128.083,35.37],[128.089,35.381],[128.066,35.396],[128.053,35.418],[128.035,35.416],[128.012,35.426],[127.987,35.447],[127.974,35.475],[127.975,35.495],[127.963,35.5],[127.96,35.518],[127.926,35.516],[127.902,35.535],[127.881,35.532],[127.877,35.55],[127.856,35.569],[127.841,35.547],[127.816,35.522],[127.823,35.5],[127.806,35.491],[127.812,35.469],[127.789,35.452],[127.78,35.435],[127.759,35.415],[127.749,35.398],[127.753,35.383],[127.739,35.373],[127.731,35.337],[127.718,35.334],[127.701,35.316],[127.689,35.319],[127.69,35.284],[127.705,35.265],[127.749,35.249],[127.753,35.237],[127.776,35.219],[127.827,35.222],[127.874,35.251],[127.893,35.25],[127.89,35.228],[127.906,35.223],[127.919,35.251],[127.95,35.242],[127.972,35.252],[127.983,35.271],[128.015,35.303],[128.052,35.313],[128.059,35.334],[128.08,35.337],[128.115,35.331]]]},"properties":{"name":"산청군","code":"38370","grp":"38370"}},
{"type":"Feature","geometry":{"type":"Polygon","coordinates":[[[127.621,35.333],[127.64,35.325],[127.689,35.319],[127.701,35.316],[127.718,35.334],[127.731,35.337],[127.739,35.373],[127.753,35.383],[127.749,35.398],[127.759,35.415],[127.78,35.435],[127.789,35.452],[127.812,35.469],[127.806,35.491],[127.823,35.5],[127.816,35.522],[127.841,35.547],[127.856,35.569],[127.835,35.583],[127.853,35.596],[127.871,35.621],[127.877,35.669],[127.847,35.656],[127.803,35.686],[127.784,35.705],[127.748,35.731],[127.734,35.72],[127.716,35.731],[127.708,35.749],[127.679,35.768],[127.662,35.761],[127.661,35.71],[127.642,35.693],[127.639,35.67],[127.62,35.643],[127.635,35.618],[127.614,35.609],[127.611,35.584],[127.596,35.574],[127.585,35.554],[127.619,35.537],[127.653,35.487],[127.637,35.478],[127.636,35.462],[127.674,35.445],[127.66,35.414],[127.636,35.399],[127.626,35.377],[127.61,35.366],[127.623,35.342],[127.621,35.333]]]},"properties":{"name":"함양군","code":"38380","grp":"38380"}},
{"type":"Feature","geometry":{"type":"Polygon","coordinates":[[[127.7,35.788],[127.679,35.768],[127.708,35.749],[127.716,35.731],[127.734,35.72],[127.748,35.731],[127.784,35.705],[127.803,35.686],[127.847,35.656],[127.877,35.669],[127.871,35.621],[127.853,35.596],[127.835,35.583],[127.856,35.569],[127.877,35.55],[127.881,35.532],[127.902,35.535],[127.926,35.516],[127.96,35.518],[127.956,35.549],[127.974,35.558],[127.987,35.591],[127.984,35.609],[128.021,35.653],[128.045,35.663],[128.05,35.678],[128.083,35.685],[128.071,35.721],[128.062,35.724],[128.045,35.753],[128.052,35.774],[128.038,35.791],[128.054,35.806],[128.069,35.806],[128.091,35.831],[128.084,35.837],[128.08,35.838],[128.078,35.839],[128.077,35.84],[128.076,35.839],[128.074,35.839],[128.07,35.841],[128.052,35.83],[128.03,35.836],[128.018,35.833],[128.017,35.832],[128.016,35.831],[128.015,35.831],[128.014,35.83],[128.012,35.829],[128.011,35.829],[128.01,35.829],[128.008,35.831],[128.006,35.834],[127.996,35.838],[127.982,35.859],[127.978,35.856],[127.976,35.854],[127.975,35.853],[127.974,35.852],[127.973,35.852],[127.972,35.852],[127.971,35.852],[127.967,35.855],[127.961,35.856],[127.96,35.86],[127.95,35.862],[127.933,35.863],[127.919,35.89],[127.894,35.887],[127.885,35.893],[127.882,35.903],[127.885,35.91],[127.86,35.907],[127.854,35.881],[127.842,35.866],[127.827,35.868],[127.739,35.83],[127.719,35.797],[127.7,35.788]]]},"properties":{"name":"거창군","code":"38390","grp":"38390"}},
{"type":"Feature","geometry":{"type":"Polygon","coordinates":[[[128.164,35.777],[128.138,35.784],[128.122,35.803],[128.125,35.819],[128.091,35.831],[128.069,35.806],[128.054,35.806],[128.038,35.791],[128.052,35.774],[128.045,35.753],[128.062,35.724],[128.071,35.721],[128.083,35.685],[128.05,35.678],[128.045,35.663],[128.021,35.653],[127.984,35.609],[127.987,35.591],[127.974,35.558],[127.956,35.549],[127.96,35.518],[127.963,35.5],[127.975,35.495],[127.974,35.475],[127.987,35.447],[128.012,35.426],[128.035,35.416],[128.053,35.418],[128.066,35.396],[128.089,35.381],[128.083,35.37],[128.099,35.368],[128.129,35.388],[128.15,35.387],[128.19,35.399],[128.185,35.419],[128.2,35.432],[128.215,35.465],[128.201,35.475],[128.238,35.495],[128.262,35.497],[128.266,35.51],[128.315,35.516],[128.347,35.502],[128.372,35.502],[128.38,35.514],[128.351,35.537],[128.359,35.581],[128.352,35.604],[128.365,35.613],[128.349,35.646],[128.338,35.645],[128.306,35.655],[128.279,35.652],[128.262,35.643],[128.242,35.655],[128.229,35.64],[128.201,35.644],[128.185,35.658],[128.161,35.654],[128.16,35.668],[128.199,35.685],[128.205,35.696],[128.201,35.723],[128.189,35.752],[128.165,35.763],[128.164,35.777]]]},"properties":{"name":"합천군","code":"38400","grp":"38400"}},
{"type":"Feature","geometry":{"type":"MultiPolygon","coordinates":[[[[126.962,33.519],[126.941,33.507],[126.943,33.495],[126.971,33.499],[126.962,33.519]]],[[[126.873,33.475],[126.911,33.49],[126.913,33.506],[126.902,33.515],[126.881,33.53],[126.841,33.534],[126.825,33.559],[126.798,33.555],[126.784,33.565],[126.761,33.559],[126.73,33.561],[126.664,33.543],[126.645,33.556],[126.634,33.536],[126.597,33.538],[126.585,33.525],[126.532,33.521],[126.515,33.516],[126.494,33.521],[126.452,33.498],[126.408,33.485],[126.386,33.489],[126.338,33.467],[126.322,33.467],[126.293,33.444],[126.279,33.442],[126.25,33.401],[126.223,33.39],[126.213,33.375],[126.182,33.357],[126.18,33.347],[126.162,33.334],[126.167,33.316],[126.162,33.287],[126.164,33.285],[126.166,33.284],[126.169,33.283],[126.171,33.285],[126.172,33.285],[126.172,33.286],[126.17,33.288],[126.175,33.29],[126.18,33.29],[126.192,33.294],[126.204,33.295],[126.23,33.285],[126.243,33.274],[126.243,33.283],[126.253,33.293],[126.274,33.298],[126.292,33.31],[126.296,33.322],[126.306,33.327],[126.318,33.327],[126.321,33.326],[126.323,33.326],[126.324,33.327],[126.335,33.338],[126.336,33.339],[126.337,33.34],[126.34,33.343],[126.34,33.344],[126.342,33.344],[126.348,33.341],[126.349,33.341],[126.35,33.341],[126.352,33.341],[126.367,33.341],[126.372,33.345],[126.374,33.346],[126.376,33.347],[126.429,33.342],[126.448,33.359],[126.49,33.355],[126.535,33.363],[126.554,33.374],[126.565,33.372],[126.575,33.372],[126.589,33.374],[126.593,33.376],[126.595,33.377],[126.598,33.378],[126.607,33.382],[126.618,33.383],[126.621,33.385],[126.623,33.384],[126.625,33.385],[126.625,33.386],[126.625,33.387],[126.625,33.388],[126.626,33.39],[126.629,33.392],[126.634,33.394],[126.636,33.393],[126.653,33.395],[126.669,33.4],[126.7,33.419],[126.732,33.427],[126.741,33.42],[126.749,33.42],[126.761,33.421],[126.778,33.433],[126.783,33.435],[126.789,33.441],[126.799,33.44],[126.855,33.463],[126.873,33.475]]]]},"properties":{"name":"제주시","code":"39010","grp":"39010"}},
{"type":"Feature","geometry":{"type":"Polygon","coordinates":[[[126.169,33.283],[126.169,33.275],[126.203,33.246],[126.234,33.235],[126.272,33.194],[126.29,33.206],[126.298,33.223],[126.321,33.239],[126.356,33.236],[126.373,33.23],[126.408,33.244],[126.434,33.235],[126.452,33.242],[126.473,33.223],[126.521,33.241],[126.566,33.238],[126.586,33.244],[126.599,33.234],[126.64,33.257],[126.648,33.268],[126.699,33.271],[126.765,33.292],[126.777,33.306],[126.792,33.303],[126.83,33.307],[126.846,33.32],[126.851,33.336],[126.869,33.354],[126.867,33.364],[126.884,33.384],[126.906,33.391],[126.915,33.433],[126.922,33.44],[126.92,33.469],[126.912,33.479],[126.898,33.483],[126.873,33.475],[126.855,33.463],[126.799,33.44],[126.789,33.441],[126.783,33.435],[126.778,33.433],[126.761,33.421],[126.749,33.42],[126.741,33.42],[126.732,33.427],[126.7,33.419],[126.669,33.4],[126.653,33.395],[126.636,33.393],[126.634,33.394],[126.629,33.392],[126.626,33.39],[126.625,33.388],[126.625,33.387],[126.625,33.386],[126.625,33.385],[126.623,33.384],[126.621,33.385],[126.618,33.383],[126.607,33.382],[126.598,33.378],[126.595,33.377],[126.593,33.376],[126.589,33.374],[126.575,33.372],[126.565,33.372],[126.554,33.374],[126.535,33.363],[126.49,33.355],[126.448,33.359],[126.429,33.342],[126.376,33.347],[126.374,33.346],[126.372,33.345],[126.367,33.341],[126.352,33.341],[126.35,33.341],[126.349,33.341],[126.348,33.341],[126.342,33.344],[126.34,33.344],[126.34,33.343],[126.337,33.34],[126.336,33.339],[126.335,33.338],[126.324,33.327],[126.323,33.326],[126.321,33.326],[126.318,33.327],[126.306,33.327],[126.296,33.322],[126.292,33.31],[126.274,33.298],[126.253,33.293],[126.243,33.283],[126.243,33.274],[126.23,33.285],[126.204,33.295],[126.192,33.294],[126.18,33.29],[126.175,33.29],[126.17,33.288],[126.172,33.286],[126.172,33.285],[126.171,33.285],[126.169,33.283]]]},"properties":{"name":"서귀포시","code":"39020","grp":"39020"}},
{"type":"Feature","geometry":{"type":"Polygon","coordinates":[[[127.30448469846985,36.583],[127.304,36.583],[127.30346390639063,36.58353609360936],[127.3033303330333,36.583558355835585],[127.2997299729973,36.58595859585959],[127.2997299729973,36.586270027002705],[127.299,36.587],[127.2997299729973,36.5877299729973],[127.2997299729973,36.58775877587759],[127.29977317731773,36.587773177317736],[127.3,36.588],[127.30342594259429,36.589712971297146],[127.3036303630363,36.58985898589859],[127.304,36.59032103210321],[127.304,36.591],[127.30454317431743,36.591],[127.3048304830483,36.59135913591359],[127.3045304530453,36.59405940594059],[127.3048304830483,36.5967596759676],[127.30522532253227,36.59745064506454],[127.306,36.599],[127.30623192319231,36.59946384638464],[127.3066306630663,36.600660066006604],[127.30645334533453,36.60154665466546],[127.306,36.602],[127.30539420608726,36.60347121378807],[127.3048304830483,36.60426042604261],[127.3006300630063,36.60786078607861],[127.3015301530153,36.60936093609361],[127.30211957099324,36.61142389901641],[127.3014865251231,36.61296129612961],[127.3006300630063,36.61296129612961],[127.3000300030003,36.61446144614462],[127.30024606096974,36.61597385193064],[127.29956028936226,36.617639297263075],[127.2988298829883,36.61866186618662],[127.2964296429643,36.61896189618962],[127.29582958295829,36.62106210621062],[127.2964296429643,36.62436243624362],[127.2940294029403,36.62436243624362],[127.2919291929193,36.62496249624962],[127.29132913291329,36.62646264626463],[127.2907290729073,36.63006300630063],[127.2907290729073,36.63186318631863],[127.2919291929193,36.633663366336634],[127.2919291929193,36.63576357635763],[127.29163366336634,36.636],[127.291,36.636],[127.291,36.63650693069307],[127.29053041018388,36.63688260254597],[127.28707694887137,36.636019237217845],[127.28667296729668,36.63567296729668],[127.285,36.634],[127.283800330033,36.634399889989],[127.28232823282329,36.63456345634563],[127.28137226222623,36.63437226222622],[127.281,36.634],[127.28047684768477,36.634],[127.27962796279628,36.63336333633363],[127.27932793279328,36.62916291629163],[127.27362736273628,36.622862286228624],[127.26792679267926,36.62046204620462],[127.26462646264626,36.62076207620762],[127.26222622262226,36.61926192619262],[127.25922592259226,36.61866186618662],[127.25922592259226,36.61566156615662],[127.25952595259525,36.61446144614462],[127.26132613261326,36.61296129612961],[127.26522652265227,36.61176117611761],[127.26672667266726,36.60786078607861],[127.26852685268527,36.60486048604861],[127.26912691269126,36.60426042604261],[127.26972697269727,36.5985598559856],[127.27182718271827,36.597059705970594],[127.27512751275127,36.5967596759676],[127.27692769276928,36.597059705970594],[127.28202820282029,36.5961596159616],[127.28472847284729,36.59255925592559],[127.2895289528953,36.588058805880586],[127.29132913291329,36.58715871587159],[127.29102910291029,36.58565856585658],[127.28772877287729,36.583558355835585],[127.28922892289229,36.57995799579958],[127.2904290429043,36.57905790579058],[127.2928292829283,36.57995799579958],[127.2949294929493,36.57965796579658],[127.29462946294629,36.57845784578458],[127.29702970297029,36.57755775577558],[127.2988298829883,36.57755775577558],[127.3012301230123,36.57875787578758],[127.3021302130213,36.58085808580858],[127.3036303630363,36.58265826582658],[127.30448469846985,36.583]]]},"properties":{"name":"조치원읍","base_year":"2018","name_eng":"Jochiwon-eup","code":"2901011"}},
{"type":"Feature","geometry":{"type":"Polygon","coordinates":[[[127.26252625262526,36.478547854785475],[127.26012601260126,36.477347734773474],[127.25652565256526,36.47554755475547],[127.25742574257426,36.47374737473747],[127.25742574257426,36.47164716471647],[127.25352535253525,36.465946594659464],[127.25202520252026,36.465046504650466],[127.24692469246925,36.463246324632465],[127.24542454245424,36.463246324632465],[127.24032403240324,36.46804680468047],[127.23702370237024,36.47164716471647],[127.23762376237623,36.473447344734474],[127.24002400240025,36.474047404740475],[127.24122412241225,36.475247524752476],[127.24092409240924,36.47614761476147],[127.24002400240025,36.474647464746475],[127.23792379237923,36.47434743474347],[127.23552355235523,36.47254725472547],[127.23492349234924,36.47044704470447],[127.24182418241824,36.464446444644466],[127.24452445244525,36.46054605460546],[127.24812481248125,36.46084608460846],[127.24842484248425,36.45934593459346],[127.25202520252026,36.45904590459046],[127.25502550255025,36.45934593459346],[127.25772577257726,36.46054605460546],[127.25892589258926,36.46234623462346],[127.26372637263727,36.46354635463546],[127.26672667266726,36.46354635463546],[127.26972697269727,36.46234623462346],[127.27212721272127,36.463846384638465],[127.26882688268827,36.46564656465647],[127.26582658265826,36.46624662466247],[127.26342634263426,36.46624662466247],[127.26342634263426,36.467746774677465],[127.26612661266127,36.47164716471647],[127.26702670267026,36.47224722472247],[127.27512751275127,36.475847584758476],[127.27872787278727,36.47704770477048],[127.28622862286228,36.48004800480048],[127.29012901290129,36.482148214821486],[127.2919291929193,36.48304830483048],[127.29342934293429,36.484848484848484],[127.2976297629763,36.49054905490549],[127.3012301230123,36.495049504950494],[127.3066306630663,36.5001500150015],[127.30993099309931,36.502550255025504],[127.31113111311132,36.503150315031505],[127.31083108310831,36.5034503450345],[127.31353135313532,36.505850585058504],[127.32163216321632,36.50855085508551],[127.32733273327332,36.50945094509451],[127.33843384338434,36.51185118511851],[127.34113411341134,36.51245124512451],[127.34743474347435,36.51365136513651],[127.34653465346534,36.51755175517552],[127.34623462346235,36.51815181518152],[127.33783378337834,36.51755175517552],[127.33063306330634,36.51665166516651],[127.32823282328233,36.51665166516651],[127.32493249324932,36.51755175517552],[127.32373237323732,36.52055205520552],[127.32133213321332,36.524752475247524],[127.32043204320432,36.52565256525653],[127.31653165316531,36.52715271527153],[127.31443144314431,36.52745274527453],[127.30993099309931,36.52985298529853],[127.3045304530453,36.53195319531953],[127.3033303330333,36.53195319531953],[127.3021302130213,36.533453345334536],[127.3006300630063,36.54065406540654],[127.2991299129913,36.54395439543954],[127.2967296729673,36.546354635463544],[127.29252925292529,36.54965496549655],[127.28442844284429,36.55595559555955],[127.28262826282628,36.55655565556555],[127.27902790279028,36.55595559555955],[127.27332733273327,36.555655565556556],[127.27302730273027,36.55355535553555],[127.27122712271228,36.55145514551455],[127.26912691269126,36.54965496549655],[127.26672667266726,36.54965496549655],[127.26672667266726,36.55235523552355],[127.26282628262827,36.553255325532554],[127.26132613261326,36.55205520552055],[127.25412541254126,36.55025502550255],[127.25082508250826,36.55085508550855],[127.24722472247225,36.55265526552655],[127.24392439243924,36.55295529552955],[127.24242424242425,36.55175517551755],[127.24152415241524,36.55145514551455],[127.23342334233423,36.553255325532554],[127.23102310231023,36.554455445544555],[127.22592259225922,36.553855385538554],[127.22442244224422,36.554455445544555],[127.22172217221723,36.553855385538554],[127.21872187218722,36.55295529552955],[127.21932193219322,36.55235523552355],[127.21782178217822,36.547554755475545],[127.21452145214522,36.54395439543954],[127.21242124212421,36.54035403540354],[127.21362136213621,36.53915391539154],[127.21422142214222,36.536753675367535],[127.21212121212122,36.53375337533753],[127.21362136213621,36.531053105310534],[127.21482148214821,36.53075307530753],[127.21722172217221,36.53135313531353],[127.21992199219922,36.53075307530753],[127.22172217221723,36.52955295529553],[127.22442244224422,36.53015301530153],[127.22592259225922,36.53315331533153],[127.22742274227423,36.533453345334536],[127.23402340234023,36.53315331533153],[127.23672367236723,36.53375337533753],[127.23852385238524,36.53525352535254],[127.24392439243924,36.532853285328535],[127.24662466246625,36.53045304530453],[127.24872487248724,36.52805280528053],[127.25172517251725,36.52685268526853],[127.25742574257426,36.52625262526253],[127.26132613261326,36.525352535253525],[127.26582658265826,36.524152415241524],[127.26762676267627,36.52295229522952],[127.26462646264626,36.52055205520552],[127.26462646264626,36.51815181518152],[127.26552655265526,36.51635163516352],[127.26732673267327,36.51605160516051],[127.26822682268227,36.514551455145515],[127.26672667266726,36.51275127512751],[127.26762676267627,36.51035103510351],[127.27302730273027,36.50675067506751],[127.27452745274528,36.506450645064504],[127.27602760276028,36.507050705070505],[127.27392739273927,36.508850885088506],[127.27422742274227,36.51035103510351],[127.27752775277527,36.50975097509751],[127.27902790279028,36.50735073507351],[127.27842784278428,36.50555055505551],[127.27572757275728,36.503750375037505],[127.27242724272428,36.5046504650465],[127.27182718271827,36.5028502850285],[127.27332733273327,36.502550255025504],[127.27332733273327,36.5007500750075],[127.27062706270627,36.4992499249925],[127.26852685268527,36.493549354935496],[127.26612661266127,36.491749174917494],[127.26762676267627,36.49084908490849],[127.27152715271527,36.48754875487549],[127.27332733273327,36.48394839483949],[127.27302730273027,36.48334833483349],[127.27092709270927,36.48064806480648],[127.26942694269427,36.48004800480048],[127.26552655265526,36.479747974797476],[127.26252625262526,36.478547854785475]]]},"properties":{"name":"연기면","base_year":"2018","name_eng":"Yeongimyeon","code":"2901031"}},
{"type":"Feature","geometry":{"type":"Polygon","coordinates":[[[127.3012301230123,36.57875787578758],[127.30603060306031,36.573957395739576],[127.3066306630663,36.57245724572457],[127.30633063306331,36.57035703570357],[127.30393039303931,36.56795679567957],[127.30273027302731,36.565856585658565],[127.3021302130213,36.56435643564357],[127.3021302130213,36.55985598559856],[127.3009300930093,36.557155715571554],[127.2997299729973,36.55655565556555],[127.2982298229823,36.55235523552355],[127.2967296729673,36.546354635463544],[127.2991299129913,36.54395439543954],[127.3006300630063,36.54065406540654],[127.3021302130213,36.533453345334536],[127.3033303330333,36.53195319531953],[127.3045304530453,36.53195319531953],[127.30993099309931,36.52985298529853],[127.31443144314431,36.52745274527453],[127.31653165316531,36.52715271527153],[127.32043204320432,36.52565256525653],[127.32133213321332,36.524752475247524],[127.32373237323732,36.52055205520552],[127.32493249324932,36.51755175517552],[127.32823282328233,36.51665166516651],[127.33063306330634,36.51665166516651],[127.33783378337834,36.51755175517552],[127.34623462346235,36.51815181518152],[127.34653465346534,36.51755175517552],[127.34983498349835,36.51815181518152],[127.35253525352535,36.51875187518752],[127.35943594359436,36.519051905190516],[127.36333633363337,36.522652265226526],[127.36333633363337,36.52385238523853],[127.36183618361837,36.52565256525653],[127.36033603360336,36.52625262526253],[127.35523552355235,36.52985298529853],[127.35463546354636,36.53465346534654],[127.35553555355536,36.53765376537654],[127.35523552355235,36.53975397539754],[127.35373537353735,36.54155415541554],[127.35463546354636,36.54665466546655],[127.35883588358836,36.55025502550255],[127.35703570357036,36.55235523552355],[127.35553555355536,36.55265526552655],[127.35523552355235,36.555055505550555],[127.35283528352835,36.55985598559856],[127.35133513351334,36.56105610561056],[127.35227902790278,36.562],[127.351,36.562],[127.347,36.564],[127.34647881788177,36.56431270927093],[127.34263426342635,36.564056405640564],[127.33813381338133,36.56225622562256],[127.33693369336933,36.56285628562856],[127.33513351335134,36.56795679567957],[127.33663366336634,36.57005700570057],[127.33596889688968,36.57072177217722],[127.32856958552996,36.57590129012902],[127.32673267326733,36.576657665766575],[127.3257806780678,36.5776096609661],[127.325,36.578],[127.322,36.581],[127.322,36.5813903390339],[127.32193219321933,36.58145814581458],[127.32139563956395,36.58360436043605],[127.32114161416142,36.58385838583858],[127.31893189318932,36.58385838583858],[127.31323132313231,36.582958295829584],[127.30843084308431,36.582958295829584],[127.30797209720973,36.583],[127.30448469846985,36.583],[127.3036303630363,36.58265826582658],[127.3021302130213,36.58085808580858],[127.3012301230123,36.57875787578758]]]},"properties":{"name":"연동면","base_year":"2018","name_eng":"Yeondongmyeon","code":"2901032"}},
{"type":"Feature","geometry":{"type":"Polygon","coordinates":[[[127.36885300966291,36.48970004657078],[127.37785828117697,36.49582363120034],[127.38043804380438,36.4995499549955],[127.38373837383739,36.5001500150015],[127.38703870387039,36.4986498649865],[127.39183918391839,36.495049504950494],[127.39266606660668,36.494222622262214],[127.396,36.492],[127.3975620142659,36.49233471734269],[127.3999399939994,36.49324932493249],[127.40534053405341,36.494149414941496],[127.40984098409841,36.4953495349535],[127.40997557124133,36.495708434001294],[127.40987972147468,36.49848807723412],[127.40864086408641,36.4995499549955],[127.40774077407741,36.5034503450345],[127.40894089408941,36.50735073507351],[127.40894089408941,36.50975097509751],[127.4050405040504,36.51185118511851],[127.40414041404141,36.51695169516952],[127.3975397539754,36.52055205520552],[127.3978397839784,36.521452145214525],[127.4014401440144,36.52355235523552],[127.4062406240624,36.52385238523853],[127.40774077407741,36.52295229522952],[127.40864086408641,36.52355235523552],[127.40850297119263,36.52520706996075],[127.40656322177674,36.52991788997081],[127.40564056405641,36.53135313531353],[127.4055888350303,36.532284257783566],[127.40204246362136,36.54089687406242],[127.40195520321264,36.541],[127.39887332733272,36.541],[127.3978397839784,36.54035403540354],[127.39243924392439,36.54005400540054],[127.38883888388838,36.54035403540354],[127.3856090609061,36.541],[127.384,36.541],[127.38379260426042,36.5417999549955],[127.38343834383438,36.54215421542154],[127.3835064708394,36.54290361247662],[127.38205419226134,36.548505258420576],[127.38163816381638,36.548754875487546],[127.37863786378638,36.54995499549955],[127.37833783378338,36.55115511551155],[127.37923792379237,36.55265526552655],[127.37773777377738,36.555655565556556],[127.37563756375637,36.557755775577554],[127.37383738373838,36.557755775577554],[127.37263726372638,36.55985598559856],[127.37503750375038,36.560156015601564],[127.37653765376538,36.56105610561056],[127.37803780378037,36.56285628562856],[127.37713771377138,36.564056405640564],[127.37734014503145,36.56668801202152],[127.37701855650681,36.56792842490229],[127.37083708370837,36.566456645664566],[127.36538797213063,36.564449078241196],[127.36,36.562],[127.35854245424541,36.562],[127.35613561356135,36.56165616561656],[127.35407260726073,36.562],[127.354,36.562],[127.353,36.562],[127.35227902790278,36.562],[127.35133513351334,36.56105610561056],[127.35283528352835,36.55985598559856],[127.35523552355235,36.555055505550555],[127.35553555355536,36.55265526552655],[127.35703570357036,36.55235523552355],[127.35883588358836,36.55025502550255],[127.35463546354636,36.54665466546655],[127.35373537353735,36.54155415541554],[127.35523552355235,36.53975397539754],[127.35553555355536,36.53765376537654],[127.35463546354636,36.53465346534654],[127.35523552355235,36.52985298529853],[127.36033603360336,36.52625262526253],[127.36183618361837,36.52565256525653],[127.36333633363337,36.52385238523853],[127.36333633363337,36.522652265226526],[127.35943594359436,36.519051905190516],[127.36093609360937,36.518451845184515],[127.36393639363936,36.515751575157516],[127.36423642364237,36.51365136513651],[127.36303630363037,36.51005100510051],[127.35373537353735,36.501950195019504],[127.35253525352535,36.5001500150015],[127.35253525352535,36.498049804980496],[127.35343534353436,36.4965496549655],[127.35703570357036,36.49384938493849],[127.36363636363636,36.491149114911494],[127.36885300966291,36.48970004657078]]]},"properties":{"name":"부강면","base_year":"2018","name_eng":"Bugangmyeon","code":"2901033"}},
{"type":"Feature","geometry":{"type":"Polygon","coordinates":[[[127.21272127212721,36.43564356435643],[127.21332133213322,36.434743474347435],[127.21782178217822,36.43384338433843],[127.21962196219621,36.43084308430843],[127.22502250225023,36.426642664266424],[127.22502250225023,36.42514251425143],[127.22562256225622,36.42244224422442],[127.22607406454931,36.42199074193133],[127.22760315606028,36.42179960549246],[127.22892289228923,36.422742274227424],[127.23162316231623,36.42184218421842],[127.23171594180694,36.42128550727413],[127.2667848784878,36.416901890189024],[127.26822682268227,36.41674167416742],[127.26834126269772,36.41670734216278],[127.27947590759075,36.41531551155116],[127.27992799279927,36.41554155415542],[127.28085875646389,36.41514265544201],[127.282,36.415],[127.29435933446287,36.42206247683592],[127.2943294329433,36.422142214221424],[127.2964296429643,36.423342334233425],[127.29856957695769,36.42291434743475],[127.30033559145389,36.42285548028487],[127.3018301830183,36.42304230423042],[127.3036303630363,36.424542454245426],[127.30633063306331,36.42484248424842],[127.31083108310831,36.424542454245426],[127.31413141314131,36.42304230423042],[127.3149397689769,36.42236867436743],[127.32020827797065,36.422193057400975],[127.32193219321933,36.423342334233425],[127.32343234323433,36.422742274227424],[127.32628592859287,36.422171557155714],[127.33230277313446,36.42578166388068],[127.33273327332734,36.426642664266424],[127.3354119411941,36.42764716471646],[127.341,36.431],[127.34104586601516,36.43106370279885],[127.34053405340534,36.43234323432343],[127.34023402340235,36.43564356435643],[127.34323432343234,36.44014401440144],[127.34503450345035,36.444344434443444],[127.34983498349835,36.44794479447945],[127.35253525352535,36.44764476447645],[127.35312601260125,36.44784168416842],[127.35789730791261,36.454468483211976],[127.35853585358535,36.455745574557454],[127.35763576357635,36.45814581458146],[127.35673567356736,36.45904590459046],[127.35643564356435,36.463246324632465],[127.35853585358535,36.465046504650466],[127.359,36.46582008200819],[127.359,36.48209265926593],[127.35883588358836,36.48244824482448],[127.35913591359136,36.48514851485149],[127.36003600360036,36.48844884488449],[127.36333633363337,36.48964896489649],[127.36706455330672,36.48848389624857],[127.36885300966291,36.48970004657078],[127.36363636363636,36.491149114911494],[127.35703570357036,36.49384938493849],[127.35343534353436,36.4965496549655],[127.35253525352535,36.498049804980496],[127.35253525352535,36.5001500150015],[127.35373537353735,36.501950195019504],[127.36303630363037,36.51005100510051],[127.36423642364237,36.51365136513651],[127.36393639363936,36.515751575157516],[127.36093609360937,36.518451845184515],[127.35943594359436,36.519051905190516],[127.35253525352535,36.51875187518752],[127.34983498349835,36.51815181518152],[127.34653465346534,36.51755175517552],[127.34743474347435,36.51365136513651],[127.34113411341134,36.51245124512451],[127.33843384338434,36.51185118511851],[127.32733273327332,36.50945094509451],[127.32163216321632,36.50855085508551],[127.31353135313532,36.505850585058504],[127.31083108310831,36.5034503450345],[127.31113111311132,36.503150315031505],[127.31473147314732,36.5028502850285],[127.31653165316531,36.5022502250225],[127.31803180318032,36.5007500750075],[127.32013201320132,36.4986498649865],[127.32073207320732,36.496849684968495],[127.32073207320732,36.49384938493849],[127.31803180318032,36.48844884488449],[127.31743174317431,36.484248424842484],[127.31773177317731,36.48064806480648],[127.3102310231023,36.47944794479448],[127.30873087308731,36.479747974797476],[127.30603060306031,36.47944794479448],[127.3003300330033,36.47824782478248],[127.2976297629763,36.477347734773474],[127.2943294329433,36.47434743474347],[127.29132913291329,36.473447344734474],[127.28892889288929,36.47374737473747],[127.2871287128713,36.47314731473147],[127.28622862286228,36.47134713471347],[127.28262826282628,36.46864686468647],[127.28082808280828,36.468946894689466],[127.27692769276928,36.46744674467447],[127.27212721272127,36.463846384638465],[127.26972697269727,36.46234623462346],[127.26672667266726,36.46354635463546],[127.26372637263727,36.46354635463546],[127.25892589258926,36.46234623462346],[127.25772577257726,36.46054605460546],[127.25502550255025,36.45934593459346],[127.25202520252026,36.45904590459046],[127.24842484248425,36.45934593459346],[127.24812481248125,36.46084608460846],[127.24452445244525,36.46054605460546],[127.24062406240624,36.45994599459946],[127.23282328232823,36.456345634563455],[127.22952295229523,36.45274527452745],[127.22772277227723,36.45004500450045],[127.22712271227122,36.444944494449445],[127.22652265226523,36.44194419441944],[127.22532253225323,36.43834383438344],[127.22262226222622,36.436843684368434],[127.21842184218421,36.43564356435643],[127.21272127212721,36.43564356435643]]]},"properties":{"name":"금남면","base_year":"2018","name_eng":"Geumnam-myeon","code":"2901034"}},
{"type":"Feature","geometry":{"type":"Polygon","coordinates":[[[127.21872187218722,36.55295529552955],[127.21782178217822,36.554455445544555],[127.21812181218122,36.557755775577554],[127.21872187218722,36.55865586558656],[127.21782178217822,36.56225622562256],[127.21602160216021,36.56825682568257],[127.21422142214222,36.57035703570357],[127.21332133213322,36.57245724572457],[127.21182118211821,36.57845784578458],[127.20770109167779,36.57816355361027],[127.208,36.578],[127.20749307430744,36.57739168916892],[127.20732073207321,36.57635763576358],[127.2067206720672,36.57515751575158],[127.20372037203721,36.572757275727575],[127.2031203120312,36.56735673567357],[127.1995199519952,36.56495649564957],[127.1974197419742,36.564656465646564],[127.19697338009662,36.56476805611596],[127.18676459074479,36.55251750889375],[127.18721872187218,36.55115511551155],[127.18871887188719,36.54965496549655],[127.1914191419142,36.54725472547255],[127.19171917191719,36.54605460546055],[127.18691869186918,36.54575457545754],[127.18511851185119,36.543654365436545],[127.18271827182718,36.544254425442546],[127.18121812181218,36.54545454545455],[127.18087878787878,36.54545454545455],[127.173,36.536],[127.1748806630663,36.53286556155616],[127.17491749174917,36.532853285328535],[127.17506480648063,36.5325586558656],[127.17954520452047,36.52509132579924],[127.18241824182418,36.521452145214525],[127.18211821182118,36.520852085208524],[127.17998919891997,36.51898919891997],[127.17012831283128,36.50912831283128],[127.17041704170417,36.50855085508551],[127.17581758175818,36.50555055505551],[127.17761776177618,36.502550255025504],[127.17581758175818,36.5004500450045],[127.17411339595499,36.4995979521029],[127.177,36.493],[127.17734230465301,36.49258434434993],[127.18001800180018,36.49204920492049],[127.18121812181218,36.492949294929495],[127.18331833183318,36.49324932493249],[127.18841884188419,36.49264926492649],[127.1947194719472,36.48964896489649],[127.1947194719472,36.484848484848484],[127.19411941194119,36.484248424842484],[127.19051905190518,36.47944794479448],[127.19196132203147,36.47483268039036],[127.19926196369637,36.46596761551155],[127.2010201020102,36.46684668466847],[127.2034203420342,36.465046504650466],[127.2040204020402,36.462646264626464],[127.20459364436444,36.459493431843185],[127.205,36.459],[127.20189241277069,36.446569651082754],[127.2019201920192,36.44644464446445],[127.20132013201321,36.44194419441944],[127.2010201020102,36.441044104410445],[127.20042618011801,36.44070472047205],[127.20004259121565,36.43917036486257],[127.2004200420042,36.43894389438944],[127.20702070207021,36.43624362436243],[127.21272127212721,36.43564356435643],[127.21842184218421,36.43564356435643],[127.22262226222622,36.436843684368434],[127.22532253225323,36.43834383438344],[127.22652265226523,36.44194419441944],[127.22712271227122,36.444944494449445],[127.22772277227723,36.45004500450045],[127.22952295229523,36.45274527452745],[127.23282328232823,36.456345634563455],[127.24062406240624,36.45994599459946],[127.24452445244525,36.46054605460546],[127.24182418241824,36.464446444644466],[127.23492349234924,36.47044704470447],[127.23552355235523,36.47254725472547],[127.23792379237923,36.47434743474347],[127.24002400240025,36.474647464746475],[127.24092409240924,36.47614761476147],[127.24392439243924,36.47884788478848],[127.24332433243325,36.480948094809484],[127.24182418241824,36.484848484848484],[127.24032403240324,36.48514851485149],[127.23912391239124,36.48634863486349],[127.23942394239424,36.48754875487549],[127.23882388238823,36.49054905490549],[127.23792379237923,36.49204920492049],[127.23852385238524,36.492949294929495],[127.23792379237923,36.495049504950494],[127.23642364236423,36.4965496549655],[127.23222322232223,36.4983498349835],[127.23102310231023,36.4992499249925],[127.23162316231623,36.5022502250225],[127.23012301230123,36.504950495049506],[127.22772277227723,36.50735073507351],[127.22712271227122,36.51095109510951],[127.22562256225622,36.51245124512451],[127.22412241224123,36.51245124512451],[127.22352235223522,36.513351335133514],[127.22352235223522,36.514551455145515],[127.22802280228022,36.52175217521752],[127.22952295229523,36.522652265226526],[127.23072307230723,36.52625262526253],[127.22742274227423,36.52955295529553],[127.22442244224422,36.53015301530153],[127.22172217221723,36.52955295529553],[127.21992199219922,36.53075307530753],[127.21722172217221,36.53135313531353],[127.21482148214821,36.53075307530753],[127.21362136213621,36.531053105310534],[127.21212121212122,36.53375337533753],[127.21422142214222,36.536753675367535],[127.21362136213621,36.53915391539154],[127.21242124212421,36.54035403540354],[127.21452145214522,36.54395439543954],[127.21782178217822,36.547554755475545],[127.21932193219322,36.55235523552355],[127.21872187218722,36.55295529552955]]]},"properties":{"name":"장군면","base_year":"2018","name_eng":"Janggunmyeon","code":"2901035"}},
{"type":"Feature","geometry":{"type":"Polygon","coordinates":[[[127.25922592259226,36.61866186618662],[127.25682568256826,36.61866186618662],[127.25142514251425,36.62016201620162],[127.24932493249325,36.61896189618962],[127.24632463246324,36.61836183618362],[127.24362436243625,36.61866186618662],[127.23552355235523,36.61896189618962],[127.23102310231023,36.61836183618362],[127.22802280228022,36.61746174617462],[127.22562256225622,36.61566156615662],[127.22292229222923,36.617761776177616],[127.22142214221422,36.61986198619862],[127.21962196219621,36.62016201620162],[127.21782178217822,36.61956195619562],[127.21272127212721,36.61986198619862],[127.2112211221122,36.62046204620462],[127.20942094209421,36.61986198619862],[127.2034203420342,36.615961596159615],[127.1992199219922,36.615361536153614],[127.1968196819682,36.61356135613561],[127.1971197119712,36.61116111611161],[127.19771977197719,36.60966096609661],[127.1962196219622,36.604560456045604],[127.19561956195619,36.60366036603661],[127.19411941194119,36.6033603360336],[127.1926192619262,36.600660066006604],[127.19321932193219,36.599459945994596],[127.1926192619262,36.5979597959796],[127.18931893189318,36.59465946594659],[127.1914191419142,36.59405940594059],[127.18966176875314,36.5880341265313],[127.1999101749216,36.582426508061765],[127.2004200420042,36.58265826582658],[127.2055205520552,36.58085808580858],[127.20702070207021,36.57935793579358],[127.20758655865586,36.57822622262227],[127.20770109167779,36.57816355361027],[127.21182118211821,36.57845784578458],[127.21332133213322,36.57245724572457],[127.21422142214222,36.57035703570357],[127.21602160216021,36.56825682568257],[127.21782178217822,36.56225622562256],[127.21872187218722,36.55865586558656],[127.21812181218122,36.557755775577554],[127.21782178217822,36.554455445544555],[127.21872187218722,36.55295529552955],[127.22172217221723,36.553855385538554],[127.22442244224422,36.554455445544555],[127.22592259225922,36.553855385538554],[127.23102310231023,36.554455445544555],[127.23342334233423,36.553255325532554],[127.24152415241524,36.55145514551455],[127.24242424242425,36.55175517551755],[127.24392439243924,36.55295529552955],[127.24722472247225,36.55265526552655],[127.25082508250826,36.55085508550855],[127.25412541254126,36.55025502550255],[127.26132613261326,36.55205520552055],[127.26282628262827,36.553255325532554],[127.26672667266726,36.55235523552355],[127.26672667266726,36.54965496549655],[127.26912691269126,36.54965496549655],[127.27122712271228,36.55145514551455],[127.27302730273027,36.55355535553555],[127.27332733273327,36.555655565556556],[127.27902790279028,36.55595559555955],[127.28262826282628,36.55655565556555],[127.28442844284429,36.55595559555955],[127.29252925292529,36.54965496549655],[127.2967296729673,36.546354635463544],[127.2982298229823,36.55235523552355],[127.2997299729973,36.55655565556555],[127.3009300930093,36.557155715571554],[127.3021302130213,36.55985598559856],[127.3021302130213,36.56435643564357],[127.30273027302731,36.565856585658565],[127.30393039303931,36.56795679567957],[127.30633063306331,36.57035703570357],[127.3066306630663,36.57245724572457],[127.30603060306031,36.573957395739576],[127.3012301230123,36.57875787578758],[127.2988298829883,36.57755775577558],[127.29702970297029,36.57755775577558],[127.29462946294629,36.57845784578458],[127.2949294929493,36.57965796579658],[127.2928292829283,36.57995799579958],[127.2904290429043,36.57905790579058],[127.28922892289229,36.57995799579958],[127.28772877287729,36.583558355835585],[127.29102910291029,36.58565856585658],[127.29132913291329,36.58715871587159],[127.2895289528953,36.588058805880586],[127.28472847284729,36.59255925592559],[127.28202820282029,36.5961596159616],[127.27692769276928,36.597059705970594],[127.27512751275127,36.5967596759676],[127.27182718271827,36.597059705970594],[127.26972697269727,36.5985598559856],[127.26912691269126,36.60426042604261],[127.26852685268527,36.60486048604861],[127.26672667266726,36.60786078607861],[127.26522652265227,36.61176117611761],[127.26132613261326,36.61296129612961],[127.25952595259525,36.61446144614462],[127.25922592259226,36.61566156615662],[127.25922592259226,36.61866186618662]]]},"properties":{"name":"연서면","base_year":"2018","name_eng":"Yeonseomyeon","code":"2901036"}},
{"type":"Feature","geometry":{"type":"Polygon","coordinates":[[[127.20942094209421,36.61986198619862],[127.20942094209421,36.62106210621062],[127.2100210021002,36.622262226222624],[127.20912091209121,36.62586258625863],[127.20702070207021,36.62646264626463],[127.20492049204921,36.62916291629163],[127.2031203120312,36.63456345634563],[127.2040204020402,36.63636363636363],[127.2040204020402,36.64026402640264],[127.2019201920192,36.64386438643864],[127.2031203120312,36.646264626462646],[127.2043204320432,36.646864686468646],[127.20462046204621,36.64806480648065],[127.2007200720072,36.65496549654966],[127.20012001200121,36.656465646564655],[127.20132013201321,36.65976597659766],[127.2022202220222,36.65976597659766],[127.20582058205821,36.66156615661566],[127.2088208820882,36.66546654665466],[127.20792079207921,36.66816681668167],[127.2067206720672,36.66816681668167],[127.20582058205821,36.66936693669367],[127.20822082208221,36.67506750675067],[127.2100210021002,36.674167416741675],[127.2112211221122,36.67236723672367],[127.21392139213921,36.67026702670267],[127.21782178217822,36.66966696669667],[127.21932193219322,36.67086708670867],[127.21932193219322,36.67506750675067],[127.21782178217822,36.67716771677168],[127.21602160216021,36.681668166816685],[127.21602160216021,36.68406840684069],[127.22052205220523,36.68766876687669],[127.22202220222022,36.68826882688269],[127.22562256225622,36.68796879687969],[127.22742274227423,36.68706870687069],[127.22922292229222,36.68526852685269],[127.23282328232823,36.682868286828686],[127.23492349234924,36.68376837683768],[127.24152415241524,36.68526852685269],[127.24212421242125,36.686168616861686],[127.24512451245124,36.68916891689169],[127.24842484248425,36.691269126912694],[127.24842484248425,36.6942694269427],[127.24812481248125,36.695169516951694],[127.24572457245725,36.695769576957694],[127.24392439243924,36.6978697869787],[127.24388762778717,36.69792033837529],[127.23193983244478,36.708781970504745],[127.23042304230422,36.707770777077705],[127.22862286228623,36.70807080708071],[127.22502250225023,36.71047104710471],[127.22352235223522,36.71167116711671],[127.22352235223522,36.71377137713771],[127.22412241224123,36.714671467146715],[127.22352235223522,36.71557155715571],[127.21932193219322,36.71557155715571],[127.21602160216021,36.71617161716171],[127.21482148214821,36.71707170717072],[127.21242124212421,36.717971797179715],[127.20792079207921,36.719171917191716],[127.20702070207021,36.717971797179715],[127.20732073207321,36.71617161716171],[127.20612061206121,36.71287128712871],[127.2043204320432,36.71047104710471],[127.2007200720072,36.71017101710171],[127.1995199519952,36.705070507050706],[127.1968196819682,36.702670267026704],[127.19441944194419,36.702670267026704],[127.1890189018902,36.7029702970297],[127.18421842184219,36.704470447044706],[127.18391839183919,36.705070507050706],[127.17821782178218,36.707770777077705],[127.17761776177618,36.70927092709271],[127.17671767176718,36.71047104710471],[127.17461746174618,36.70987098709871],[127.16891689168916,36.707770777077705],[127.16531653165316,36.71077107710771],[127.16321632163216,36.71077107710771],[127.16141614161417,36.70957095709571],[127.16081608160816,36.70807080708071],[127.15991599159916,36.707770777077705],[127.15721572157216,36.707170717071705],[127.15481548154816,36.708970897089706],[127.15301530153015,36.70867086708671],[127.15151515151516,36.70747074707471],[127.15121512151215,36.70567056705671],[127.15421542154215,36.6978697869787],[127.15721572157216,36.6954695469547],[127.15841584158416,36.695169516951694],[127.16021602160217,36.69276927692769],[127.16141614161417,36.69006900690069],[127.16081608160816,36.68796879687969],[127.16231623162317,36.684968496849685],[127.16351635163517,36.681068106810685],[127.16411641164116,36.67836783678368],[127.16351635163517,36.67626762676267],[127.16271450781441,36.67600034548909],[127.15505931152556,36.66409226237309],[127.15901590159015,36.66126612661266],[127.16051605160516,36.65736573657366],[127.16051605160516,36.65616561656166],[127.15609621852873,36.6534032208889],[127.15788526910944,36.63610906527544],[127.15811581158115,36.635463546354636],[127.15799083329385,36.63508861149274],[127.158,36.635],[127.15789678967896,36.63480648064804],[127.15721572157216,36.63276327632763],[127.15631563156316,36.63156315631563],[127.15631563156316,36.63006300630063],[127.15691569156915,36.627362736273625],[127.15961596159616,36.626162616261624],[127.16051605160516,36.62436243624362],[127.15931593159316,36.624062406240625],[127.15421542154215,36.62376237623762],[127.15271527152716,36.62196219621962],[127.15031503150315,36.61986198619862],[127.15059880988098,36.618443094309484],[127.15063259134902,36.618355262492535],[127.15301530153015,36.61746174617462],[127.15481548154816,36.616561656165615],[127.15601560156016,36.61506150615062],[127.15511551155116,36.612061206120615],[127.15540912642615,36.6067761383706],[127.15655310200623,36.60615018946829],[127.15781578157815,36.606360636063606],[127.16021602160217,36.605160516051605],[127.16201620162016,36.604560456045604],[127.16621662166217,36.602460246024606],[127.17137075620604,36.598042416415566],[127.1750495293304,36.59602950281922],[127.17851785178517,36.5967596759676],[127.18181818181819,36.595559555955596],[127.18211821182118,36.593159315931594],[127.18451845184518,36.59105910591059],[127.18721872187218,36.59225922592259],[127.18691869186918,36.59345934593459],[127.18931893189318,36.59465946594659],[127.1926192619262,36.5979597959796],[127.19321932193219,36.599459945994596],[127.1926192619262,36.600660066006604],[127.19411941194119,36.6033603360336],[127.19561956195619,36.60366036603661],[127.1962196219622,36.604560456045604],[127.19771977197719,36.60966096609661],[127.1971197119712,36.61116111611161],[127.1968196819682,36.61356135613561],[127.1992199219922,36.615361536153614],[127.2034203420342,36.615961596159615],[127.20942094209421,36.61986198619862]]]},"properties":{"name":"전의면","base_year":"2018","name_eng":"Jeonui-myeon","code":"2901037"}},
{"type":"Feature","geometry":{"type":"Polygon","coordinates":[[[127.27962796279628,36.63336333633363],[127.27902790279028,36.63396339633963],[127.27900671119743,36.634],[127.279,36.634],[127.27895749574958,36.63408500850083],[127.2776409390939,36.63635906090611],[127.277,36.637],[127.276,36.639],[127.276,36.63919341025012],[127.27572757275728,36.63966396639664],[127.27692769276928,36.641764176417645],[127.27770333555095,36.64141944629246],[127.28180409345282,36.64483674454402],[127.28172817281728,36.645064506450645],[127.28442844284429,36.64986498649865],[127.28524872487249,36.65068526852685],[127.286,36.652],[127.28753105310528,36.65557245724565],[127.28862886288628,36.65886588658866],[127.28922892289229,36.65946594659466],[127.29168121812182,36.65967030453045],[127.297,36.661],[127.29819261926194,36.661397539753985],[127.2997299729973,36.662166216621664],[127.3024302430243,36.66576657665767],[127.30402452745275,36.6668294329433],[127.305,36.668],[127.30619168316832,36.67356118811879],[127.30633063306331,36.675367536753676],[127.3066306630663,36.67626762676267],[127.30681008100811,36.67644704470448],[127.30753075307531,36.67981018101809],[127.30753075307531,36.68196819681968],[127.30511868329688,36.684160987527335],[127.304,36.685],[127.30356075607564,36.68521962196218],[127.3018301830183,36.68586858685869],[127.3015301530153,36.68586858685869],[127.2994299429943,36.68586858685869],[127.2967296729673,36.68586858685869],[127.2940294029403,36.68646864686469],[127.29308835883592,36.686782328232816],[127.292,36.687],[127.29,36.688],[127.28961767605333,36.688229394368015],[127.2895289528953,36.68826882688269],[127.28951909476663,36.68828854314003],[127.2855708070807,36.690657515751575],[127.28412841284128,36.69036903690369],[127.28142814281428,36.69036903690369],[127.27782778277827,36.691269126912694],[127.27662766276627,36.691869186918694],[127.27651857514518,36.692087362160876],[127.2679408119156,36.693187075395436],[127.26522652265227,36.69216921692169],[127.25772577257726,36.69276927692769],[127.25412541254126,36.6948694869487],[127.25400360036005,36.69497389738974],[127.24889117785018,36.69562933617305],[127.24812481248125,36.695169516951694],[127.24842484248425,36.6942694269427],[127.24842484248425,36.691269126912694],[127.24512451245124,36.68916891689169],[127.24212421242125,36.686168616861686],[127.24152415241524,36.68526852685269],[127.23492349234924,36.68376837683768],[127.23282328232823,36.682868286828686],[127.22922292229222,36.68526852685269],[127.22742274227423,36.68706870687069],[127.22562256225622,36.68796879687969],[127.22202220222022,36.68826882688269],[127.22052205220523,36.68766876687669],[127.21602160216021,36.68406840684069],[127.21602160216021,36.681668166816685],[127.21782178217822,36.67716771677168],[127.21932193219322,36.67506750675067],[127.21932193219322,36.67086708670867],[127.21782178217822,36.66966696669667],[127.21392139213921,36.67026702670267],[127.2112211221122,36.67236723672367],[127.2100210021002,36.674167416741675],[127.20822082208221,36.67506750675067],[127.20582058205821,36.66936693669367],[127.2067206720672,36.66816681668167],[127.20792079207921,36.66816681668167],[127.2088208820882,36.66546654665466],[127.20582058205821,36.66156615661566],[127.2022202220222,36.65976597659766],[127.20132013201321,36.65976597659766],[127.20012001200121,36.656465646564655],[127.2007200720072,36.65496549654966],[127.20462046204621,36.64806480648065],[127.2043204320432,36.646864686468646],[127.2031203120312,36.646264626462646],[127.2019201920192,36.64386438643864],[127.2040204020402,36.64026402640264],[127.2040204020402,36.63636363636363],[127.2031203120312,36.63456345634563],[127.20492049204921,36.62916291629163],[127.20702070207021,36.62646264626463],[127.20912091209121,36.62586258625863],[127.2100210021002,36.622262226222624],[127.20942094209421,36.62106210621062],[127.20942094209421,36.61986198619862],[127.2112211221122,36.62046204620462],[127.21272127212721,36.61986198619862],[127.21782178217822,36.61956195619562],[127.21962196219621,36.62016201620162],[127.22142214221422,36.61986198619862],[127.22292229222923,36.617761776177616],[127.22562256225622,36.61566156615662],[127.22802280228022,36.61746174617462],[127.23102310231023,36.61836183618362],[127.23552355235523,36.61896189618962],[127.24362436243625,36.61866186618662],[127.24632463246324,36.61836183618362],[127.24932493249325,36.61896189618962],[127.25142514251425,36.62016201620162],[127.25682568256826,36.61866186618662],[127.25922592259226,36.61866186618662],[127.26222622262226,36.61926192619262],[127.26462646264626,36.62076207620762],[127.26792679267926,36.62046204620462],[127.27362736273628,36.622862286228624],[127.27932793279328,36.62916291629163],[127.27962796279628,36.63336333633363]]]},"properties":{"name":"전동면","base_year":"2018","name_eng":"Jeondong-myeon","code":"2901038"}},
{"type":"Feature","geometry":{"type":"Polygon","coordinates":[[[127.20792079207921,36.719171917191716],[127.2064206420642,36.72067206720672],[127.20492049204921,36.720972097209724],[127.20372037203721,36.72367236723672],[127.20315717517698,36.72592515467763],[127.203,36.726],[127.19007992378185,36.72810326822156],[127.1890189018902,36.72757275727573],[127.18721872187218,36.72787278727873],[127.1858369175379,36.72879399016825],[127.18246032816538,36.72934366750796],[127.17701770177018,36.72847284728473],[127.17371737173717,36.72877287728773],[127.17191719171917,36.73057305730573],[127.17174556717967,36.73108793092424],[127.16,36.733],[127.1595060462568,36.73242372063293],[127.15931593159316,36.73147314731473],[127.15751575157516,36.72757275727573],[127.15631563156316,36.72727272727273],[127.15540360419021,36.727637538221906],[127.13613113619054,36.705152992222295],[127.13621362136213,36.705070507050706],[127.13787278727871,36.70125442544257],[127.13950130727358,36.69799738545283],[127.14071407140715,36.6972697269727],[127.14281428142814,36.691869186918694],[127.14264836483649,36.69170327032703],[127.144,36.689],[127.14406254316707,36.68896560125812],[127.14911491149115,36.69036903690369],[127.15211521152115,36.69006900690069],[127.15631563156316,36.69066906690669],[127.15661566156615,36.691269126912694],[127.15721572157216,36.6954695469547],[127.15421542154215,36.6978697869787],[127.15121512151215,36.70567056705671],[127.15151515151516,36.70747074707471],[127.15301530153015,36.70867086708671],[127.15481548154816,36.708970897089706],[127.15721572157216,36.707170717071705],[127.15991599159916,36.707770777077705],[127.16081608160816,36.70807080708071],[127.16141614161417,36.70957095709571],[127.16321632163216,36.71077107710771],[127.16531653165316,36.71077107710771],[127.16891689168916,36.707770777077705],[127.17461746174618,36.70987098709871],[127.17671767176718,36.71047104710471],[127.17761776177618,36.70927092709271],[127.17821782178218,36.707770777077705],[127.18391839183919,36.705070507050706],[127.18421842184219,36.704470447044706],[127.1890189018902,36.7029702970297],[127.19441944194419,36.702670267026704],[127.1968196819682,36.702670267026704],[127.1995199519952,36.705070507050706],[127.2007200720072,36.71017101710171],[127.2043204320432,36.71047104710471],[127.20612061206121,36.71287128712871],[127.20732073207321,36.71617161716171],[127.20702070207021,36.717971797179715],[127.20792079207921,36.719171917191716]]]},"properties":{"name":"소정면","base_year":"2018","name_eng":"Sojeong-myeon","code":"2901039"}},
{"type":"Feature","geometry":{"type":"Polygon","coordinates":[[[127.26132613261326,36.525352535253525],[127.26012601260126,36.52295229522952],[127.25562556255626,36.519051905190516],[127.25382538253825,36.51935193519352],[127.25202520252026,36.513951395139514],[127.25232523252325,36.507050705070505],[127.25442544254426,36.50615061506151],[127.25502550255025,36.5007500750075],[127.25442544254426,36.4989498949895],[127.25172517251725,36.4989498949895],[127.25352535253525,36.4965496549655],[127.25772577257726,36.49384938493849],[127.25892589258926,36.49324932493249],[127.26492649264927,36.491149114911494],[127.26612661266127,36.491749174917494],[127.26852685268527,36.493549354935496],[127.27062706270627,36.4992499249925],[127.27332733273327,36.5007500750075],[127.27332733273327,36.502550255025504],[127.27182718271827,36.5028502850285],[127.27242724272428,36.5046504650465],[127.27572757275728,36.503750375037505],[127.27842784278428,36.50555055505551],[127.27902790279028,36.50735073507351],[127.27752775277527,36.50975097509751],[127.27422742274227,36.51035103510351],[127.27392739273927,36.508850885088506],[127.27602760276028,36.507050705070505],[127.27452745274528,36.506450645064504],[127.27302730273027,36.50675067506751],[127.26762676267627,36.51035103510351],[127.26672667266726,36.51275127512751],[127.26822682268227,36.514551455145515],[127.26732673267327,36.51605160516051],[127.26552655265526,36.51635163516352],[127.26462646264626,36.51815181518152],[127.26462646264626,36.52055205520552],[127.26762676267627,36.52295229522952],[127.26582658265826,36.524152415241524],[127.26132613261326,36.525352535253525]]]},"properties":{"name":"도담동","base_year":"2018","name_eng":"Dodam-dong","code":"2901053"}},
{"type":"Feature","geometry":{"type":"Polygon","coordinates":[[[127.25232523252325,36.507050705070505],[127.24482448244825,36.50855085508551],[127.24122412241225,36.508850885088506],[127.24122412241225,36.505850585058504],[127.24032403240324,36.4995499549955],[127.25172517251725,36.4989498949895],[127.25442544254426,36.4989498949895],[127.25502550255025,36.5007500750075],[127.25442544254426,36.50615061506151],[127.25232523252325,36.507050705070505]]]},"properties":{"name":"종촌동","base_year":"2018","name_eng":"Jongchon-dong","code":"2901056"}},
{"type":"Feature","geometry":{"type":"Polygon","coordinates":[[[127.27212721272127,36.463846384638465],[127.27692769276928,36.46744674467447],[127.28082808280828,36.468946894689466],[127.28262826282628,36.46864686468647],[127.28622862286228,36.47134713471347],[127.2871287128713,36.47314731473147],[127.28892889288929,36.47374737473747],[127.29132913291329,36.473447344734474],[127.2943294329433,36.47434743474347],[127.2976297629763,36.477347734773474],[127.3003300330033,36.47824782478248],[127.30603060306031,36.47944794479448],[127.30873087308731,36.479747974797476],[127.3102310231023,36.47944794479448],[127.31773177317731,36.48064806480648],[127.31743174317431,36.484248424842484],[127.31803180318032,36.48844884488449],[127.32073207320732,36.49384938493849],[127.32073207320732,36.496849684968495],[127.32013201320132,36.4986498649865],[127.31803180318032,36.5007500750075],[127.31653165316531,36.5022502250225],[127.31473147314732,36.5028502850285],[127.31113111311132,36.503150315031505],[127.30993099309931,36.502550255025504],[127.3066306630663,36.5001500150015],[127.3012301230123,36.495049504950494],[127.2976297629763,36.49054905490549],[127.29342934293429,36.484848484848484],[127.2919291929193,36.48304830483048],[127.29012901290129,36.482148214821486],[127.28622862286228,36.48004800480048],[127.27872787278727,36.47704770477048],[127.27512751275127,36.475847584758476],[127.26702670267026,36.47224722472247],[127.26612661266127,36.47164716471647],[127.26342634263426,36.467746774677465],[127.26342634263426,36.46624662466247],[127.26582658265826,36.46624662466247],[127.26882688268827,36.46564656465647],[127.27212721272127,36.463846384638465]]]},"properties":{"name":"보람동","base_year":"2018","name_eng":"Boram-dong","code":"2901058"}},
{"type":"Feature","geometry":{"type":"Polygon","coordinates":[[[127.24872487248724,36.52805280528053],[127.24812481248125,36.525352535253525],[127.24662466246625,36.52295229522952],[127.24302430243024,36.51995199519952],[127.24212421242125,36.51875187518752],[127.24152415241524,36.51635163516352],[127.24122412241225,36.508850885088506],[127.24482448244825,36.50855085508551],[127.25232523252325,36.507050705070505],[127.25202520252026,36.513951395139514],[127.25382538253825,36.51935193519352],[127.25562556255626,36.519051905190516],[127.26012601260126,36.52295229522952],[127.26132613261326,36.525352535253525],[127.25742574257426,36.52625262526253],[127.25172517251725,36.52685268526853],[127.24872487248724,36.52805280528053]]]},"properties":{"name":"아름동","base_year":"2018","name_eng":"Areum-dong","code":"2901059"}},
{"type":"Feature","geometry":{"type":"Polygon","coordinates":[[[127.22442244224422,36.53015301530153],[127.22742274227423,36.52955295529553],[127.23072307230723,36.52625262526253],[127.22952295229523,36.522652265226526],[127.22802280228022,36.52175217521752],[127.22352235223522,36.514551455145515],[127.22352235223522,36.513351335133514],[127.22412241224123,36.51245124512451],[127.22562256225622,36.51245124512451],[127.22712271227122,36.51095109510951],[127.22772277227723,36.50735073507351],[127.23012301230123,36.504950495049506],[127.23162316231623,36.5022502250225],[127.23102310231023,36.4992499249925],[127.23492349234924,36.4998499849985],[127.24032403240324,36.4995499549955],[127.24122412241225,36.505850585058504],[127.24122412241225,36.508850885088506],[127.24152415241524,36.51635163516352],[127.24212421242125,36.51875187518752],[127.24302430243024,36.51995199519952],[127.24662466246625,36.52295229522952],[127.24812481248125,36.525352535253525],[127.24872487248724,36.52805280528053],[127.24662466246625,36.53045304530453],[127.24392439243924,36.532853285328535],[127.23852385238524,36.53525352535254],[127.23672367236723,36.53375337533753],[127.23402340234023,36.53315331533153],[127.22742274227423,36.533453345334536],[127.22592259225922,36.53315331533153],[127.22442244224422,36.53015301530153]]]},"properties":{"name":"고운동","base_year":"2018","name_eng":"Goun-dong","code":"2901060"}},
{"type":"Feature","geometry":{"type":"Polygon","coordinates":[[[127.26252625262526,36.478547854785475],[127.25892589258926,36.48364836483648],[127.25562556255626,36.48244824482448],[127.24572457245725,36.47944794479448],[127.24542454245424,36.477947794779475],[127.24392439243924,36.47884788478848],[127.24092409240924,36.47614761476147],[127.24122412241225,36.475247524752476],[127.24002400240025,36.474047404740475],[127.23762376237623,36.473447344734474],[127.23702370237024,36.47164716471647],[127.24032403240324,36.46804680468047],[127.24542454245424,36.463246324632465],[127.24692469246925,36.463246324632465],[127.25202520252026,36.465046504650466],[127.25352535253525,36.465946594659464],[127.25742574257426,36.47164716471647],[127.25742574257426,36.47374737473747],[127.25652565256526,36.47554755475547],[127.26012601260126,36.477347734773474],[127.26252625262526,36.478547854785475]]]},"properties":{"name":"한솔동","base_year":"2018","name_eng":"Hansoldong","code":"2901061"}},
{"type":"Feature","geometry":{"type":"Polygon","coordinates":[[[127.26612661266127,36.491749174917494],[127.26492649264927,36.491149114911494],[127.25892589258926,36.49324932493249],[127.25772577257726,36.49384938493849],[127.25352535253525,36.4965496549655],[127.25172517251725,36.4989498949895],[127.24032403240324,36.4995499549955],[127.23492349234924,36.4998499849985],[127.23102310231023,36.4992499249925],[127.23222322232223,36.4983498349835],[127.23642364236423,36.4965496549655],[127.23792379237923,36.495049504950494],[127.23852385238524,36.492949294929495],[127.23792379237923,36.49204920492049],[127.23882388238823,36.49054905490549],[127.23942394239424,36.48754875487549],[127.23912391239124,36.48634863486349],[127.24032403240324,36.48514851485149],[127.24182418241824,36.484848484848484],[127.24332433243325,36.480948094809484],[127.24392439243924,36.47884788478848],[127.24542454245424,36.477947794779475],[127.24572457245725,36.47944794479448],[127.25562556255626,36.48244824482448],[127.25892589258926,36.48364836483648],[127.26252625262526,36.478547854785475],[127.26552655265526,36.479747974797476],[127.26942694269427,36.48004800480048],[127.27092709270927,36.48064806480648],[127.27302730273027,36.48334833483349],[127.27332733273327,36.48394839483949],[127.27152715271527,36.48754875487549],[127.26762676267627,36.49084908490849],[127.26612661266127,36.491749174917494]]]},"properties":{"name":"새롬동","base_year":"2018","name_eng":"Saerom-dong","code":"2901062"}}
]}