{"type":"FeatureCollection", "features": [
{"type":"Feature","geometry":{"type":"Polygon","coordinates":[[[126.958,37.629],[126.957,37.653],[126.948,37.657],[126.912,37.644],[126.9,37.611],[126.9,37.59],[126.882,37.591],[126.876,37.578],[126.854,37.572],[126.803,37.605],[126.794,37.582],[126.771,37.557],[126.771,37.548],[126.775,37.549],[126.776,37.549],[126.777,37.548],[126.778,37.547],[126.787,37.546],[126.794,37.54],[126.794,37.537],[126.794,37.536],[126.799,37.538],[126.802,37.543],[126.807,37.544],[126.812,37.541],[126.813,37.541],[126.814,37.541],[126.815,37.541],[126.816,37.541],[126.817,37.541],[126.818,37.541],[126.819,37.541],[126.821,37.541],[126.822,37.541],[126.822,37.539],[126.822,37.537],[126.822,37.535],[126.828,37.529],[126.825,37.518],[126.824,37.511],[126.827,37.51],[126.827,37.509],[126.826,37.509],[126.825,37.508],[126.824,37.508],[126.823,37.508],[126.822,37.508],[126.822,37.507],[126.822,37.506],[126.823,37.506],[126.822,37.502],[126.82,37.499],[126.82,37.476],[126.832,37.478],[126.832,37.477],[126.833,37.477],[126.845,37.474],[126.875,37.485],[126.886,37.456],[126.899,37.439],[126.903,37.434],[126.904,37.434],[126.905,37.434],[126.906,37.434],[126.907,37.434],[126.909,37.434],[126.919,37.44],[126.923,37.445],[126.928,37.449],[126.928,37.45],[126.93,37.447],[126.931,37.445],[126.937,37.442],[126.94,37.436],[126.945,37.437],[126.946,37.437],[126.948,37.439],[126.949,37.438],[126.959,37.439],[126.964,37.441],[126.989,37.458],[127.026,37.458],[127.047,37.431],[127.07,37.431],[127.095,37.456],[127.124,37.467],[127.144,37.474],[127.161,37.5],[127.145,37.517],[127.163,37.545],[127.183,37.546],[127.169,37.579],[127.115,37.557],[127.101,37.574],[127.118,37.605],[127.106,37.62],[127.111,37.642],[127.095,37.645],[127.091,37.659],[127.094,37.663],[127.095,37.668],[127.096,37.668],[127.096,37.669],[127.096,37.67],[127.094,37.676],[127.092,37.679],[127.096,37.689],[127.085,37.69],[127.081,37.696],[127.052,37.686],[127.015,37.701],[127.009,37.684],[126.992,37.68],[126.993,37.666],[126.98,37.656],[126.984,37.636],[126.975,37.632],[126.958,37.629]]]},"properties":{"prov":"11"}},
{"type":"Feature","geometry":{"type":"MultiPolygon","coordinates":[[[[129.044,35.108],[129.066,35.129],[129.075,35.104],[129.124,35.099],[129.129,35.118],[129.112,35.136],[129.131,35.161],[129.143,35.154],[129.196,35.164],[129.208,35.182],[129.223,35.185],[129.252,35.245],[129.258,35.305],[129.281,35.327],[129.305,35.33],[129.28,35.341],[129.282,35.365],[129.263,35.386],[129.219,35.379],[129.201,35.388],[129.199,35.366],[129.178,35.352],[129.149,35.364],[129.133,35.356],[129.126,35.333],[129.109,35.305],[129.091,35.303],[129.074,35.291],[129.058,35.295],[129.047,35.274],[129.013,35.274],[128.997,35.236],[128.99,35.232],[128.984,35.23],[128.981,35.229],[128.976,35.228],[128.973,35.227],[128.949,35.225],[128.946,35.227],[128.945,35.227],[128.945,35.228],[128.944,35.228],[128.943,35.228],[128.942,35.228],[128.941,35.228],[128.94,35.227],[128.92,35.216],[128.897,35.213],[128.889,35.215],[128.888,35.214],[128.887,35.214],[128.886,35.214],[128.885,35.214],[128.884,35.213],[128.884,35.212],[128.882,35.21],[128.881,35.21],[128.88,35.21],[128.879,35.21],[128.87,35.202],[128.881,35.183],[128.872,35.164],[128.859,35.168],[128.843,35.158],[128.794,35.157],[128.815,35.133],[128.833,35.13],[128.839,35.115],[128.84,35.115],[128.821,35.097],[128.829,35.09],[128.837,35.083],[128.911,35.079],[128.93,35.093],[128.935,35.11],[128.932,35.085],[128.95,35.082],[128.958,35.053],[128.995,35.063],[128.993,35.084],[129.005,35.084],[129.011,35.077],[129.006,35.071],[129.011,35.063],[129.021,35.07],[129.026,35.096],[129.044,35.108]]],[[[129.062,35.101],[129.031,35.094],[129.034,35.085],[129.065,35.062],[129.093,35.052],[129.079,35.085],[129.062,35.101]]],[[[128.812,35.078],[128.795,35.06],[128.812,35.04],[128.814,35.019],[128.835,35.011],[128.851,35.042],[128.846,35.059],[128.833,35.058],[128.829,35.09],[128.812,35.078]]]]},"properties":{"prov":"21"}},
{"type":"Feature","geometry":{"type":"Polygon","coordinates":[[[128.603,35.988],[128.546,35.966],[128.527,35.975],[128.535,35.938],[128.529,35.924],[128.506,35.902],[128.505,35.891],[128.502,35.887],[128.501,35.887],[128.5,35.886],[128.5,35.887],[128.5,35.888],[128.499,35.89],[128.495,35.891],[128.484,35.894],[128.475,35.894],[128.473,35.914],[128.473,35.923],[128.476,35.928],[128.477,35.932],[128.477,35.933],[128.476,35.934],[128.476,35.935],[128.476,35.936],[128.475,35.936],[128.474,35.937],[128.472,35.937],[128.47,35.938],[128.468,35.939],[128.467,35.939],[128.463,35.939],[128.46,35.941],[128.458,35.942],[128.454,35.943],[128.453,35.937],[128.429,35.929],[128.419,35.921],[128.407,35.901],[128.399,35.899],[128.384,35.866],[128.384,35.853],[128.387,35.851],[128.416,35.852],[128.419,35.851],[128.445,35.848],[128.447,35.847],[128.45,35.847],[128.451,35.846],[128.455,35.844],[128.46,35.842],[128.469,35.84],[128.481,35.83],[128.483,35.816],[128.473,35.809],[128.474,35.807],[128.472,35.807],[128.471,35.806],[128.47,35.806],[128.441,35.806],[128.441,35.808],[128.441,35.809],[128.424,35.809],[128.421,35.809],[128.416,35.806],[128.408,35.799],[128.383,35.76],[128.391,35.748],[128.432,35.726],[128.435,35.715],[128.435,35.711],[128.434,35.707],[128.432,35.705],[128.425,35.699],[128.412,35.696],[128.397,35.7],[128.396,35.7],[128.392,35.701],[128.383,35.702],[128.359,35.709],[128.358,35.709],[128.355,35.707],[128.352,35.704],[128.352,35.697],[128.357,35.682],[128.4,35.646],[128.401,35.633],[128.388,35.618],[128.385,35.617],[128.378,35.614],[128.377,35.613],[128.376,35.613],[128.373,35.612],[128.372,35.611],[128.373,35.608],[128.378,35.607],[128.382,35.607],[128.384,35.61],[128.388,35.61],[128.39,35.612],[128.395,35.614],[128.395,35.615],[128.396,35.615],[128.398,35.615],[128.399,35.616],[128.403,35.617],[128.404,35.617],[128.405,35.616],[128.407,35.615],[128.413,35.617],[128.432,35.624],[128.441,35.634],[128.446,35.638],[128.447,35.638],[128.448,35.638],[128.449,35.638],[128.45,35.638],[128.452,35.637],[128.453,35.637],[128.454,35.637],[128.456,35.637],[128.458,35.64],[128.459,35.64],[128.46,35.641],[128.463,35.639],[128.463,35.638],[128.465,35.637],[128.466,35.637],[128.471,35.637],[128.481,35.635],[128.495,35.639],[128.506,35.64],[128.51,35.643],[128.511,35.647],[128.509,35.648],[128.509,35.649],[128.508,35.649],[128.507,35.65],[128.509,35.675],[128.53,35.683],[128.532,35.683],[128.531,35.685],[128.531,35.688],[128.532,35.689],[128.533,35.69],[128.534,35.691],[128.535,35.694],[128.528,35.713],[128.581,35.739],[128.607,35.739],[128.609,35.739],[128.612,35.739],[128.614,35.737],[128.615,35.731],[128.61,35.725],[128.616,35.72],[128.617,35.716],[128.614,35.714],[128.614,35.713],[128.614,35.71],[128.617,35.706],[128.62,35.705],[128.62,35.703],[128.631,35.707],[128.633,35.707],[128.635,35.706],[128.637,35.706],[128.638,35.706],[128.643,35.707],[128.645,35.708],[128.646,35.708],[128.657,35.718],[128.683,35.721],[128.683,35.726],[128.686,35.728],[128.687,35.728],[128.688,35.729],[128.691,35.731],[128.694,35.744],[128.692,35.747],[128.695,35.756],[128.686,35.769],[128.687,35.775],[128.686,35.778],[128.685,35.778],[128.682,35.784],[128.683,35.79],[128.697,35.794],[128.718,35.807],[128.709,35.827],[128.724,35.84],[128.726,35.858],[128.739,35.851],[128.76,35.866],[128.761,35.888],[128.755,35.915],[128.738,35.928],[128.739,35.957],[128.746,35.973],[128.735,35.993],[128.718,36.008],[128.696,36.016],[128.651,36.007],[128.641,36.011],[128.619,36.006],[128.603,35.988]]]},"properties":{"prov":"22"}},
{"type":"Feature","geometry":{"type":"MultiPolygon","coordinates":[[[[126.414,37.409],[126.4,37.396],[126.407,37.373],[126.434,37.369],[126.442,37.385],[126.414,37.409]]],[[[126.632,37.43],[126.634,37.431],[126.633,37.427],[126.608,37.427],[126.598,37.416],[126.61,37.416],[126.61,37.387],[126.654,37.356],[126.667,37.353],[126.695,37.383],[126.684,37.386],[126.717,37.381],[126.744,37.403],[126.754,37.418],[126.769,37.427],[126.771,37.43],[126.771,37.431],[126.771,37.434],[126.771,37.436],[126.769,37.443],[126.779,37.451],[126.779,37.469],[126.778,37.47],[126.778,37.471],[126.778,37.472],[126.775,37.471],[126.772,37.472],[126.768,37.472],[126.742,37.487],[126.743,37.488],[126.742,37.494],[126.744,37.502],[126.743,37.504],[126.742,37.506],[126.742,37.507],[126.742,37.508],[126.742,37.509],[126.746,37.515],[126.758,37.516],[126.761,37.52],[126.76,37.524],[126.76,37.536],[126.761,37.538],[126.766,37.554],[126.771,37.548],[126.771,37.557],[126.794,37.582],[126.787,37.586],[126.768,37.588],[126.763,37.585],[126.759,37.585],[126.758,37.585],[126.756,37.583],[126.756,37.582],[126.756,37.581],[126.756,37.58],[126.755,37.58],[126.754,37.58],[126.752,37.58],[126.75,37.581],[126.747,37.586],[126.744,37.592],[126.742,37.592],[126.739,37.593],[126.737,37.593],[126.737,37.591],[126.736,37.591],[126.736,37.59],[126.735,37.591],[126.734,37.591],[126.731,37.592],[126.73,37.592],[126.727,37.592],[126.725,37.592],[126.708,37.605],[126.694,37.62],[126.667,37.636],[126.657,37.638],[126.656,37.638],[126.654,37.638],[126.637,37.627],[126.626,37.603],[126.609,37.605],[126.605,37.6],[126.59,37.592],[126.575,37.588],[126.592,37.561],[126.603,37.533],[126.605,37.496],[126.623,37.496],[126.639,37.504],[126.639,37.498],[126.641,37.497],[126.641,37.496],[126.64,37.496],[126.636,37.496],[126.61,37.487],[126.617,37.484],[126.601,37.482],[126.605,37.465],[126.593,37.449],[126.612,37.43],[126.632,37.43]]],[[[126.419,37.422],[126.443,37.421],[126.484,37.445],[126.507,37.466],[126.564,37.479],[126.583,37.491],[126.564,37.515],[126.547,37.518],[126.512,37.534],[126.499,37.531],[126.494,37.508],[126.471,37.499],[126.419,37.497],[126.375,37.472],[126.361,37.458],[126.385,37.44],[126.395,37.446],[126.414,37.434],[126.419,37.422]]],[[[126.195,37.685],[126.178,37.671],[126.193,37.66],[126.209,37.664],[126.195,37.685]]],[[[126.33,37.746],[126.317,37.752],[126.289,37.743],[126.282,37.709],[126.289,37.695],[126.315,37.685],[126.329,37.67],[126.325,37.66],[126.338,37.646],[126.371,37.664],[126.379,37.683],[126.368,37.694],[126.343,37.697],[126.318,37.714],[126.318,37.73],[126.33,37.746]]],[[[126.266,37.815],[126.241,37.817],[126.223,37.805],[126.223,37.792],[126.208,37.768],[126.233,37.751],[126.24,37.762],[126.272,37.769],[126.292,37.765],[126.315,37.774],[126.333,37.797],[126.328,37.806],[126.294,37.804],[126.266,37.815]]],[[[126.439,37.825],[126.392,37.823],[126.388,37.808],[126.351,37.792],[126.355,37.758],[126.352,37.734],[126.355,37.707],[126.386,37.7],[126.403,37.676],[126.411,37.652],[126.403,37.643],[126.377,37.636],[126.375,37.612],[126.405,37.594],[126.456,37.593],[126.49,37.6],[126.511,37.582],[126.52,37.611],[126.544,37.619],[126.522,37.654],[126.522,37.698],[126.513,37.716],[126.526,37.747],[126.512,37.762],[126.503,37.785],[126.488,37.79],[126.451,37.812],[126.439,37.825]]],[[[126.086,37.106],[126.067,37.107],[126.062,37.089],[126.076,37.084],[126.086,37.106]]],[[[126.29,37.267],[126.3,37.253],[126.331,37.246],[126.334,37.255],[126.29,37.267]]],[[[126.108,37.272],[126.09,37.239],[126.111,37.224],[126.117,37.209],[126.166,37.233],[126.125,37.252],[126.108,37.272]]],[[[126.482,37.244],[126.497,37.262],[126.488,37.283],[126.454,37.283],[126.436,37.266],[126.432,37.233],[126.453,37.231],[126.482,37.244]]],[[[126.472,37.537],[126.462,37.544],[126.434,37.526],[126.459,37.517],[126.472,37.537]]],[[[124.716,37.826],[124.719,37.845],[124.683,37.831],[124.685,37.811],[124.703,37.805],[124.716,37.826]]],[[[124.687,37.98],[124.671,37.981],[124.638,37.969],[124.622,37.978],[124.612,37.961],[124.626,37.954],[124.637,37.926],[124.691,37.917],[124.708,37.945],[124.73,37.954],[124.73,37.978],[124.705,37.984],[124.687,37.98]]]]},"properties":{"prov":"23"}},
{"type":"Feature","geometry":{"type":"Polygon","coordinates":[[[127.004,35.121],[127.009,35.134],[127.011,35.166],[127.007,35.185],[126.974,35.186],[126.948,35.231],[126.929,35.252],[126.905,35.258],[126.887,35.246],[126.88,35.248],[126.879,35.249],[126.88,35.252],[126.878,35.251],[126.877,35.25],[126.871,35.248],[126.871,35.247],[126.87,35.246],[126.869,35.246],[126.867,35.246],[126.865,35.246],[126.864,35.246],[126.861,35.244],[126.861,35.242],[126.861,35.241],[126.86,35.241],[126.86,35.24],[126.859,35.24],[126.844,35.237],[126.841,35.234],[126.84,35.234],[126.84,35.233],[126.84,35.232],[126.837,35.23],[126.836,35.23],[126.835,35.23],[126.835,35.229],[126.833,35.229],[126.825,35.232],[126.825,35.227],[126.804,35.221],[126.795,35.22],[126.775,35.23],[126.76,35.234],[126.755,35.234],[126.754,35.235],[126.754,35.237],[126.754,35.238],[126.755,35.241],[126.757,35.244],[126.764,35.253],[126.76,35.259],[126.737,35.252],[126.735,35.25],[126.733,35.247],[126.73,35.244],[126.73,35.243],[126.73,35.242],[126.73,35.241],[126.729,35.237],[126.728,35.236],[126.727,35.237],[126.725,35.234],[126.724,35.232],[126.724,35.231],[126.724,35.23],[126.723,35.229],[126.718,35.222],[126.721,35.219],[126.72,35.216],[126.72,35.215],[126.719,35.213],[126.718,35.213],[126.718,35.212],[126.703,35.208],[126.697,35.21],[126.692,35.213],[126.691,35.213],[126.691,35.214],[126.69,35.215],[126.689,35.215],[126.688,35.215],[126.687,35.215],[126.686,35.214],[126.685,35.21],[126.683,35.209],[126.677,35.201],[126.678,35.194],[126.672,35.194],[126.668,35.193],[126.664,35.192],[126.659,35.192],[126.657,35.193],[126.657,35.194],[126.656,35.194],[126.655,35.193],[126.654,35.193],[126.653,35.193],[126.653,35.192],[126.67,35.17],[126.654,35.164],[126.655,35.115],[126.676,35.105],[126.69,35.111],[126.736,35.108],[126.762,35.091],[126.771,35.07],[126.769,35.054],[126.795,35.061],[126.804,35.052],[126.844,35.065],[126.856,35.078],[126.892,35.078],[126.919,35.092],[126.936,35.074],[126.952,35.073],[126.967,35.089],[126.988,35.094],[126.986,35.106],[127.004,35.121]]]},"properties":{"prov":"24"}},
{"type":"Feature","geometry":{"type":"Polygon","coordinates":[[[127.515,36.422],[127.502,36.409],[127.492,36.439],[127.504,36.452],[127.478,36.458],[127.48,36.477],[127.451,36.449],[127.436,36.456],[127.402,36.456],[127.403,36.485],[127.396,36.492],[127.384,36.5],[127.359,36.483],[127.359,36.456],[127.341,36.431],[127.326,36.422],[127.296,36.423],[127.282,36.415],[127.281,36.375],[127.271,36.361],[127.279,36.345],[127.26,36.327],[127.259,36.276],[127.292,36.264],[127.281,36.246],[127.294,36.223],[127.316,36.221],[127.332,36.184],[127.34,36.189],[127.36,36.225],[127.363,36.269],[127.372,36.272],[127.39,36.262],[127.386,36.251],[127.411,36.217],[127.422,36.208],[127.444,36.195],[127.456,36.201],[127.467,36.222],[127.493,36.238],[127.486,36.261],[127.499,36.283],[127.492,36.299],[127.503,36.325],[127.501,36.34],[127.519,36.35],[127.525,36.384],[127.539,36.398],[127.554,36.395],[127.54,36.421],[127.515,36.422]]]},"properties":{"prov":"25"}},
{"type":"Feature","geometry":{"type":"Polygon","coordinates":[[[129.377,35.538],[129.388,35.527],[129.396,35.501],[129.408,35.493],[129.404,35.477],[129.44,35.487],[129.457,35.562],[129.453,35.572],[129.465,35.587],[129.463,35.605],[129.444,35.624],[129.442,35.645],[129.45,35.651],[129.448,35.651],[129.448,35.652],[129.43,35.656],[129.429,35.656],[129.41,35.664],[129.389,35.669],[129.388,35.67],[129.386,35.67],[129.354,35.679],[129.328,35.659],[129.311,35.661],[129.296,35.644],[129.26,35.655],[129.263,35.691],[129.257,35.701],[129.234,35.704],[129.205,35.721],[129.197,35.716],[129.16,35.715],[129.141,35.724],[129.134,35.712],[129.083,35.698],[129.07,35.682],[129.069,35.645],[129.047,35.651],[129.003,35.62],[129.023,35.613],[129.019,35.584],[128.996,35.568],[128.978,35.563],[128.998,35.542],[128.995,35.528],[129.009,35.524],[129.056,35.532],[129.053,35.514],[129.107,35.495],[129.11,35.479],[129.143,35.446],[129.168,35.432],[129.191,35.435],[129.219,35.407],[129.201,35.388],[129.219,35.379],[129.263,35.386],[129.282,35.365],[129.28,35.341],[129.305,35.33],[129.334,35.354],[129.362,35.36],[129.345,35.375],[129.347,35.39],[129.363,35.407],[129.371,35.435],[129.35,35.448],[129.347,35.464],[129.331,35.486],[129.363,35.46],[129.384,35.476],[129.389,35.488],[129.386,35.516],[129.377,35.538]]]},"properties":{"prov":"26"}},
{"type":"Feature","geometry":{"type":"Polygon","coordinates":[[[127.396,36.492],[127.41,36.495],[127.409,36.524],[127.402,36.541],[127.384,36.541],[127.377,36.568],[127.376,36.568],[127.371,36.567],[127.36,36.562],[127.356,36.562],[127.354,36.562],[127.353,36.562],[127.351,36.562],[127.347,36.564],[127.337,36.57],[127.327,36.577],[127.325,36.578],[127.322,36.581],[127.322,36.583],[127.321,36.584],[127.319,36.584],[127.313,36.583],[127.304,36.583],[127.303,36.584],[127.3,36.586],[127.299,36.587],[127.3,36.588],[127.304,36.59],[127.304,36.591],[127.305,36.591],[127.305,36.592],[127.305,36.593],[127.305,36.594],[127.305,36.595],[127.305,36.597],[127.306,36.599],[127.307,36.601],[127.306,36.602],[127.292,36.636],[127.291,36.636],[127.291,36.637],[127.287,36.636],[127.285,36.634],[127.282,36.635],[127.281,36.634],[127.28,36.634],[127.279,36.634],[127.278,36.636],[127.277,36.637],[127.276,36.639],[127.276,36.64],[127.282,36.645],[127.286,36.652],[127.289,36.659],[127.297,36.661],[127.3,36.662],[127.305,36.668],[127.308,36.682],[127.304,36.685],[127.302,36.686],[127.301,36.686],[127.3,36.686],[127.298,36.686],[127.297,36.686],[127.292,36.687],[127.29,36.688],[127.285,36.691],[127.246,36.696],[127.224,36.716],[127.203,36.726],[127.16,36.733],[127.136,36.705],[127.144,36.689],[127.164,36.678],[127.155,36.664],[127.158,36.635],[127.15,36.62],[127.155,36.607],[127.208,36.578],[127.173,36.536],[127.182,36.521],[127.17,36.509],[127.177,36.493],[127.205,36.459],[127.2,36.439],[127.226,36.422],[127.282,36.415],[127.296,36.423],[127.326,36.422],[127.341,36.431],[127.359,36.456],[127.359,36.483],[127.384,36.5],[127.396,36.492]]]},"properties":{"prov":"29"}},
{"type":"Feature","geometry":{"type":"Polygon","coordinates":[[[127.047,37.431],[127.026,37.458],[126.989,37.458],[126.964,37.441],[126.959,37.439],[126.949,37.438],[126.948,37.439],[126.946,37.437],[126.945,37.437],[126.94,37.436],[126.937,37.442],[126.931,37.445],[126.93,37.447],[126.928,37.45],[126.928,37.449],[126.923,37.445],[126.919,37.44],[126.909,37.434],[126.907,37.434],[126.906,37.434],[126.905,37.434],[126.904,37.434],[126.903,37.434],[126.899,37.439],[126.886,37.456],[126.875,37.485],[126.845,37.474],[126.833,37.477],[126.832,37.477],[126.832,37.478],[126.82,37.476],[126.82,37.499],[126.822,37.502],[126.823,37.506],[126.822,37.506],[126.822,37.507],[126.822,37.508],[126.823,37.508],[126.824,37.508],[126.825,37.508],[126.826,37.509],[126.827,37.509],[126.827,37.51],[126.824,37.511],[126.825,37.518],[126.828,37.529],[126.822,37.535],[126.822,37.537],[126.822,37.539],[126.822,37.541],[126.821,37.541],[126.819,37.541],[126.818,37.541],[126.817,37.541],[126.816,37.541],[126.815,37.541],[126.814,37.541],[126.813,37.541],[126.812,37.541],[126.807,37.544],[126.802,37.543],[126.799,37.538],[126.794,37.536],[126.794,37.537],[126.794,37.54],[126.787,37.546],[126.778,37.547],[126.777,37.548],[126.776,37.549],[126.775,37.549],[126.771,37.548],[126.766,37.554],[126.761,37.538],[126.76,37.536],[126.76,37.524],[126.761,37.52],[126.758,37.516],[126.746,37.515],[126.742,37.509],[126.742,37.508],[126.742,37.507],[126.742,37.506],[126.743,37.504],[126.744,37.502],[126.742,37.494],[126.743,37.488],[126.742,37.487],[126.768,37.472],[126.772,37.472],[126.775,37.471],[126.778,37.472],[126.778,37.471],[126.778,37.47],[126.779,37.469],[126.779,37.451],[126.769,37.443],[126.771,37.436],[126.771,37.434],[126.771,37.431],[126.771,37.43],[126.769,37.427],[126.754,37.418],[126.739,37.395],[126.701,37.355],[126.686,37.334],[126.614,37.314],[126.556,37.277],[126.561,37.242],[126.544,37.233],[126.545,37.206],[126.561,37.198],[126.577,37.219],[126.589,37.214],[126.626,37.219],[126.647,37.211],[126.655,37.225],[126.637,37.256],[126.61,37.279],[126.586,37.291],[126.616,37.314],[126.671,37.329],[126.718,37.308],[126.768,37.293],[126.817,37.298],[126.843,37.268],[126.823,37.287],[126.791,37.267],[126.79,37.244],[126.734,37.249],[126.698,37.261],[126.677,37.26],[126.658,37.283],[126.646,37.258],[126.66,37.217],[126.65,37.186],[126.66,37.176],[126.658,37.154],[126.682,37.16],[126.676,37.138],[126.684,37.112],[126.757,37.055],[126.743,37.038],[126.751,37.03],[126.79,37.03],[126.798,37.014],[126.825,36.982],[126.85,36.946],[126.867,36.933],[126.887,36.936],[126.903,36.926],[126.91,36.902],[126.94,36.917],[126.986,36.932],[127.016,36.935],[127.026,36.929],[127.065,36.942],[127.074,36.939],[127.075,36.94],[127.078,36.942],[127.078,36.943],[127.079,36.943],[127.086,36.948],[127.088,36.947],[127.089,36.946],[127.09,36.946],[127.092,36.943],[127.096,36.942],[127.097,36.948],[127.099,36.949],[127.103,36.953],[127.102,36.954],[127.101,36.954],[127.096,36.956],[127.097,36.959],[127.114,36.971],[127.116,36.971],[127.118,36.971],[127.12,36.97],[127.129,36.967],[127.129,36.966],[127.13,36.966],[127.133,36.967],[127.136,36.967],[127.144,36.971],[127.159,36.97],[127.166,36.962],[127.168,36.962],[127.171,36.963],[127.172,36.963],[127.178,36.963],[127.18,36.957],[127.202,36.952],[127.204,36.951],[127.204,36.95],[127.207,36.946],[127.206,36.943],[127.207,36.942],[127.209,36.94],[127.211,36.939],[127.221,36.93],[127.236,36.924],[127.237,36.921],[127.239,36.919],[127.24,36.919],[127.244,36.918],[127.245,36.918],[127.248,36.919],[127.249,36.919],[127.249,36.92],[127.249,36.921],[127.25,36.921],[127.253,36.922],[127.254,36.921],[127.255,36.92],[127.256,36.919],[127.256,36.918],[127.259,36.916],[127.271,36.913],[127.273,36.911],[127.275,36.909],[127.279,36.906],[127.279,36.901],[127.283,36.897],[127.284,36.895],[127.285,36.895],[127.286,36.894],[127.288,36.894],[127.309,36.929],[127.354,36.953],[127.376,36.95],[127.387,36.964],[127.385,36.984],[127.394,36.998],[127.429,37.002],[127.447,37.011],[127.46,37.025],[127.458,37.044],[127.487,37.054],[127.509,37.049],[127.529,37.055],[127.557,37.041],[127.578,37.075],[127.632,37.096],[127.638,37.141],[127.628,37.155],[127.66,37.14],[127.695,37.14],[127.695,37.141],[127.694,37.146],[127.695,37.151],[127.717,37.183],[127.718,37.184],[127.719,37.184],[127.72,37.184],[127.722,37.183],[127.723,37.182],[127.724,37.182],[127.726,37.182],[127.726,37.183],[127.727,37.185],[127.728,37.188],[127.729,37.192],[127.73,37.193],[127.732,37.195],[127.733,37.196],[127.733,37.202],[127.734,37.203],[127.735,37.205],[127.736,37.206],[127.735,37.206],[127.735,37.207],[127.735,37.208],[127.737,37.21],[127.738,37.211],[127.74,37.212],[127.743,37.214],[127.744,37.215],[127.745,37.214],[127.747,37.24],[127.76,37.273],[127.755,37.298],[127.768,37.309],[127.759,37.331],[127.758,37.346],[127.761,37.353],[127.759,37.36],[127.761,37.364],[127.76,37.367],[127.759,37.367],[127.76,37.368],[127.763,37.37],[127.77,37.37],[127.779,37.371],[127.778,37.373],[127.777,37.376],[127.777,37.377],[127.776,37.379],[127.776,37.38],[127.776,37.381],[127.777,37.383],[127.788,37.403],[127.795,37.425],[127.799,37.427],[127.802,37.427],[127.803,37.428],[127.804,37.429],[127.804,37.432],[127.803,37.434],[127.802,37.437],[127.801,37.438],[127.8,37.439],[127.799,37.439],[127.798,37.443],[127.799,37.452],[127.796,37.463],[127.79,37.475],[127.785,37.479],[127.782,37.482],[127.782,37.483],[127.782,37.484],[127.781,37.486],[127.78,37.489],[127.775,37.492],[127.775,37.507],[127.806,37.531],[127.806,37.532],[127.806,37.535],[127.81,37.538],[127.842,37.539],[127.843,37.542],[127.844,37.543],[127.845,37.543],[127.846,37.544],[127.846,37.545],[127.845,37.546],[127.845,37.548],[127.846,37.548],[127.848,37.549],[127.848,37.55],[127.848,37.552],[127.846,37.553],[127.845,37.554],[127.84,37.557],[127.84,37.559],[127.832,37.562],[127.826,37.561],[127.814,37.564],[127.81,37.573],[127.809,37.574],[127.808,37.574],[127.807,37.574],[127.806,37.574],[127.804,37.579],[127.8,37.583],[127.794,37.585],[127.793,37.585],[127.791,37.584],[127.79,37.581],[127.789,37.58],[127.788,37.579],[127.784,37.578],[127.767,37.583],[127.754,37.592],[127.709,37.586],[127.701,37.596],[127.649,37.625],[127.647,37.633],[127.639,37.633],[127.632,37.639],[127.63,37.641],[127.628,37.643],[127.625,37.643],[127.624,37.642],[127.622,37.642],[127.619,37.644],[127.618,37.646],[127.616,37.647],[127.602,37.652],[127.6,37.648],[127.592,37.644],[127.585,37.642],[127.583,37.64],[127.583,37.638],[127.583,37.637],[127.583,37.636],[127.583,37.635],[127.581,37.633],[127.579,37.633],[127.571,37.632],[127.565,37.633],[127.559,37.628],[127.556,37.63],[127.555,37.631],[127.548,37.633],[127.538,37.641],[127.536,37.651],[127.544,37.652],[127.553,37.662],[127.549,37.669],[127.551,37.677],[127.551,37.682],[127.551,37.686],[127.551,37.687],[127.551,37.688],[127.551,37.69],[127.552,37.691],[127.553,37.695],[127.554,37.695],[127.555,37.7],[127.556,37.704],[127.556,37.705],[127.557,37.706],[127.558,37.707],[127.558,37.714],[127.562,37.72],[127.559,37.725],[127.559,37.726],[127.56,37.728],[127.56,37.729],[127.559,37.729],[127.558,37.729],[127.557,37.729],[127.554,37.729],[127.552,37.728],[127.551,37.728],[127.55,37.725],[127.549,37.724],[127.54,37.719],[127.525,37.726],[127.522,37.724],[127.521,37.724],[127.513,37.718],[127.512,37.716],[127.508,37.719],[127.507,37.731],[127.517,37.74],[127.542,37.755],[127.541,37.771],[127.522,37.789],[127.521,37.793],[127.523,37.796],[127.533,37.807],[127.537,37.81],[127.537,37.811],[127.537,37.814],[127.535,37.818],[127.532,37.82],[127.528,37.821],[127.528,37.822],[127.526,37.823],[127.526,37.833],[127.527,37.835],[127.527,37.836],[127.529,37.84],[127.567,37.859],[127.585,37.876],[127.594,37.876],[127.597,37.876],[127.597,37.875],[127.598,37.875],[127.601,37.874],[127.602,37.874],[127.603,37.874],[127.604,37.875],[127.606,37.876],[127.609,37.884],[127.607,37.89],[127.617,37.906],[127.617,37.912],[127.614,37.92],[127.612,37.921],[127.612,37.924],[127.617,37.928],[127.616,37.931],[127.612,37.941],[127.609,37.943],[127.604,37.944],[127.602,37.955],[127.586,37.962],[127.547,37.966],[127.547,37.978],[127.546,37.984],[127.545,37.986],[127.544,37.991],[127.54,38],[127.54,38.001],[127.537,38.001],[127.531,38.002],[127.529,38.002],[127.512,38],[127.509,38.001],[127.504,37.998],[127.498,38.001],[127.497,38.004],[127.49,38.005],[127.485,38.005],[127.482,38.006],[127.48,38.006],[127.477,38.006],[127.474,38.006],[127.472,38.006],[127.47,38.009],[127.463,38.012],[127.458,38.017],[127.456,38.027],[127.453,38.034],[127.452,38.035],[127.451,38.038],[127.451,38.04],[127.452,38.042],[127.453,38.044],[127.452,38.048],[127.448,38.051],[127.447,38.051],[127.446,38.051],[127.447,38.081],[127.44,38.109],[127.431,38.115],[127.414,38.102],[127.401,38.114],[127.379,38.118],[127.366,38.107],[127.321,38.095],[127.311,38.116],[127.286,38.115],[127.276,38.14],[127.289,38.169],[127.27,38.182],[127.256,38.163],[127.226,38.148],[127.222,38.137],[127.189,38.161],[127.181,38.186],[127.179,38.188],[127.17,38.198],[127.175,38.205],[127.161,38.218],[127.161,38.22],[127.162,38.223],[127.162,38.224],[127.161,38.224],[127.16,38.225],[127.16,38.226],[127.161,38.228],[127.163,38.232],[127.162,38.233],[127.162,38.234],[127.162,38.235],[127.161,38.235],[127.162,38.236],[127.163,38.237],[127.163,38.238],[127.163,38.239],[127.162,38.239],[127.159,38.239],[127.158,38.239],[127.149,38.242],[127.142,38.237],[127.139,38.237],[127.136,38.236],[127.135,38.235],[127.135,38.234],[127.133,38.233],[127.131,38.233],[127.13,38.233],[127.13,38.234],[127.127,38.234],[127.126,38.234],[127.125,38.234],[127.125,38.233],[127.123,38.233],[127.114,38.237],[127.11,38.242],[127.11,38.244],[127.11,38.245],[127.111,38.247],[127.112,38.247],[127.111,38.252],[127.11,38.253],[127.109,38.256],[127.108,38.258],[127.108,38.26],[127.108,38.261],[127.109,38.263],[127.109,38.266],[127.109,38.267],[127.108,38.268],[127.109,38.269],[127.111,38.269],[127.111,38.27],[127.111,38.271],[127.11,38.271],[127.11,38.272],[127.105,38.272],[127.104,38.273],[127.102,38.273],[127.095,38.281],[127.075,38.278],[127.066,38.264],[127.042,38.259],[127.037,38.25],[126.979,38.223],[126.984,38.211],[126.967,38.199],[126.966,38.171],[126.949,38.16],[126.966,38.139],[126.925,38.129],[126.905,38.138],[126.884,38.117],[126.862,38.108],[126.858,38.097],[126.869,38.08],[126.841,38.033],[126.811,37.999],[126.79,37.999],[126.796,37.994],[126.784,37.982],[126.762,37.985],[126.719,37.965],[126.702,37.974],[126.672,37.948],[126.666,37.919],[126.677,37.908],[126.672,37.889],[126.692,37.869],[126.68,37.852],[126.66,37.839],[126.671,37.829],[126.663,37.781],[126.632,37.781],[126.594,37.761],[126.575,37.763],[126.555,37.778],[126.523,37.79],[126.518,37.763],[126.531,37.75],[126.522,37.714],[126.53,37.706],[126.54,37.669],[126.532,37.655],[126.551,37.627],[126.555,37.609],[126.572,37.599],[126.605,37.6],[126.609,37.605],[126.626,37.603],[126.637,37.627],[126.654,37.638],[126.656,37.638],[126.657,37.638],[126.667,37.636],[126.694,37.62],[126.708,37.605],[126.725,37.592],[126.727,37.592],[126.73,37.592],[126.731,37.592],[126.734,37.591],[126.735,37.591],[126.736,37.59],[126.736,37.591],[126.737,37.591],[126.737,37.593],[126.739,37.593],[126.742,37.592],[126.744,37.592],[126.747,37.586],[126.75,37.581],[126.752,37.58],[126.754,37.58],[126.755,37.58],[126.756,37.58],[126.756,37.581],[126.756,37.582],[126.756,37.583],[126.758,37.585],[126.759,37.585],[126.763,37.585],[126.768,37.588],[126.787,37.586],[126.794,37.582],[126.803,37.605],[126.854,37.572],[126.876,37.578],[126.882,37.591],[126.9,37.59],[126.9,37.611],[126.912,37.644],[126.948,37.657],[126.957,37.653],[126.958,37.629],[126.975,37.632],[126.984,37.636],[126.98,37.656],[126.993,37.666],[126.992,37.68],[127.009,37.684],[127.015,37.701],[127.052,37.686],[127.081,37.696],[127.085,37.69],[127.096,37.689],[127.092,37.679],[127.094,37.676],[127.096,37.67],[127.096,37.669],[127.096,37.668],[127.095,37.668],[127.094,37.663],[127.091,37.659],[127.095,37.645],[127.111,37.642],[127.106,37.62],[127.118,37.605],[127.101,37.574],[127.115,37.557],[127.169,37.579],[127.183,37.546],[127.163,37.545],[127.145,37.517],[127.161,37.5],[127.144,37.474],[127.124,37.467],[127.095,37.456],[127.07,37.431],[127.047,37.431]],[[126.771,37.064],[126.757,37.056],[126.686,37.112],[126.742,37.153],[126.75,37.168],[126.778,37.165],[126.793,37.176],[126.812,37.139],[126.795,37.129],[126.771,37.129],[126.758,37.111],[126.771,37.102],[126.766,37.089],[126.771,37.064]]]},"properties":{"prov":"31"}},
{"type":"Feature","geometry":{"type":"Polygon","coordinates":[[[127.56,37.729],[127.56,37.728],[127.559,37.726],[127.559,37.725],[127.562,37.72],[127.558,37.714],[127.558,37.707],[127.557,37.706],[127.556,37.705],[127.556,37.704],[127.555,37.7],[127.554,37.695],[127.553,37.695],[127.552,37.691],[127.551,37.69],[127.551,37.688],[127.551,37.687],[127.551,37.686],[127.551,37.682],[127.551,37.677],[127.549,37.669],[127.553,37.662],[127.544,37.652],[127.536,37.651],[127.538,37.641],[127.548,37.633],[127.555,37.631],[127.556,37.63],[127.559,37.628],[127.565,37.633],[127.571,37.632],[127.579,37.633],[127.581,37.633],[127.583,37.635],[127.583,37.636],[127.583,37.637],[127.583,37.638],[127.583,37.64],[127.585,37.642],[127.592,37.644],[127.6,37.648],[127.602,37.652],[127.616,37.647],[127.618,37.646],[127.619,37.644],[127.622,37.642],[127.624,37.642],[127.625,37.643],[127.628,37.643],[127.63,37.641],[127.632,37.639],[127.639,37.633],[127.647,37.633],[127.649,37.625],[127.701,37.596],[127.709,37.586],[127.754,37.592],[127.767,37.583],[127.784,37.578],[127.788,37.579],[127.789,37.58],[127.79,37.581],[127.791,37.584],[127.793,37.585],[127.794,37.585],[127.8,37.583],[127.804,37.579],[127.806,37.574],[127.807,37.574],[127.808,37.574],[127.809,37.574],[127.81,37.573],[127.814,37.564],[127.826,37.561],[127.832,37.562],[127.84,37.559],[127.84,37.557],[127.845,37.554],[127.846,37.553],[127.848,37.552],[127.848,37.55],[127.848,37.549],[127.846,37.548],[127.845,37.548],[127.845,37.546],[127.846,37.545],[127.846,37.544],[127.845,37.543],[127.844,37.543],[127.843,37.542],[127.842,37.539],[127.81,37.538],[127.806,37.535],[127.806,37.532],[127.806,37.531],[127.775,37.507],[127.775,37.492],[127.78,37.489],[127.781,37.486],[127.782,37.484],[127.782,37.483],[127.782,37.482],[127.785,37.479],[127.79,37.475],[127.796,37.463],[127.799,37.452],[127.798,37.443],[127.799,37.439],[127.8,37.439],[127.801,37.438],[127.802,37.437],[127.803,37.434],[127.804,37.432],[127.804,37.429],[127.803,37.428],[127.802,37.427],[127.799,37.427],[127.795,37.425],[127.788,37.403],[127.777,37.383],[127.776,37.381],[127.776,37.38],[127.776,37.379],[127.777,37.377],[127.777,37.376],[127.778,37.373],[127.779,37.371],[127.77,37.37],[127.763,37.37],[127.76,37.368],[127.759,37.367],[127.76,37.367],[127.761,37.364],[127.759,37.36],[127.761,37.353],[127.758,37.346],[127.759,37.331],[127.768,37.309],[127.755,37.298],[127.76,37.273],[127.747,37.24],[127.745,37.214],[127.745,37.213],[127.744,37.211],[127.744,37.208],[127.748,37.2],[127.751,37.182],[127.756,37.171],[127.765,37.16],[127.79,37.143],[127.856,37.156],[127.862,37.161],[127.863,37.162],[127.864,37.162],[127.872,37.164],[127.887,37.161],[127.896,37.155],[127.897,37.153],[127.898,37.152],[127.899,37.15],[127.9,37.15],[127.901,37.151],[127.902,37.152],[127.904,37.16],[127.906,37.162],[127.907,37.164],[127.907,37.165],[127.909,37.167],[127.915,37.169],[127.926,37.166],[127.936,37.189],[127.922,37.225],[127.939,37.241],[127.985,37.258],[128.019,37.244],[128.023,37.226],[128.039,37.216],[128.028,37.203],[128.037,37.189],[128.074,37.193],[128.112,37.208],[128.125,37.234],[128.155,37.216],[128.173,37.219],[128.174,37.233],[128.208,37.249],[128.228,37.228],[128.25,37.23],[128.268,37.208],[128.314,37.223],[128.332,37.214],[128.327,37.199],[128.281,37.173],[128.266,37.156],[128.298,37.134],[128.335,37.157],[128.384,37.158],[128.401,37.147],[128.396,37.129],[128.438,37.111],[128.478,37.11],[128.497,37.126],[128.514,37.104],[128.549,37.087],[128.628,37.075],[128.652,37.065],[128.689,37.053],[128.709,37.039],[128.735,37.04],[128.748,37.03],[128.762,37.036],[128.753,37.054],[128.765,37.064],[128.774,37.088],[128.799,37.087],[128.808,37.076],[128.829,37.078],[128.847,37.052],[128.876,37.045],[128.91,37.068],[128.923,37.092],[128.946,37.094],[128.959,37.078],[128.984,37.085],[129.024,37.078],[129.059,37.065],[129.07,37.088],[129.096,37.1],[129.123,37.091],[129.177,37.057],[129.185,37.042],[129.233,37.044],[129.225,37.074],[129.249,37.096],[129.266,37.102],[129.271,37.116],[129.295,37.114],[129.304,37.128],[129.345,37.146],[129.363,37.146],[129.348,37.177],[129.341,37.222],[129.349,37.248],[129.328,37.263],[129.329,37.28],[129.3,37.293],[129.289,37.309],[129.271,37.321],[129.267,37.343],[129.251,37.363],[129.254,37.379],[129.222,37.396],[129.198,37.416],[129.19,37.451],[129.161,37.475],[129.149,37.465],[129.158,37.482],[129.123,37.519],[129.112,37.549],[129.121,37.556],[129.111,37.582],[129.075,37.605],[129.054,37.621],[129.045,37.639],[129.055,37.655],[129.055,37.675],[129.018,37.704],[128.989,37.74],[128.882,37.827],[128.877,37.841],[128.83,37.884],[128.834,37.899],[128.81,37.918],[128.789,37.936],[128.763,37.966],[128.76,37.979],[128.731,38.007],[128.725,38.024],[128.698,38.045],[128.676,38.068],[128.675,38.081],[128.636,38.116],[128.609,38.15],[128.609,38.161],[128.614,38.18],[128.593,38.192],[128.603,38.208],[128.585,38.231],[128.56,38.258],[128.549,38.286],[128.547,38.306],[128.529,38.321],[128.529,38.332],[128.513,38.347],[128.513,38.369],[128.476,38.405],[128.454,38.438],[128.467,38.45],[128.44,38.476],[128.419,38.512],[128.405,38.545],[128.402,38.565],[128.37,38.593],[128.359,38.611],[128.31,38.59],[128.313,38.512],[128.304,38.503],[128.299,38.471],[128.283,38.436],[128.246,38.415],[128.226,38.39],[128.208,38.375],[128.175,38.364],[128.159,38.348],[128.128,38.332],[128.116,38.337],[128.087,38.318],[128.049,38.307],[128.018,38.314],[128.006,38.278],[127.983,38.28],[127.958,38.3],[127.942,38.306],[127.895,38.313],[127.888,38.309],[127.875,38.317],[127.819,38.308],[127.797,38.323],[127.785,38.347],[127.772,38.337],[127.734,38.339],[127.691,38.325],[127.619,38.325],[127.609,38.337],[127.578,38.336],[127.55,38.327],[127.515,38.304],[127.497,38.3],[127.476,38.316],[127.444,38.317],[127.428,38.327],[127.381,38.337],[127.362,38.324],[127.347,38.329],[127.328,38.318],[127.306,38.317],[127.288,38.326],[127.254,38.327],[127.24,38.333],[127.217,38.321],[127.155,38.304],[127.139,38.316],[127.128,38.299],[127.103,38.287],[127.097,38.285],[127.103,38.281],[127.101,38.276],[127.102,38.273],[127.104,38.273],[127.105,38.272],[127.11,38.272],[127.11,38.271],[127.111,38.271],[127.111,38.27],[127.111,38.269],[127.109,38.269],[127.108,38.268],[127.109,38.267],[127.109,38.266],[127.109,38.263],[127.108,38.261],[127.108,38.26],[127.108,38.258],[127.109,38.256],[127.11,38.253],[127.111,38.252],[127.112,38.247],[127.111,38.247],[127.11,38.245],[127.11,38.244],[127.11,38.242],[127.114,38.237],[127.123,38.233],[127.125,38.233],[127.125,38.234],[127.126,38.234],[127.127,38.234],[127.13,38.234],[127.13,38.233],[127.131,38.233],[127.133,38.233],[127.135,38.234],[127.135,38.235],[127.136,38.236],[127.139,38.237],[127.142,38.237],[127.149,38.242],[127.158,38.239],[127.159,38.239],[127.162,38.239],[127.163,38.239],[127.163,38.238],[127.163,38.237],[127.162,38.236],[127.161,38.235],[127.162,38.235],[127.162,38.234],[127.162,38.233],[127.163,38.232],[127.161,38.228],[127.16,38.226],[127.16,38.225],[127.161,38.224],[127.162,38.224],[127.162,38.223],[127.161,38.22],[127.161,38.218],[127.175,38.205],[127.17,38.198],[127.179,38.188],[127.181,38.186],[127.189,38.161],[127.222,38.137],[127.226,38.148],[127.256,38.163],[127.27,38.182],[127.289,38.169],[127.276,38.14],[127.286,38.115],[127.311,38.116],[127.321,38.095],[127.366,38.107],[127.379,38.118],[127.401,38.114],[127.414,38.102],[127.431,38.115],[127.44,38.109],[127.447,38.081],[127.446,38.051],[127.447,38.051],[127.448,38.051],[127.452,38.048],[127.453,38.044],[127.452,38.042],[127.451,38.04],[127.451,38.038],[127.452,38.035],[127.453,38.034],[127.456,38.027],[127.458,38.017],[127.463,38.012],[127.47,38.009],[127.472,38.006],[127.474,38.006],[127.477,38.006],[127.48,38.006],[127.482,38.006],[127.485,38.005],[127.49,38.005],[127.497,38.004],[127.498,38.001],[127.504,37.998],[127.509,38.001],[127.512,38],[127.529,38.002],[127.531,38.002],[127.537,38.001],[127.54,38.001],[127.54,38],[127.544,37.991],[127.545,37.986],[127.546,37.984],[127.547,37.978],[127.547,37.966],[127.586,37.962],[127.602,37.955],[127.604,37.944],[127.609,37.943],[127.612,37.941],[127.616,37.931],[127.617,37.928],[127.612,37.924],[127.612,37.921],[127.614,37.92],[127.617,37.912],[127.617,37.906],[127.607,37.89],[127.609,37.884],[127.606,37.876],[127.604,37.875],[127.603,37.874],[127.602,37.874],[127.601,37.874],[127.598,37.875],[127.597,37.875],[127.597,37.876],[127.594,37.876],[127.585,37.876],[127.567,37.859],[127.529,37.84],[127.527,37.836],[127.527,37.835],[127.526,37.833],[127.526,37.823],[127.528,37.822],[127.528,37.821],[127.532,37.82],[127.535,37.818],[127.537,37.814],[127.537,37.811],[127.537,37.81],[127.533,37.807],[127.523,37.796],[127.521,37.793],[127.522,37.789],[127.541,37.771],[127.542,37.755],[127.517,37.74],[127.507,37.731],[127.508,37.719],[127.512,37.716],[127.513,37.718],[127.521,37.724],[127.522,37.724],[127.525,37.726],[127.54,37.719],[127.549,37.724],[127.55,37.725],[127.551,37.728],[127.552,37.728],[127.554,37.729],[127.557,37.729],[127.558,37.729],[127.559,37.729],[127.56,37.729]]]},"properties":{"prov":"32"}},
{"type":"Feature","geometry":{"type":"Polygon","coordinates":[[[127.695,37.14],[127.66,37.14],[127.628,37.155],[127.638,37.141],[127.632,37.096],[127.578,37.075],[127.557,37.041],[127.529,37.055],[127.509,37.049],[127.487,37.054],[127.458,37.044],[127.46,37.025],[127.447,37.011],[127.429,37.002],[127.394,36.998],[127.385,36.984],[127.387,36.964],[127.376,36.95],[127.354,36.953],[127.309,36.929],[127.288,36.894],[127.291,36.892],[127.308,36.885],[127.306,36.863],[127.336,36.855],[127.334,36.832],[127.381,36.814],[127.402,36.795],[127.395,36.784],[127.413,36.773],[127.42,36.758],[127.404,36.746],[127.386,36.759],[127.359,36.761],[127.336,36.753],[127.328,36.735],[127.325,36.734],[127.322,36.731],[127.32,36.727],[127.318,36.725],[127.317,36.724],[127.316,36.724],[127.313,36.724],[127.312,36.724],[127.311,36.724],[127.309,36.722],[127.308,36.719],[127.306,36.708],[127.301,36.7],[127.292,36.697],[127.291,36.697],[127.289,36.695],[127.287,36.692],[127.285,36.691],[127.29,36.688],[127.292,36.687],[127.297,36.686],[127.298,36.686],[127.3,36.686],[127.301,36.686],[127.302,36.686],[127.304,36.685],[127.308,36.682],[127.305,36.668],[127.3,36.662],[127.297,36.661],[127.289,36.659],[127.286,36.652],[127.282,36.645],[127.276,36.64],[127.276,36.639],[127.277,36.637],[127.278,36.636],[127.279,36.634],[127.28,36.634],[127.281,36.634],[127.282,36.635],[127.285,36.634],[127.287,36.636],[127.291,36.637],[127.291,36.636],[127.292,36.636],[127.306,36.602],[127.307,36.601],[127.306,36.599],[127.305,36.597],[127.305,36.595],[127.305,36.594],[127.305,36.593],[127.305,36.592],[127.305,36.591],[127.304,36.591],[127.304,36.59],[127.3,36.588],[127.299,36.587],[127.3,36.586],[127.303,36.584],[127.304,36.583],[127.313,36.583],[127.319,36.584],[127.321,36.584],[127.322,36.583],[127.322,36.581],[127.325,36.578],[127.327,36.577],[127.337,36.57],[127.347,36.564],[127.351,36.562],[127.353,36.562],[127.354,36.562],[127.356,36.562],[127.36,36.562],[127.371,36.567],[127.376,36.568],[127.377,36.568],[127.384,36.541],[127.402,36.541],[127.409,36.524],[127.41,36.495],[127.396,36.492],[127.403,36.485],[127.402,36.456],[127.436,36.456],[127.451,36.449],[127.48,36.477],[127.478,36.458],[127.504,36.452],[127.492,36.439],[127.502,36.409],[127.515,36.422],[127.54,36.421],[127.554,36.395],[127.539,36.398],[127.525,36.384],[127.519,36.35],[127.501,36.34],[127.503,36.325],[127.492,36.299],[127.499,36.283],[127.486,36.261],[127.493,36.238],[127.518,36.241],[127.533,36.251],[127.55,36.238],[127.585,36.23],[127.598,36.218],[127.592,36.195],[127.598,36.185],[127.593,36.177],[127.601,36.169],[127.601,36.161],[127.602,36.16],[127.601,36.159],[127.601,36.158],[127.599,36.155],[127.595,36.153],[127.59,36.143],[127.589,36.134],[127.617,36.105],[127.617,36.094],[127.638,36.068],[127.654,36.056],[127.67,36.051],[127.674,36.055],[127.678,36.057],[127.68,36.058],[127.681,36.058],[127.684,36.061],[127.685,36.062],[127.686,36.062],[127.687,36.063],[127.688,36.063],[127.689,36.063],[127.691,36.058],[127.693,36.058],[127.695,36.059],[127.696,36.054],[127.696,36.05],[127.695,36.046],[127.696,36.041],[127.704,36.034],[127.747,36.03],[127.759,36.016],[127.762,36.013],[127.763,36.013],[127.765,36.012],[127.766,36.012],[127.767,36.012],[127.768,36.012],[127.769,36.013],[127.77,36.013],[127.772,36.014],[127.773,36.014],[127.775,36.015],[127.78,36.016],[127.782,36.017],[127.783,36.017],[127.784,36.016],[127.797,36.025],[127.819,36.029],[127.82,36.03],[127.822,36.031],[127.824,36.032],[127.83,36.035],[127.842,36.037],[127.843,36.038],[127.845,36.039],[127.846,36.039],[127.849,36.04],[127.853,36.039],[127.877,36.023],[127.903,36.039],[127.917,36.054],[127.93,36.049],[127.961,36.07],[127.958,36.09],[127.965,36.113],[127.989,36.133],[127.996,36.154],[127.975,36.188],[127.984,36.201],[128.01,36.209],[128.039,36.194],[128.056,36.202],[128.03,36.24],[128.04,36.252],[128.043,36.252],[128.046,36.252],[128.046,36.254],[128.047,36.255],[128.047,36.257],[128.044,36.258],[128.043,36.259],[128.04,36.259],[128.033,36.262],[128.026,36.268],[128.019,36.267],[128.016,36.268],[128.014,36.27],[128.011,36.272],[128.01,36.272],[128.009,36.272],[128.008,36.272],[128,36.266],[127.991,36.263],[127.984,36.263],[127.981,36.264],[127.978,36.261],[127.977,36.259],[127.977,36.258],[127.978,36.257],[127.979,36.256],[127.978,36.255],[127.975,36.253],[127.971,36.25],[127.968,36.25],[127.965,36.253],[127.962,36.252],[127.961,36.252],[127.96,36.252],[127.948,36.257],[127.931,36.278],[127.907,36.286],[127.906,36.299],[127.904,36.301],[127.903,36.301],[127.902,36.3],[127.901,36.299],[127.898,36.298],[127.898,36.297],[127.897,36.296],[127.896,36.295],[127.894,36.293],[127.892,36.292],[127.883,36.274],[127.852,36.274],[127.847,36.301],[127.845,36.304],[127.843,36.306],[127.842,36.308],[127.841,36.31],[127.844,36.315],[127.845,36.316],[127.853,36.33],[127.883,36.346],[127.891,36.36],[127.88,36.371],[127.884,36.38],[127.874,36.407],[127.872,36.441],[127.882,36.462],[127.875,36.483],[127.905,36.504],[127.901,36.525],[127.87,36.543],[127.873,36.553],[127.852,36.571],[127.824,36.571],[127.798,36.586],[127.798,36.602],[127.821,36.611],[127.841,36.608],[127.856,36.618],[127.872,36.65],[127.907,36.626],[127.924,36.602],[127.932,36.619],[127.939,36.653],[127.93,36.669],[127.894,36.694],[127.929,36.691],[127.934,36.706],[127.95,36.708],[127.957,36.736],[127.98,36.72],[128.002,36.717],[128.015,36.73],[128.05,36.708],[128.07,36.708],[128.068,36.722],[128.032,36.748],[128.032,36.755],[128.055,36.793],[128.059,36.816],[128.072,36.815],[128.079,36.809],[128.083,36.807],[128.085,36.804],[128.085,36.803],[128.084,36.802],[128.084,36.799],[128.093,36.797],[128.093,36.803],[128.094,36.804],[128.102,36.806],[128.108,36.81],[128.108,36.811],[128.108,36.812],[128.108,36.814],[128.11,36.818],[128.11,36.821],[128.11,36.822],[128.111,36.822],[128.113,36.821],[128.116,36.821],[128.118,36.821],[128.119,36.822],[128.13,36.825],[128.133,36.827],[128.133,36.828],[128.134,36.828],[128.134,36.831],[128.134,36.833],[128.136,36.833],[128.142,36.833],[128.151,36.823],[128.216,36.812],[128.213,36.849],[128.23,36.845],[128.242,36.872],[128.282,36.856],[128.296,36.835],[128.316,36.823],[128.353,36.812],[128.368,36.802],[128.383,36.814],[128.42,36.812],[128.449,36.849],[128.449,36.863],[128.424,36.877],[128.445,36.914],[128.442,36.927],[128.46,36.936],[128.463,36.947],[128.507,36.97],[128.517,36.987],[128.544,36.993],[128.573,37.021],[128.565,37.031],[128.582,37.043],[128.633,37.042],[128.652,37.065],[128.628,37.075],[128.549,37.087],[128.514,37.104],[128.497,37.126],[128.478,37.11],[128.438,37.111],[128.396,37.129],[128.401,37.147],[128.384,37.158],[128.335,37.157],[128.298,37.134],[128.266,37.156],[128.281,37.173],[128.327,37.199],[128.332,37.214],[128.314,37.223],[128.268,37.208],[128.25,37.23],[128.228,37.228],[128.208,37.249],[128.174,37.233],[128.173,37.219],[128.155,37.216],[128.125,37.234],[128.112,37.208],[128.074,37.193],[128.037,37.189],[128.028,37.203],[128.039,37.216],[128.023,37.226],[128.019,37.244],[127.985,37.258],[127.939,37.241],[127.922,37.225],[127.936,37.189],[127.926,37.166],[127.915,37.169],[127.909,37.167],[127.907,37.165],[127.907,37.164],[127.906,37.162],[127.904,37.16],[127.902,37.152],[127.901,37.151],[127.9,37.15],[127.899,37.15],[127.898,37.152],[127.897,37.153],[127.896,37.155],[127.887,37.161],[127.872,37.164],[127.864,37.162],[127.863,37.162],[127.862,37.161],[127.856,37.156],[127.79,37.143],[127.765,37.16],[127.756,37.171],[127.751,37.182],[127.748,37.2],[127.744,37.208],[127.744,37.211],[127.745,37.213],[127.745,37.214],[127.744,37.215],[127.743,37.214],[127.74,37.212],[127.738,37.211],[127.737,37.21],[127.735,37.208],[127.735,37.207],[127.735,37.206],[127.736,37.206],[127.735,37.205],[127.734,37.203],[127.733,37.202],[127.733,37.196],[127.732,37.195],[127.73,37.193],[127.729,37.192],[127.728,37.188],[127.727,37.185],[127.726,37.183],[127.726,37.182],[127.724,37.182],[127.723,37.182],[127.722,37.183],[127.72,37.184],[127.719,37.184],[127.718,37.184],[127.717,37.183],[127.695,37.151],[127.694,37.146],[127.695,37.141],[127.695,37.14]]]},"properties":{"prov":"33"}},
{"type":"Feature","geometry":{"type":"MultiPolygon","coordinates":[[[[127.285,36.691],[127.287,36.692],[127.289,36.695],[127.291,36.697],[127.292,36.697],[127.301,36.7],[127.306,36.708],[127.308,36.719],[127.309,36.722],[127.311,36.724],[127.312,36.724],[127.313,36.724],[127.316,36.724],[127.317,36.724],[127.318,36.725],[127.32,36.727],[127.322,36.731],[127.325,36.734],[127.328,36.735],[127.336,36.753],[127.359,36.761],[127.386,36.759],[127.404,36.746],[127.42,36.758],[127.413,36.773],[127.395,36.784],[127.402,36.795],[127.381,36.814],[127.334,36.832],[127.336,36.855],[127.306,36.863],[127.308,36.885],[127.291,36.892],[127.288,36.894],[127.286,36.894],[127.285,36.895],[127.284,36.895],[127.283,36.897],[127.279,36.901],[127.279,36.906],[127.275,36.909],[127.273,36.911],[127.271,36.913],[127.259,36.916],[127.256,36.918],[127.256,36.919],[127.255,36.92],[127.254,36.921],[127.253,36.922],[127.25,36.921],[127.249,36.921],[127.249,36.92],[127.249,36.919],[127.248,36.919],[127.245,36.918],[127.244,36.918],[127.24,36.919],[127.239,36.919],[127.237,36.921],[127.236,36.924],[127.221,36.93],[127.211,36.939],[127.209,36.94],[127.207,36.942],[127.206,36.943],[127.207,36.946],[127.204,36.95],[127.204,36.951],[127.202,36.952],[127.18,36.957],[127.178,36.963],[127.172,36.963],[127.171,36.963],[127.168,36.962],[127.166,36.962],[127.159,36.97],[127.144,36.971],[127.136,36.967],[127.133,36.967],[127.13,36.966],[127.129,36.966],[127.129,36.967],[127.12,36.97],[127.118,36.971],[127.116,36.971],[127.114,36.971],[127.097,36.959],[127.096,36.956],[127.101,36.954],[127.102,36.954],[127.103,36.953],[127.099,36.949],[127.097,36.948],[127.096,36.942],[127.092,36.943],[127.09,36.946],[127.089,36.946],[127.088,36.947],[127.086,36.948],[127.079,36.943],[127.078,36.943],[127.078,36.942],[127.075,36.94],[127.074,36.939],[127.065,36.942],[127.026,36.929],[127.016,36.935],[126.986,36.932],[126.94,36.917],[126.91,36.902],[126.904,36.888],[126.862,36.88],[126.86,36.881],[126.847,36.884],[126.845,36.884],[126.817,36.896],[126.813,36.923],[126.793,36.935],[126.78,36.967],[126.783,36.975],[126.75,36.987],[126.695,37],[126.634,37.001],[126.559,37.033],[126.528,37.043],[126.519,37.06],[126.489,37.06],[126.464,37.017],[126.463,37.003],[126.426,37.015],[126.352,37.005],[126.332,36.997],[126.331,36.985],[126.371,36.983],[126.386,36.974],[126.37,36.96],[126.382,36.937],[126.409,36.936],[126.41,36.917],[126.422,36.899],[126.395,36.888],[126.364,36.876],[126.37,36.858],[126.332,36.863],[126.318,36.843],[126.335,36.815],[126.295,36.824],[126.293,36.843],[126.312,36.873],[126.319,36.903],[126.3,36.919],[126.302,36.941],[126.31,36.956],[126.305,36.974],[126.286,36.969],[126.294,36.929],[126.277,36.898],[126.243,36.911],[126.203,36.9],[126.188,36.87],[126.199,36.856],[126.189,36.84],[126.184,36.813],[126.172,36.812],[126.159,36.83],[126.146,36.792],[126.136,36.776],[126.114,36.774],[126.141,36.724],[126.159,36.756],[126.185,36.753],[126.222,36.722],[126.218,36.711],[126.195,36.706],[126.167,36.717],[126.15,36.694],[126.156,36.678],[126.194,36.676],[126.211,36.694],[126.232,36.696],[126.235,36.718],[126.253,36.718],[126.269,36.73],[126.273,36.703],[126.262,36.697],[126.265,36.674],[126.284,36.672],[126.301,36.638],[126.289,36.615],[126.292,36.585],[126.322,36.6],[126.34,36.616],[126.36,36.625],[126.366,36.627],[126.386,36.619],[126.414,36.615],[126.441,36.6],[126.455,36.595],[126.471,36.56],[126.464,36.548],[126.49,36.522],[126.501,36.532],[126.529,36.521],[126.547,36.507],[126.564,36.508],[126.563,36.507],[126.563,36.506],[126.541,36.504],[126.524,36.52],[126.51,36.52],[126.499,36.523],[126.483,36.507],[126.481,36.478],[126.487,36.455],[126.5,36.445],[126.482,36.383],[126.51,36.381],[126.546,36.355],[126.543,36.339],[126.52,36.335],[126.503,36.325],[126.518,36.301],[126.528,36.296],[126.548,36.267],[126.53,36.24],[126.536,36.202],[126.525,36.188],[126.52589189189189,36.187108108108106],[126.525,36.187],[126.52,36.152],[126.539,36.148],[126.56,36.129],[126.568,36.139],[126.591,36.129],[126.608,36.101],[126.631,36.1],[126.631,36.055],[126.646,36.053],[126.669,36.031],[126.661,36.011],[126.736,36],[126.748,36.026],[126.749,36.026],[126.757,36.026],[126.762,36.026],[126.765,36.027],[126.767,36.029],[126.768,36.029],[126.77,36.03],[126.794,36.032],[126.8,36.033],[126.801,36.033],[126.803,36.034],[126.808,36.036],[126.812,36.039],[126.812,36.04],[126.814,36.041],[126.821,36.05],[126.865,36.061],[126.871,36.072],[126.874,36.11],[126.882,36.131],[126.901,36.142],[126.92,36.136],[126.939,36.151],[126.963,36.156],[126.977,36.149],[127.006,36.15],[127.024,36.137],[127.035,36.139],[127.063,36.125],[127.06,36.095],[127.09,36.072],[127.102,36.076],[127.131,36.066],[127.134,36.081],[127.135,36.084],[127.135,36.085],[127.137,36.086],[127.138,36.087],[127.139,36.087],[127.14,36.088],[127.146,36.09],[127.147,36.09],[127.149,36.09],[127.151,36.09],[127.153,36.086],[127.158,36.084],[127.171,36.087],[127.174,36.089],[127.175,36.089],[127.175,36.09],[127.177,36.091],[127.179,36.094],[127.18,36.095],[127.182,36.095],[127.184,36.094],[127.187,36.092],[127.191,36.088],[127.193,36.087],[127.195,36.086],[127.198,36.086],[127.199,36.086],[127.199,36.087],[127.202,36.088],[127.205,36.1],[127.215,36.098],[127.217,36.097],[127.218,36.097],[127.219,36.097],[127.22,36.097],[127.222,36.097],[127.223,36.098],[127.223,36.099],[127.226,36.099],[127.235,36.094],[127.242,36.085],[127.246,36.083],[127.248,36.083],[127.249,36.083],[127.255,36.087],[127.246,36.096],[127.246,36.101],[127.246,36.102],[127.246,36.103],[127.246,36.105],[127.252,36.113],[127.273,36.107],[127.285,36.112],[127.289,36.113],[127.291,36.112],[127.292,36.112],[127.294,36.114],[127.297,36.123],[127.302,36.125],[127.304,36.125],[127.305,36.126],[127.319,36.12],[127.319,36.124],[127.323,36.127],[127.323,36.129],[127.323,36.131],[127.327,36.131],[127.329,36.131],[127.34,36.129],[127.355,36.108],[127.354,36.106],[127.353,36.106],[127.353,36.105],[127.35,36.104],[127.348,36.098],[127.349,36.095],[127.36,36.089],[127.357,36.082],[127.364,36.065],[127.361,36.054],[127.374,36.041],[127.378,36.031],[127.376,36.023],[127.378,36.023],[127.38,36.022],[127.382,36.021],[127.384,36.021],[127.392,36.017],[127.401,36.009],[127.435,36.029],[127.437,36.009],[127.457,35.983],[127.468,35.988],[127.488,35.978],[127.524,35.985],[127.537,35.996],[127.539,36.026],[127.552,36.033],[127.575,36.023],[127.591,36.025],[127.6,36.012],[127.619,36.008],[127.624,36.067],[127.638,36.068],[127.617,36.094],[127.617,36.105],[127.589,36.134],[127.59,36.143],[127.595,36.153],[127.599,36.155],[127.601,36.158],[127.601,36.159],[127.602,36.16],[127.601,36.161],[127.601,36.169],[127.593,36.177],[127.598,36.185],[127.592,36.195],[127.598,36.218],[127.585,36.23],[127.55,36.238],[127.533,36.251],[127.518,36.241],[127.493,36.238],[127.467,36.222],[127.456,36.201],[127.444,36.195],[127.422,36.208],[127.411,36.217],[127.386,36.251],[127.39,36.262],[127.372,36.272],[127.363,36.269],[127.36,36.225],[127.34,36.189],[127.332,36.184],[127.316,36.221],[127.294,36.223],[127.281,36.246],[127.292,36.264],[127.259,36.276],[127.26,36.327],[127.279,36.345],[127.271,36.361],[127.281,36.375],[127.282,36.415],[127.226,36.422],[127.2,36.439],[127.205,36.459],[127.177,36.493],[127.17,36.509],[127.182,36.521],[127.173,36.536],[127.208,36.578],[127.155,36.607],[127.15,36.62],[127.158,36.635],[127.155,36.664],[127.164,36.678],[127.144,36.689],[127.136,36.705],[127.16,36.733],[127.203,36.726],[127.224,36.716],[127.246,36.696],[127.285,36.691]],[[126.602,36.479],[126.603,36.479],[126.611,36.483],[126.615,36.486],[126.615,36.488],[126.615,36.49],[126.617,36.489],[126.616,36.487],[126.615,36.485],[126.613,36.483],[126.611,36.48],[126.603,36.473],[126.588,36.469],[126.567,36.47],[126.566,36.452],[126.525,36.452],[126.545,36.472],[126.571,36.484],[126.587,36.475],[126.599,36.477],[126.602,36.479]]],[[[126.458,36.355],[126.421,36.385],[126.396,36.369],[126.458,36.355]]],[[[126.428,37.064],[126.422,37.041],[126.45,37.044],[126.444,37.062],[126.428,37.064]]],[[[126.375,36.597],[126.359,36.612],[126.322,36.598],[126.314,36.571],[126.328,36.555],[126.332,36.485],[126.324,36.468],[126.333,36.447],[126.358,36.44],[126.355,36.425],[126.372,36.411],[126.39,36.422],[126.418,36.406],[126.434,36.418],[126.417,36.462],[126.399,36.497],[126.402,36.505],[126.375,36.542],[126.375,36.597]]]]},"properties":{"prov":"34"}},
{"type":"Feature","geometry":{"type":"MultiPolygon","coordinates":[[[[126.748,36.026],[126.756,36.011],[126.747,35.992],[126.729,35.985],[126.704,35.994],[126.682,35.984],[126.642,35.979],[126.526,35.974],[126.522,35.948],[126.534,35.934],[126.564,35.936],[126.566,35.923],[126.588,35.921],[126.588,35.948],[126.616,35.943],[126.612,35.903],[126.623,35.886],[126.668,35.884],[126.675,35.889],[126.676,35.87],[126.683,35.842],[126.698,35.813],[126.707,35.797],[126.654,35.792],[126.633,35.8],[126.621,35.787],[126.629,35.749],[126.612,35.737],[126.597,35.715],[126.569,35.693],[126.558,35.699],[126.531,35.687],[126.527,35.676],[126.467,35.634],[126.466,35.603],[126.479,35.602],[126.509,35.579],[126.529,35.579],[126.575,35.59],[126.627,35.586],[126.651,35.581],[126.668,35.573],[126.673,35.571],[126.673,35.57],[126.672,35.57],[126.668,35.569],[126.664,35.566],[126.633,35.575],[126.614,35.57],[126.595,35.541],[126.581,35.545],[126.555,35.537],[126.527,35.535],[126.483,35.518],[126.439,35.45],[126.429,35.45],[126.429,35.435],[126.45,35.428],[126.48,35.421],[126.493,35.408],[126.477,35.386],[126.513,35.362],[126.52,35.347],[126.514,35.327],[126.532,35.307],[126.548,35.313],[126.573,35.31],[126.608,35.332],[126.626,35.321],[126.645,35.32],[126.666,35.351],[126.699,35.35],[126.705,35.365],[126.731,35.377],[126.73,35.395],[126.752,35.423],[126.748,35.451],[126.773,35.468],[126.814,35.469],[126.814,35.484],[126.843,35.478],[126.85,35.466],[126.869,35.462],[126.897,35.448],[126.902,35.423],[126.919,35.402],[126.935,35.395],[126.963,35.395],[126.97,35.397],[126.974,35.4],[126.975,35.4],[126.976,35.4],[126.976,35.401],[126.977,35.404],[126.976,35.407],[126.971,35.415],[126.97,35.423],[126.971,35.425],[126.971,35.427],[126.971,35.428],[126.995,35.44],[127.014,35.458],[127.035,35.467],[127.037,35.434],[127.045,35.433],[127.049,35.431],[127.052,35.427],[127.052,35.426],[127.051,35.425],[127.05,35.422],[127.048,35.419],[127.045,35.407],[127.047,35.402],[127.043,35.399],[127.042,35.399],[127.033,35.4],[127.027,35.4],[127.027,35.399],[127.027,35.395],[127.03,35.39],[127.047,35.377],[127.055,35.383],[127.071,35.365],[127.07,35.34],[127.07,35.339],[127.069,35.339],[127.066,35.337],[127.065,35.337],[127.063,35.336],[127.062,35.336],[127.055,35.341],[127.054,35.341],[127.052,35.34],[127.052,35.338],[127.051,35.335],[127.051,35.332],[127.051,35.33],[127.044,35.324],[127.044,35.323],[127.043,35.322],[127.043,35.321],[127.046,35.319],[127.051,35.317],[127.061,35.317],[127.089,35.307],[127.097,35.302],[127.105,35.299],[127.117,35.3],[127.147,35.311],[127.147,35.314],[127.147,35.315],[127.147,35.316],[127.151,35.318],[127.152,35.318],[127.153,35.319],[127.154,35.321],[127.16,35.327],[127.161,35.328],[127.163,35.328],[127.165,35.329],[127.168,35.332],[127.173,35.33],[127.187,35.336],[127.188,35.323],[127.213,35.317],[127.221,35.335],[127.257,35.312],[127.287,35.314],[127.31,35.305],[127.354,35.322],[127.385,35.302],[127.437,35.363],[127.471,35.365],[127.497,35.36],[127.532,35.335],[127.577,35.309],[127.605,35.318],[127.621,35.333],[127.623,35.342],[127.61,35.366],[127.626,35.377],[127.636,35.399],[127.66,35.414],[127.674,35.445],[127.636,35.462],[127.637,35.478],[127.653,35.487],[127.619,35.537],[127.585,35.554],[127.596,35.574],[127.611,35.584],[127.614,35.609],[127.635,35.618],[127.62,35.643],[127.639,35.67],[127.642,35.693],[127.661,35.71],[127.662,35.761],[127.679,35.768],[127.7,35.788],[127.719,35.797],[127.739,35.83],[127.827,35.868],[127.842,35.866],[127.854,35.881],[127.86,35.907],[127.885,35.91],[127.883,35.919],[127.884,35.925],[127.882,35.927],[127.882,35.929],[127.883,35.93],[127.884,35.93],[127.885,35.931],[127.886,35.932],[127.888,35.932],[127.889,35.932],[127.89,35.932],[127.892,35.932],[127.896,35.934],[127.899,35.938],[127.904,35.94],[127.906,35.941],[127.908,35.943],[127.911,35.949],[127.904,35.954],[127.893,35.987],[127.876,35.997],[127.877,36.023],[127.853,36.039],[127.849,36.04],[127.846,36.039],[127.845,36.039],[127.843,36.038],[127.842,36.037],[127.83,36.035],[127.824,36.032],[127.822,36.031],[127.82,36.03],[127.819,36.029],[127.797,36.025],[127.784,36.016],[127.783,36.017],[127.782,36.017],[127.78,36.016],[127.775,36.015],[127.773,36.014],[127.772,36.014],[127.77,36.013],[127.769,36.013],[127.768,36.012],[127.767,36.012],[127.766,36.012],[127.765,36.012],[127.763,36.013],[127.762,36.013],[127.759,36.016],[127.747,36.03],[127.704,36.034],[127.696,36.041],[127.695,36.046],[127.696,36.05],[127.696,36.054],[127.695,36.059],[127.693,36.058],[127.691,36.058],[127.689,36.063],[127.688,36.063],[127.687,36.063],[127.686,36.062],[127.685,36.062],[127.684,36.061],[127.681,36.058],[127.68,36.058],[127.678,36.057],[127.674,36.055],[127.67,36.051],[127.654,36.056],[127.638,36.068],[127.624,36.067],[127.619,36.008],[127.6,36.012],[127.591,36.025],[127.575,36.023],[127.552,36.033],[127.539,36.026],[127.537,35.996],[127.524,35.985],[127.488,35.978],[127.468,35.988],[127.457,35.983],[127.437,36.009],[127.435,36.029],[127.401,36.009],[127.392,36.017],[127.384,36.021],[127.382,36.021],[127.38,36.022],[127.378,36.023],[127.376,36.023],[127.378,36.031],[127.374,36.041],[127.361,36.054],[127.364,36.065],[127.357,36.082],[127.36,36.089],[127.349,36.095],[127.348,36.098],[127.35,36.104],[127.353,36.105],[127.353,36.106],[127.354,36.106],[127.355,36.108],[127.34,36.129],[127.329,36.131],[127.327,36.131],[127.323,36.131],[127.323,36.129],[127.323,36.127],[127.319,36.124],[127.319,36.12],[127.305,36.126],[127.304,36.125],[127.302,36.125],[127.297,36.123],[127.294,36.114],[127.292,36.112],[127.291,36.112],[127.289,36.113],[127.285,36.112],[127.273,36.107],[127.252,36.113],[127.246,36.105],[127.246,36.103],[127.246,36.102],[127.246,36.101],[127.246,36.096],[127.255,36.087],[127.249,36.083],[127.248,36.083],[127.246,36.083],[127.242,36.085],[127.235,36.094],[127.226,36.099],[127.223,36.099],[127.223,36.098],[127.222,36.097],[127.22,36.097],[127.219,36.097],[127.218,36.097],[127.217,36.097],[127.215,36.098],[127.205,36.1],[127.202,36.088],[127.199,36.087],[127.199,36.086],[127.198,36.086],[127.195,36.086],[127.193,36.087],[127.191,36.088],[127.187,36.092],[127.184,36.094],[127.182,36.095],[127.18,36.095],[127.179,36.094],[127.177,36.091],[127.175,36.09],[127.175,36.089],[127.174,36.089],[127.171,36.087],[127.158,36.084],[127.153,36.086],[127.151,36.09],[127.149,36.09],[127.147,36.09],[127.146,36.09],[127.14,36.088],[127.139,36.087],[127.138,36.087],[127.137,36.086],[127.135,36.085],[127.135,36.084],[127.134,36.081],[127.131,36.066],[127.102,36.076],[127.09,36.072],[127.06,36.095],[127.063,36.125],[127.035,36.139],[127.024,36.137],[127.006,36.15],[126.977,36.149],[126.963,36.156],[126.939,36.151],[126.92,36.136],[126.901,36.142],[126.882,36.131],[126.874,36.11],[126.871,36.072],[126.865,36.061],[126.821,36.05],[126.814,36.041],[126.812,36.04],[126.812,36.039],[126.808,36.036],[126.803,36.034],[126.801,36.033],[126.8,36.033],[126.794,36.032],[126.77,36.03],[126.768,36.029],[126.767,36.029],[126.765,36.027],[126.762,36.026],[126.757,36.026],[126.749,36.026],[126.748,36.026]]],[[[126.304,35.622],[126.268,35.605],[126.253,35.585],[126.26,35.571],[126.305,35.597],[126.316,35.611],[126.304,35.622]]]]},"properties":{"prov":"35"}},
{"type":"Feature","geometry":{"type":"MultiPolygon","coordinates":[[[[126.445,34.791],[126.449,34.782],[126.381,34.769],[126.38,34.753],[126.361,34.742],[126.388,34.726],[126.392,34.734],[126.424,34.728],[126.425,34.744],[126.456,34.728],[126.463,34.709],[126.388,34.726],[126.369,34.699],[126.331,34.721],[126.332,34.74],[126.299,34.762],[126.289,34.76],[126.275,34.727],[126.271,34.703],[126.259,34.701],[126.256,34.667],[126.261,34.641],[126.285,34.623],[126.28,34.595],[126.313,34.588],[126.314,34.568],[126.334,34.573],[126.38,34.563],[126.389,34.552],[126.39,34.532],[126.429,34.555],[126.434,34.544],[126.456,34.53],[126.471,34.507],[126.457,34.502],[126.456,34.477],[126.472,34.468],[126.456,34.448],[126.476,34.429],[126.508,34.429],[126.517,34.414],[126.49,34.404],[126.474,34.38],[126.483,34.365],[126.499,34.357],[126.522,34.357],[126.527,34.334],[126.512,34.319],[126.517,34.296],[126.545,34.303],[126.558,34.322],[126.588,34.319],[126.599,34.312],[126.609,34.342],[126.62,34.359],[126.622,34.393],[126.635,34.412],[126.657,34.42],[126.674,34.419],[126.702,34.439],[126.725,34.443],[126.735,34.456],[126.758,34.491],[126.758,34.526],[126.766,34.53],[126.769,34.586],[126.79,34.582],[126.794,34.547],[126.787,34.513],[126.805,34.456],[126.83,34.448],[126.853,34.46],[126.849,34.513],[126.856,34.442],[126.89,34.456],[126.926,34.453],[126.977,34.488],[126.964,34.495],[126.977,34.513],[126.989,34.562],[126.979,34.573],[126.993,34.583],[127.004,34.606],[126.995,34.621],[127.044,34.637],[127.045,34.641],[127.045,34.643],[127.046,34.643],[127.046,34.644],[127.067,34.664],[127.083,34.665],[127.108,34.679],[127.114,34.693],[127.135,34.702],[127.144,34.693],[127.178,34.692],[127.206,34.719],[127.209,34.738],[127.229,34.758],[127.241,34.76],[127.26,34.733],[127.272,34.742],[127.295,34.733],[127.304,34.75],[127.327,34.752],[127.335,34.709],[127.306,34.667],[127.277,34.678],[127.285,34.691],[127.278,34.715],[127.263,34.716],[127.24,34.698],[127.228,34.655],[127.19,34.644],[127.173,34.627],[127.166,34.591],[127.151,34.594],[127.135,34.573],[127.114,34.56],[127.121,34.53],[127.143,34.524],[127.195,34.532],[127.255,34.521],[127.283,34.497],[127.269,34.482],[127.301,34.471],[127.304,34.453],[127.322,34.442],[127.34,34.448],[127.321,34.464],[127.334,34.479],[127.371,34.48],[127.38,34.502],[127.405,34.506],[127.406,34.518],[127.423,34.529],[127.438,34.549],[127.397,34.559],[127.401,34.59],[127.446,34.577],[127.457,34.584],[127.486,34.578],[127.506,34.595],[127.496,34.632],[127.474,34.635],[127.481,34.651],[127.471,34.665],[127.453,34.666],[127.421,34.692],[127.403,34.701],[127.379,34.727],[127.373,34.742],[127.4,34.76],[127.386,34.775],[127.39,34.79],[127.395,34.79],[127.419,34.811],[127.418,34.829],[127.416,34.834],[127.417,34.833],[127.426,34.832],[127.473,34.845],[127.491,34.845],[127.494,34.867],[127.513,34.873],[127.526,34.845],[127.534,34.841],[127.543,34.844],[127.545,34.85],[127.543,34.84],[127.537,34.831],[127.523,34.81],[127.56,34.803],[127.579,34.761],[127.59,34.757],[127.578,34.733],[127.555,34.719],[127.558,34.699],[127.55,34.682],[127.554,34.659],[127.59,34.652],[127.633,34.636],[127.634,34.663],[127.622,34.69],[127.626,34.712],[127.642,34.727],[127.658,34.756],[127.682,34.732],[127.709,34.724],[127.733,34.73],[127.754,34.763],[127.746,34.775],[127.757,34.787],[127.77,34.821],[127.776,34.855],[127.762,34.864],[127.699,34.859],[127.67,34.837],[127.662,34.845],[127.636,34.828],[127.614,34.854],[127.59,34.875],[127.599,34.883],[127.613,34.892],[127.601,34.899],[127.594,34.89],[127.605,34.905],[127.591,34.919],[127.586,34.919],[127.579,34.919],[127.599,34.926],[127.617,34.916],[127.639,34.884],[127.671,34.903],[127.663,34.911],[127.671,34.931],[127.696,34.919],[127.703,34.933],[127.711,34.936],[127.731,34.955],[127.748,34.933],[127.769,34.934],[127.759,34.967],[127.763,34.976],[127.781,34.991],[127.785,35.021],[127.772,35.034],[127.768,35.05],[127.74,35.063],[127.695,35.106],[127.694,35.128],[127.676,35.147],[127.648,35.16],[127.637,35.173],[127.632,35.176],[127.627,35.182],[127.625,35.182],[127.625,35.183],[127.618,35.202],[127.621,35.225],[127.61,35.262],[127.596,35.268],[127.577,35.309],[127.532,35.335],[127.497,35.36],[127.471,35.365],[127.437,35.363],[127.385,35.302],[127.354,35.322],[127.31,35.305],[127.287,35.314],[127.257,35.312],[127.221,35.335],[127.213,35.317],[127.188,35.323],[127.187,35.336],[127.173,35.33],[127.168,35.332],[127.165,35.329],[127.163,35.328],[127.161,35.328],[127.16,35.327],[127.154,35.321],[127.153,35.319],[127.152,35.318],[127.151,35.318],[127.147,35.316],[127.147,35.315],[127.147,35.314],[127.147,35.311],[127.117,35.3],[127.105,35.299],[127.097,35.302],[127.089,35.307],[127.061,35.317],[127.051,35.317],[127.046,35.319],[127.043,35.321],[127.043,35.322],[127.044,35.323],[127.044,35.324],[127.051,35.33],[127.051,35.332],[127.051,35.335],[127.052,35.338],[127.052,35.34],[127.054,35.341],[127.055,35.341],[127.062,35.336],[127.063,35.336],[127.065,35.337],[127.066,35.337],[127.069,35.339],[127.07,35.339],[127.07,35.34],[127.071,35.365],[127.055,35.383],[127.047,35.377],[127.03,35.39],[127.027,35.395],[127.027,35.399],[127.027,35.4],[127.033,35.4],[127.042,35.399],[127.043,35.399],[127.047,35.402],[127.045,35.407],[127.048,35.419],[127.05,35.422],[127.051,35.425],[127.052,35.426],[127.052,35.427],[127.049,35.431],[127.045,35.433],[127.037,35.434],[127.035,35.467],[127.014,35.458],[126.995,35.44],[126.971,35.428],[126.971,35.427],[126.971,35.425],[126.97,35.423],[126.971,35.415],[126.976,35.407],[126.977,35.404],[126.976,35.401],[126.976,35.4],[126.975,35.4],[126.974,35.4],[126.97,35.397],[126.963,35.395],[126.935,35.395],[126.919,35.402],[126.902,35.423],[126.897,35.448],[126.869,35.462],[126.85,35.466],[126.843,35.478],[126.814,35.484],[126.814,35.469],[126.773,35.468],[126.748,35.451],[126.752,35.423],[126.73,35.395],[126.731,35.377],[126.705,35.365],[126.699,35.35],[126.666,35.351],[126.645,35.32],[126.626,35.321],[126.608,35.332],[126.573,35.31],[126.548,35.313],[126.532,35.307],[126.514,35.327],[126.52,35.347],[126.513,35.362],[126.477,35.386],[126.493,35.408],[126.48,35.421],[126.45,35.428],[126.418,35.424],[126.403,35.405],[126.407,35.382],[126.397,35.369],[126.378,35.328],[126.378,35.306],[126.361,35.285],[126.338,35.285],[126.308,35.251],[126.299,35.223],[126.306,35.212],[126.337,35.196],[126.379,35.208],[126.356,35.183],[126.372,35.168],[126.373,35.159],[126.396,35.135],[126.403,35.136],[126.422,35.107],[126.465,35.1],[126.458,35.074],[126.444,35.059],[126.423,35.048],[126.426,35.03],[126.403,35.027],[126.401,35.042],[126.409,35.062],[126.396,35.076],[126.367,35.072],[126.345,35.077],[126.343,35.092],[126.33,35.108],[126.345,35.141],[126.334,35.149],[126.321,35.127],[126.309,35.137],[126.281,35.135],[126.264,35.146],[126.243,35.111],[126.254,35.102],[126.249,35.094],[126.217,35.107],[126.204,35.106],[126.19,35.113],[126.159,35.099],[126.16,35.072],[126.183,35.058],[126.233,35.053],[126.228,35.038],[126.233,35.017],[126.255,35.013],[126.274,35.038],[126.261,35.05],[126.26,35.053],[126.261,35.053],[126.262,35.054],[126.268,35.053],[126.27,35.055],[126.273,35.053],[126.286,35.062],[126.305,35.045],[126.314,35.054],[126.317,35.088],[126.334,35.088],[126.345,35.071],[126.352,35.04],[126.382,35.048],[126.39,35.024],[126.347,35.003],[126.359,34.987],[126.327,34.967],[126.305,34.985],[126.295,34.966],[126.321,34.943],[126.33,34.916],[126.368,34.92],[126.366,34.942],[126.388,34.948],[126.391,34.922],[126.403,34.905],[126.391,34.891],[126.401,34.881],[126.396,34.867],[126.412,34.844],[126.388,34.837],[126.363,34.806],[126.361,34.794],[126.374,34.78],[126.402,34.783],[126.441,34.799],[126.445,34.791]],[[126.771,35.07],[126.762,35.091],[126.736,35.108],[126.69,35.111],[126.676,35.105],[126.655,35.115],[126.654,35.164],[126.67,35.17],[126.653,35.192],[126.653,35.193],[126.654,35.193],[126.655,35.193],[126.656,35.194],[126.657,35.194],[126.657,35.193],[126.659,35.192],[126.664,35.192],[126.668,35.193],[126.672,35.194],[126.678,35.194],[126.677,35.201],[126.683,35.209],[126.685,35.21],[126.686,35.214],[126.687,35.215],[126.688,35.215],[126.689,35.215],[126.69,35.215],[126.691,35.214],[126.691,35.213],[126.692,35.213],[126.697,35.21],[126.703,35.208],[126.718,35.212],[126.718,35.213],[126.719,35.213],[126.72,35.215],[126.72,35.216],[126.721,35.219],[126.718,35.222],[126.723,35.229],[126.724,35.23],[126.724,35.231],[126.724,35.232],[126.725,35.234],[126.727,35.237],[126.728,35.236],[126.729,35.237],[126.73,35.241],[126.73,35.242],[126.73,35.243],[126.73,35.244],[126.733,35.247],[126.735,35.25],[126.737,35.252],[126.76,35.259],[126.764,35.253],[126.757,35.244],[126.755,35.241],[126.754,35.238],[126.754,35.237],[126.754,35.235],[126.755,35.234],[126.76,35.234],[126.775,35.23],[126.795,35.22],[126.804,35.221],[126.825,35.227],[126.825,35.232],[126.833,35.229],[126.835,35.229],[126.835,35.23],[126.836,35.23],[126.837,35.23],[126.84,35.232],[126.84,35.233],[126.84,35.234],[126.841,35.234],[126.844,35.237],[126.859,35.24],[126.86,35.24],[126.86,35.241],[126.861,35.241],[126.861,35.242],[126.861,35.244],[126.864,35.246],[126.865,35.246],[126.867,35.246],[126.869,35.246],[126.87,35.246],[126.871,35.247],[126.871,35.248],[126.877,35.25],[126.878,35.251],[126.88,35.252],[126.879,35.249],[126.88,35.248],[126.887,35.246],[126.905,35.258],[126.929,35.252],[126.948,35.231],[126.974,35.186],[127.007,35.185],[127.011,35.166],[127.009,35.134],[127.004,35.121],[126.986,35.106],[126.988,35.094],[126.967,35.089],[126.952,35.073],[126.936,35.074],[126.919,35.092],[126.892,35.078],[126.856,35.078],[126.844,35.065],[126.804,35.052],[126.795,35.061],[126.769,35.054],[126.771,35.07]]],[[[127.26,34.247],[127.234,34.237],[127.241,34.219],[127.257,34.211],[127.26,34.247]]],[[[127.802,34.451],[127.786,34.418],[127.807,34.416],[127.802,34.451]]],[[[127.77,34.53],[127.758,34.549],[127.74,34.553],[127.712,34.538],[127.711,34.53],[127.735,34.503],[127.762,34.499],[127.771,34.487],[127.789,34.487],[127.77,34.53]]],[[[127.664,34.583],[127.639,34.575],[127.65,34.556],[127.67,34.555],[127.68,34.569],[127.664,34.583]]],[[[127.535,34.598],[127.565,34.604],[127.546,34.618],[127.535,34.598]]],[[[127.786,34.712],[127.756,34.731],[127.737,34.73],[127.756,34.708],[127.761,34.685],[127.748,34.67],[127.722,34.654],[127.725,34.638],[127.713,34.621],[127.738,34.61],[127.75,34.593],[127.786,34.585],[127.805,34.59],[127.788,34.606],[127.8,34.63],[127.795,34.667],[127.778,34.678],[127.786,34.712]]],[[[127.726,34.894],[127.715,34.899],[127.692,34.885],[127.704,34.87],[127.751,34.878],[127.743,34.892],[127.726,34.894]]],[[[127.738,34.94],[127.732,34.952],[127.704,34.929],[127.705,34.913],[127.737,34.906],[127.761,34.908],[127.762,34.893],[127.784,34.887],[127.784,34.916],[127.765,34.932],[127.737,34.932],[127.738,34.94]]],[[[127.479,34.464],[127.455,34.476],[127.458,34.451],[127.485,34.448],[127.494,34.43],[127.491,34.412],[127.538,34.433],[127.536,34.449],[127.521,34.453],[127.508,34.47],[127.479,34.464]]],[[[127.217,34.495],[127.189,34.494],[127.145,34.474],[127.128,34.478],[127.097,34.468],[127.106,34.454],[127.099,34.443],[127.144,34.428],[127.169,34.435],[127.207,34.429],[127.218,34.438],[127.235,34.476],[127.217,34.495]]],[[[127.466,34.544],[127.448,34.538],[127.436,34.523],[127.456,34.511],[127.444,34.497],[127.451,34.48],[127.47,34.487],[127.497,34.485],[127.491,34.508],[127.462,34.51],[127.478,34.536],[127.466,34.544]]],[[[126.023,35.363],[126.015,35.345],[126.041,35.345],[126.023,35.363]]],[[[126.925,33.989],[126.914,33.97],[126.935,33.969],[126.925,33.989]]],[[[126.55,34.177],[126.54,34.182],[126.517,34.17],[126.509,34.156],[126.512,34.122],[126.546,34.127],[126.566,34.145],[126.595,34.161],[126.595,34.169],[126.556,34.168],[126.55,34.177]]],[[[126.654,34.198],[126.641,34.185],[126.652,34.169],[126.633,34.142],[126.658,34.115],[126.67,34.121],[126.669,34.161],[126.657,34.173],[126.685,34.182],[126.654,34.198]]],[[[126.89,34.217],[126.876,34.213],[126.853,34.186],[126.86,34.17],[126.881,34.154],[126.915,34.154],[126.925,34.175],[126.906,34.203],[126.89,34.217]]],[[[126.568,34.234],[126.554,34.193],[126.561,34.179],[126.588,34.173],[126.624,34.207],[126.607,34.224],[126.591,34.223],[126.568,34.234]]],[[[126.992,34.336],[126.969,34.337],[126.958,34.314],[126.97,34.304],[126.987,34.308],[127.016,34.327],[126.992,34.336]]],[[[126.839,34.312],[126.844,34.299],[126.87,34.321],[126.886,34.319],[126.875,34.348],[126.833,34.358],[126.802,34.334],[126.833,34.324],[126.839,34.312]]],[[[127.03,34.34],[127.051,34.341],[127.06,34.332],[127.076,34.358],[127.044,34.352],[127.045,34.368],[127.021,34.377],[127.008,34.358],[127.03,34.34]]],[[[126.694,34.398],[126.686,34.402],[126.649,34.394],[126.639,34.382],[126.649,34.334],[126.676,34.316],[126.688,34.297],[126.717,34.297],[126.731,34.287],[126.766,34.291],[126.756,34.315],[126.736,34.343],[126.729,34.38],[126.694,34.398]]],[[[126.943,34.393],[126.916,34.391],[126.892,34.397],[126.882,34.407],[126.864,34.373],[126.906,34.354],[126.929,34.37],[126.948,34.368],[126.943,34.393]]],[[[126.833,34.437],[126.827,34.44],[126.775,34.423],[126.769,34.4],[126.756,34.383],[126.833,34.384],[126.864,34.396],[126.845,34.431],[126.833,34.437]]],[[[127.043,34.46],[127.034,34.45],[127.037,34.424],[127.066,34.411],[127.076,34.424],[127.066,34.45],[127.043,34.46]]],[[[126.042,34.316],[126.029,34.31],[126.027,34.29],[126.052,34.277],[126.066,34.287],[126.093,34.287],[126.081,34.308],[126.054,34.304],[126.042,34.316]]],[[[126.027,34.343],[125.995,34.335],[125.997,34.325],[126.021,34.323],[126.027,34.343]]],[[[126.059,34.493],[126.036,34.477],[126.043,34.459],[126.062,34.481],[126.059,34.493]]],[[[126.252,34.584],[126.24,34.576],[126.251,34.561],[126.236,34.536],[126.219,34.533],[126.203,34.514],[126.205,34.496],[126.174,34.495],[126.172,34.485],[126.145,34.475],[126.116,34.458],[126.089,34.419],[126.115,34.381],[126.142,34.378],[126.156,34.357],[126.203,34.358],[126.244,34.379],[126.26,34.392],[126.284,34.388],[126.28,34.372],[126.302,34.37],[126.307,34.386],[126.291,34.396],[126.335,34.414],[126.366,34.443],[126.358,34.456],[126.372,34.47],[126.382,34.502],[126.377,34.513],[126.337,34.544],[126.315,34.544],[126.309,34.565],[126.278,34.584],[126.252,34.584]]],[[[125.1,34.096],[125.095,34.07],[125.114,34.062],[125.117,34.051],[125.144,34.052],[125.1,34.096]]],[[[126.058,34.628],[126.049,34.627],[126.075,34.584],[126.064,34.56],[126.038,34.558],[126.043,34.538],[126.056,34.531],[126.102,34.557],[126.096,34.574],[126.111,34.589],[126.083,34.618],[126.058,34.628]]],[[[125.995,34.628],[125.986,34.609],[126.009,34.611],[125.995,34.628]]],[[[125.856,34.63],[125.835,34.622],[125.823,34.603],[125.842,34.597],[125.861,34.604],[125.856,34.63]]],[[[126.017,34.636],[126.011,34.608],[126.026,34.595],[126.015,34.584],[126.031,34.572],[126.053,34.571],[126.064,34.583],[126.056,34.603],[126.033,34.612],[126.04,34.63],[126.017,34.636]]],[[[126.16,34.669],[126.153,34.673],[126.127,34.652],[126.122,34.629],[126.138,34.619],[126.186,34.638],[126.188,34.651],[126.16,34.669]]],[[[125.425,34.697],[125.398,34.674],[125.385,34.643],[125.403,34.625],[125.423,34.658],[125.442,34.665],[125.451,34.686],[125.429,34.685],[125.425,34.697]]],[[[125.211,34.708],[125.191,34.685],[125.204,34.682],[125.211,34.708]]],[[[125.97,34.726],[125.965,34.736],[125.937,34.716],[125.916,34.711],[125.915,34.681],[125.938,34.668],[125.979,34.672],[126.011,34.69],[125.991,34.719],[125.97,34.726]]],[[[126.146,34.701],[126.175,34.701],[126.18,34.725],[126.172,34.751],[126.163,34.757],[126.135,34.756],[126.125,34.771],[126.083,34.764],[126.07,34.736],[126.083,34.716],[126.135,34.728],[126.15,34.714],[126.146,34.701]]],[[[125.993,34.807],[125.976,34.803],[125.965,34.788],[125.938,34.777],[125.898,34.778],[125.89,34.766],[125.886,34.74],[125.905,34.721],[125.923,34.717],[125.94,34.723],[125.944,34.737],[125.972,34.759],[125.998,34.762],[126.001,34.795],[125.993,34.807]]],[[[126.159,34.822],[126.139,34.799],[126.1,34.792],[126.104,34.778],[126.127,34.78],[126.141,34.761],[126.165,34.77],[126.162,34.791],[126.153,34.801],[126.159,34.822]]],[[[126.116,34.882],[126.109,34.85],[126.083,34.859],[126.061,34.844],[126.091,34.815],[126.096,34.803],[126.119,34.8],[126.115,34.826],[126.139,34.83],[126.157,34.866],[126.145,34.875],[126.116,34.882]]],[[[126.294,34.85],[126.303,34.854],[126.334,34.848],[126.34,34.816],[126.355,34.815],[126.371,34.847],[126.357,34.864],[126.323,34.862],[126.326,34.891],[126.346,34.894],[126.336,34.909],[126.318,34.906],[126.299,34.922],[126.281,34.91],[126.303,34.891],[126.281,34.887],[126.275,34.865],[126.245,34.859],[126.227,34.847],[126.265,34.841],[126.277,34.856],[126.294,34.85]]],[[[126.249,34.941],[126.227,34.937],[126.22,34.919],[126.232,34.91],[126.251,34.92],[126.249,34.941]]],[[[126.063,34.933],[126.055,34.912],[126.016,34.909],[125.982,34.867],[126.018,34.864],[126.039,34.85],[126.082,34.864],[126.092,34.878],[126.095,34.906],[126.063,34.933]]],[[[126.252,35.006],[126.249,34.98],[126.271,34.976],[126.261,35.006],[126.252,35.006]]],[[[126.164,34.963],[126.178,34.978],[126.178,34.997],[126.166,35.016],[126.135,35.026],[126.106,35.005],[126.133,35.002],[126.137,34.972],[126.164,34.963]]],[[[126.145,35.059],[126.134,35.052],[126.149,35.034],[126.168,35.033],[126.194,35.016],[126.201,35.038],[126.181,35.051],[126.145,35.059]]],[[[126.056,35.075],[126.074,35.06],[126.096,35.051],[126.112,35.061],[126.119,35.08],[126.116,35.139],[126.091,35.115],[126.042,35.085],[126.056,35.075]]]]},"properties":{"prov":"36"}},
{"type":"Feature","geometry":{"type":"MultiPolygon","coordinates":[[[[129.376,36.268],[129.379,36.332],[129.395,36.367],[129.429,36.409],[129.436,36.426],[129.434,36.483],[129.447,36.505],[129.44,36.552],[129.416,36.578],[129.412,36.618],[129.423,36.644],[129.441,36.673],[129.459,36.682],[129.475,36.698],[129.477,36.728],[129.468,36.757],[129.478,36.768],[129.462,36.789],[129.457,36.814],[129.448,36.828],[129.428,36.851],[129.42,36.869],[129.419,36.892],[129.416,36.908],[129.42,36.951],[129.408,36.98],[129.417,36.991],[129.41,37.031],[129.425,37.054],[129.427,37.064],[129.402,37.079],[129.38,37.099],[129.375,37.133],[129.363,37.146],[129.345,37.146],[129.304,37.128],[129.295,37.114],[129.271,37.116],[129.266,37.102],[129.249,37.096],[129.225,37.074],[129.233,37.044],[129.185,37.042],[129.177,37.057],[129.123,37.091],[129.096,37.1],[129.07,37.088],[129.059,37.065],[129.024,37.078],[128.984,37.085],[128.959,37.078],[128.946,37.094],[128.923,37.092],[128.91,37.068],[128.876,37.045],[128.847,37.052],[128.829,37.078],[128.808,37.076],[128.799,37.087],[128.774,37.088],[128.765,37.064],[128.753,37.054],[128.762,37.036],[128.748,37.03],[128.735,37.04],[128.709,37.039],[128.689,37.053],[128.652,37.065],[128.633,37.042],[128.582,37.043],[128.565,37.031],[128.573,37.021],[128.544,36.993],[128.517,36.987],[128.507,36.97],[128.463,36.947],[128.46,36.936],[128.442,36.927],[128.445,36.914],[128.424,36.877],[128.449,36.863],[128.449,36.849],[128.42,36.812],[128.383,36.814],[128.368,36.802],[128.353,36.812],[128.316,36.823],[128.296,36.835],[128.282,36.856],[128.242,36.872],[128.23,36.845],[128.213,36.849],[128.216,36.812],[128.151,36.823],[128.142,36.833],[128.136,36.833],[128.134,36.833],[128.134,36.831],[128.134,36.828],[128.133,36.828],[128.133,36.827],[128.13,36.825],[128.119,36.822],[128.118,36.821],[128.116,36.821],[128.113,36.821],[128.111,36.822],[128.11,36.822],[128.11,36.821],[128.11,36.818],[128.108,36.814],[128.108,36.812],[128.108,36.811],[128.108,36.81],[128.102,36.806],[128.094,36.804],[128.093,36.803],[128.093,36.797],[128.084,36.799],[128.084,36.802],[128.085,36.803],[128.085,36.804],[128.083,36.807],[128.079,36.809],[128.072,36.815],[128.059,36.816],[128.055,36.793],[128.032,36.755],[128.032,36.748],[128.068,36.722],[128.07,36.708],[128.05,36.708],[128.015,36.73],[128.002,36.717],[127.98,36.72],[127.957,36.736],[127.95,36.708],[127.934,36.706],[127.929,36.691],[127.894,36.694],[127.93,36.669],[127.939,36.653],[127.932,36.619],[127.924,36.602],[127.907,36.626],[127.872,36.65],[127.856,36.618],[127.841,36.608],[127.821,36.611],[127.798,36.602],[127.798,36.586],[127.824,36.571],[127.852,36.571],[127.873,36.553],[127.87,36.543],[127.901,36.525],[127.905,36.504],[127.875,36.483],[127.882,36.462],[127.872,36.441],[127.874,36.407],[127.884,36.38],[127.88,36.371],[127.891,36.36],[127.883,36.346],[127.853,36.33],[127.845,36.316],[127.844,36.315],[127.841,36.31],[127.842,36.308],[127.843,36.306],[127.845,36.304],[127.847,36.301],[127.852,36.274],[127.883,36.274],[127.892,36.292],[127.894,36.293],[127.896,36.295],[127.897,36.296],[127.898,36.297],[127.898,36.298],[127.901,36.299],[127.902,36.3],[127.903,36.301],[127.904,36.301],[127.906,36.299],[127.907,36.286],[127.931,36.278],[127.948,36.257],[127.96,36.252],[127.961,36.252],[127.962,36.252],[127.965,36.253],[127.968,36.25],[127.971,36.25],[127.975,36.253],[127.978,36.255],[127.979,36.256],[127.978,36.257],[127.977,36.258],[127.977,36.259],[127.978,36.261],[127.981,36.264],[127.984,36.263],[127.991,36.263],[128,36.266],[128.008,36.272],[128.009,36.272],[128.01,36.272],[128.011,36.272],[128.014,36.27],[128.016,36.268],[128.019,36.267],[128.026,36.268],[128.033,36.262],[128.04,36.259],[128.043,36.259],[128.044,36.258],[128.047,36.257],[128.047,36.255],[128.046,36.254],[128.046,36.252],[128.043,36.252],[128.04,36.252],[128.03,36.24],[128.056,36.202],[128.039,36.194],[128.01,36.209],[127.984,36.201],[127.975,36.188],[127.996,36.154],[127.989,36.133],[127.965,36.113],[127.958,36.09],[127.961,36.07],[127.93,36.049],[127.917,36.054],[127.903,36.039],[127.877,36.023],[127.876,35.997],[127.893,35.987],[127.904,35.954],[127.911,35.949],[127.908,35.943],[127.906,35.941],[127.904,35.94],[127.899,35.938],[127.896,35.934],[127.892,35.932],[127.89,35.932],[127.889,35.932],[127.888,35.932],[127.886,35.932],[127.885,35.931],[127.884,35.93],[127.883,35.93],[127.882,35.929],[127.882,35.927],[127.884,35.925],[127.883,35.919],[127.885,35.91],[127.882,35.903],[127.885,35.893],[127.894,35.887],[127.919,35.89],[127.933,35.863],[127.95,35.862],[127.96,35.86],[127.961,35.856],[127.967,35.855],[127.971,35.852],[127.972,35.852],[127.973,35.852],[127.974,35.852],[127.975,35.853],[127.976,35.854],[127.978,35.856],[127.982,35.859],[127.996,35.838],[128.006,35.834],[128.008,35.831],[128.01,35.829],[128.011,35.829],[128.012,35.829],[128.014,35.83],[128.015,35.831],[128.016,35.831],[128.017,35.832],[128.018,35.833],[128.03,35.836],[128.052,35.83],[128.07,35.841],[128.074,35.839],[128.076,35.839],[128.077,35.84],[128.078,35.839],[128.08,35.838],[128.084,35.837],[128.091,35.831],[128.125,35.819],[128.122,35.803],[128.138,35.784],[128.164,35.777],[128.165,35.763],[128.189,35.752],[128.201,35.723],[128.205,35.696],[128.199,35.685],[128.16,35.668],[128.161,35.654],[128.185,35.658],[128.201,35.644],[128.229,35.64],[128.242,35.655],[128.262,35.643],[128.279,35.652],[128.306,35.655],[128.338,35.645],[128.349,35.646],[128.365,35.613],[128.372,35.611],[128.373,35.612],[128.376,35.613],[128.377,35.613],[128.378,35.614],[128.385,35.617],[128.388,35.618],[128.401,35.633],[128.4,35.646],[128.357,35.682],[128.352,35.697],[128.352,35.704],[128.355,35.707],[128.358,35.709],[128.359,35.709],[128.383,35.702],[128.392,35.701],[128.396,35.7],[128.397,35.7],[128.412,35.696],[128.425,35.699],[128.432,35.705],[128.434,35.707],[128.435,35.711],[128.435,35.715],[128.432,35.726],[128.391,35.748],[128.383,35.76],[128.408,35.799],[128.416,35.806],[128.421,35.809],[128.424,35.809],[128.441,35.809],[128.441,35.808],[128.441,35.806],[128.47,35.806],[128.471,35.806],[128.472,35.807],[128.474,35.807],[128.473,35.809],[128.483,35.816],[128.481,35.83],[128.469,35.84],[128.46,35.842],[128.455,35.844],[128.451,35.846],[128.45,35.847],[128.447,35.847],[128.445,35.848],[128.419,35.851],[128.416,35.852],[128.387,35.851],[128.384,35.853],[128.384,35.866],[128.399,35.899],[128.407,35.901],[128.419,35.921],[128.429,35.929],[128.453,35.937],[128.454,35.943],[128.458,35.942],[128.46,35.941],[128.463,35.939],[128.467,35.939],[128.468,35.939],[128.47,35.938],[128.472,35.937],[128.474,35.937],[128.475,35.936],[128.476,35.936],[128.476,35.935],[128.476,35.934],[128.477,35.933],[128.477,35.932],[128.476,35.928],[128.473,35.923],[128.473,35.914],[128.475,35.894],[128.484,35.894],[128.495,35.891],[128.499,35.89],[128.5,35.888],[128.5,35.887],[128.5,35.886],[128.501,35.887],[128.502,35.887],[128.505,35.891],[128.506,35.902],[128.529,35.924],[128.535,35.938],[128.527,35.975],[128.546,35.966],[128.603,35.988],[128.619,36.006],[128.641,36.011],[128.651,36.007],[128.696,36.016],[128.718,36.008],[128.735,35.993],[128.746,35.973],[128.739,35.957],[128.738,35.928],[128.755,35.915],[128.761,35.888],[128.76,35.866],[128.739,35.851],[128.726,35.858],[128.724,35.84],[128.709,35.827],[128.718,35.807],[128.697,35.794],[128.683,35.79],[128.682,35.784],[128.685,35.778],[128.686,35.778],[128.687,35.775],[128.686,35.769],[128.695,35.756],[128.692,35.747],[128.694,35.744],[128.691,35.731],[128.688,35.729],[128.687,35.728],[128.686,35.728],[128.683,35.726],[128.683,35.721],[128.657,35.718],[128.646,35.708],[128.645,35.708],[128.643,35.707],[128.638,35.706],[128.637,35.706],[128.635,35.706],[128.633,35.707],[128.631,35.707],[128.62,35.703],[128.62,35.705],[128.617,35.706],[128.614,35.71],[128.614,35.713],[128.614,35.714],[128.617,35.716],[128.616,35.72],[128.61,35.725],[128.615,35.731],[128.614,35.737],[128.612,35.739],[128.609,35.739],[128.607,35.739],[128.581,35.739],[128.528,35.713],[128.535,35.694],[128.534,35.691],[128.533,35.69],[128.532,35.689],[128.531,35.688],[128.531,35.685],[128.532,35.683],[128.53,35.683],[128.537,35.66],[128.537,35.624],[128.559,35.615],[128.562,35.603],[128.593,35.584],[128.603,35.58],[128.656,35.598],[128.688,35.595],[128.703,35.578],[128.725,35.581],[128.758,35.567],[128.792,35.57],[128.801,35.588],[128.834,35.597],[128.852,35.595],[128.874,35.622],[128.915,35.641],[128.941,35.635],[128.983,35.609],[129.003,35.62],[129.047,35.651],[129.069,35.645],[129.07,35.682],[129.083,35.698],[129.134,35.712],[129.141,35.724],[129.16,35.715],[129.197,35.716],[129.205,35.721],[129.234,35.704],[129.257,35.701],[129.263,35.691],[129.26,35.655],[129.296,35.644],[129.311,35.661],[129.328,35.659],[129.354,35.679],[129.386,35.67],[129.388,35.67],[129.389,35.669],[129.41,35.664],[129.429,35.656],[129.43,35.656],[129.448,35.652],[129.448,35.651],[129.45,35.651],[129.465,35.667],[129.476,35.693],[129.474,35.706],[129.486,35.73],[129.484,35.744],[129.497,35.772],[129.491,35.787],[129.513,35.817],[129.517,35.842],[129.527,35.864],[129.529,35.904],[129.518,35.921],[129.554,35.968],[129.552,35.986],[129.584,36.017],[129.577,36.024],[129.575,36.062],[129.556,36.086],[129.531,36.056],[129.505,36.037],[129.503,36.026],[129.458,36.003],[129.446,35.992],[129.428,35.998],[129.396,36.018],[129.401,36.039],[129.386,36.028],[129.373,36.05],[129.383,36.063],[129.412,36.072],[129.429,36.094],[129.44,36.111],[129.424,36.115],[129.395,36.14],[129.4,36.165],[129.391,36.184],[129.377,36.19],[129.373,36.207],[129.386,36.222],[129.373,36.255],[129.376,36.268]]],[[[130.911,37.541],[130.845,37.535],[130.812,37.522],[130.802,37.484],[130.81,37.475],[130.843,37.463],[130.87,37.458],[130.885,37.471],[130.907,37.477],[130.918,37.513],[130.908,37.527],[130.911,37.541]]]]},"properties":{"prov":"37"}},
{"type":"Feature","geometry":{"type":"MultiPolygon","coordinates":[[[[128.237,34.651],[128.228,34.631],[128.243,34.623],[128.276,34.619],[128.28,34.635],[128.248,34.652],[128.237,34.651]]],[[[128.481,34.816],[128.468,34.783],[128.487,34.757],[128.508,34.767],[128.494,34.782],[128.481,34.816]]],[[[128.238,34.838],[128.217,34.839],[128.214,34.815],[128.227,34.8],[128.26,34.809],[128.238,34.838]]],[[[128.355,34.839],[128.355,34.824],[128.379,34.815],[128.377,34.796],[128.389,34.79],[128.397,34.766],[128.425,34.766],[128.441,34.802],[128.435,34.828],[128.408,34.834],[128.392,34.826],[128.355,34.839]]],[[[128.2,34.86],[128.171,34.854],[128.186,34.826],[128.208,34.843],[128.2,34.86]]],[[[128.441,34.972],[128.442,34.973],[128.443,34.973],[128.444,34.978],[128.441,34.982],[128.434,34.985],[128.464,34.988],[128.481,35.004],[128.5,35.013],[128.461,35.05],[128.48,35.063],[128.444,35.066],[128.437,35.046],[128.409,35.043],[128.39,35.035],[128.373,35.05],[128.42,35.056],[128.428,35.085],[128.439,35.072],[128.462,35.072],[128.461,35.09],[128.468,35.099],[128.496,35.107],[128.506,35.099],[128.541,35.11],[128.545,35.098],[128.577,35.091],[128.563,35.076],[128.607,35.058],[128.627,35.085],[128.601,35.104],[128.597,35.142],[128.591,35.158],[128.564,35.187],[128.588,35.211],[128.617,35.213],[128.612,35.222],[128.614,35.221],[128.617,35.219],[128.627,35.217],[128.633,35.219],[128.625,35.213],[128.608,35.212],[128.589,35.199],[128.599,35.165],[128.609,35.158],[128.609,35.152],[128.61,35.151],[128.611,35.149],[128.612,35.148],[128.615,35.147],[128.615,35.145],[128.616,35.14],[128.63,35.149],[128.659,35.137],[128.688,35.143],[128.701,35.116],[128.74,35.084],[128.764,35.077],[128.771,35.063],[128.786,35.078],[128.812,35.078],[128.829,35.09],[128.821,35.097],[128.84,35.115],[128.839,35.115],[128.833,35.13],[128.815,35.133],[128.794,35.157],[128.843,35.158],[128.859,35.168],[128.872,35.164],[128.881,35.183],[128.87,35.202],[128.879,35.21],[128.88,35.21],[128.881,35.21],[128.882,35.21],[128.884,35.212],[128.884,35.213],[128.885,35.214],[128.886,35.214],[128.887,35.214],[128.888,35.214],[128.889,35.215],[128.897,35.213],[128.92,35.216],[128.94,35.227],[128.941,35.228],[128.942,35.228],[128.943,35.228],[128.944,35.228],[128.945,35.228],[128.945,35.227],[128.946,35.227],[128.949,35.225],[128.973,35.227],[128.976,35.228],[128.981,35.229],[128.984,35.23],[128.99,35.232],[128.997,35.236],[129.013,35.274],[129.047,35.274],[129.058,35.295],[129.074,35.291],[129.091,35.303],[129.109,35.305],[129.126,35.333],[129.133,35.356],[129.149,35.364],[129.178,35.352],[129.199,35.366],[129.201,35.388],[129.219,35.407],[129.191,35.435],[129.168,35.432],[129.143,35.446],[129.11,35.479],[129.107,35.495],[129.053,35.514],[129.056,35.532],[129.009,35.524],[128.995,35.528],[128.998,35.542],[128.978,35.563],[128.996,35.568],[129.019,35.584],[129.023,35.613],[129.003,35.62],[128.983,35.609],[128.941,35.635],[128.915,35.641],[128.874,35.622],[128.852,35.595],[128.834,35.597],[128.801,35.588],[128.792,35.57],[128.758,35.567],[128.725,35.581],[128.703,35.578],[128.688,35.595],[128.656,35.598],[128.603,35.58],[128.593,35.584],[128.562,35.603],[128.559,35.615],[128.537,35.624],[128.537,35.66],[128.53,35.683],[128.509,35.675],[128.507,35.65],[128.508,35.649],[128.509,35.649],[128.509,35.648],[128.511,35.647],[128.51,35.643],[128.506,35.64],[128.495,35.639],[128.481,35.635],[128.471,35.637],[128.466,35.637],[128.465,35.637],[128.463,35.638],[128.463,35.639],[128.46,35.641],[128.459,35.64],[128.458,35.64],[128.456,35.637],[128.454,35.637],[128.453,35.637],[128.452,35.637],[128.45,35.638],[128.449,35.638],[128.448,35.638],[128.447,35.638],[128.446,35.638],[128.441,35.634],[128.432,35.624],[128.413,35.617],[128.407,35.615],[128.405,35.616],[128.404,35.617],[128.403,35.617],[128.399,35.616],[128.398,35.615],[128.396,35.615],[128.395,35.615],[128.395,35.614],[128.39,35.612],[128.388,35.61],[128.384,35.61],[128.382,35.607],[128.378,35.607],[128.373,35.608],[128.372,35.611],[128.365,35.613],[128.349,35.646],[128.338,35.645],[128.306,35.655],[128.279,35.652],[128.262,35.643],[128.242,35.655],[128.229,35.64],[128.201,35.644],[128.185,35.658],[128.161,35.654],[128.16,35.668],[128.199,35.685],[128.205,35.696],[128.201,35.723],[128.189,35.752],[128.165,35.763],[128.164,35.777],[128.138,35.784],[128.122,35.803],[128.125,35.819],[128.091,35.831],[128.084,35.837],[128.08,35.838],[128.078,35.839],[128.077,35.84],[128.076,35.839],[128.074,35.839],[128.07,35.841],[128.052,35.83],[128.03,35.836],[128.018,35.833],[128.017,35.832],[128.016,35.831],[128.015,35.831],[128.014,35.83],[128.012,35.829],[128.011,35.829],[128.01,35.829],[128.008,35.831],[128.006,35.834],[127.996,35.838],[127.982,35.859],[127.978,35.856],[127.976,35.854],[127.975,35.853],[127.974,35.852],[127.973,35.852],[127.972,35.852],[127.971,35.852],[127.967,35.855],[127.961,35.856],[127.96,35.86],[127.95,35.862],[127.933,35.863],[127.919,35.89],[127.894,35.887],[127.885,35.893],[127.882,35.903],[127.885,35.91],[127.86,35.907],[127.854,35.881],[127.842,35.866],[127.827,35.868],[127.739,35.83],[127.719,35.797],[127.7,35.788],[127.679,35.768],[127.662,35.761],[127.661,35.71],[127.642,35.693],[127.639,35.67],[127.62,35.643],[127.635,35.618],[127.614,35.609],[127.611,35.584],[127.596,35.574],[127.585,35.554],[127.619,35.537],[127.653,35.487],[127.637,35.478],[127.636,35.462],[127.674,35.445],[127.66,35.414],[127.636,35.399],[127.626,35.377],[127.61,35.366],[127.623,35.342],[127.621,35.333],[127.605,35.318],[127.577,35.309],[127.596,35.268],[127.61,35.262],[127.621,35.225],[127.618,35.202],[127.625,35.183],[127.625,35.182],[127.627,35.182],[127.632,35.176],[127.637,35.173],[127.648,35.16],[127.676,35.147],[127.694,35.128],[127.695,35.106],[127.74,35.063],[127.768,35.05],[127.772,35.034],[127.785,35.021],[127.781,34.991],[127.763,34.976],[127.759,34.967],[127.762,34.967],[127.768,34.967],[127.77,34.967],[127.773,34.955],[127.782,34.944],[127.795,34.931],[127.822,34.946],[127.882,34.949],[127.894,34.958],[127.923,35.014],[127.941,35.002],[127.935,34.982],[127.95,34.976],[127.962,34.994],[127.983,34.976],[128.022,35.031],[128.031,35.05],[128.051,35.016],[128.039,35.002],[128.051,34.97],[128.031,34.956],[128.04,34.941],[128.065,34.926],[128.12,34.923],[128.123,34.904],[128.135,34.889],[128.162,34.9],[128.202,34.894],[128.196,34.912],[128.197,34.937],[128.223,34.946],[128.259,34.94],[128.261,34.927],[128.28,34.909],[128.297,34.914],[128.309,34.942],[128.331,34.953],[128.334,34.945],[128.342,34.94],[128.344,34.94],[128.346,34.938],[128.346,34.937],[128.354,34.908],[128.308,34.909],[128.298,34.902],[128.322,34.884],[128.363,34.87],[128.375,34.882],[128.389,34.863],[128.379,34.852],[128.388,34.836],[128.405,34.833],[128.418,34.84],[128.435,34.838],[128.452,34.847],[128.457,34.865],[128.471,34.884],[128.454,34.902],[128.439,34.893],[128.425,34.873],[128.418,34.91],[128.43,34.921],[128.431,34.957],[128.444,34.968],[128.441,34.971],[128.441,34.972]]],[[[128.653,35.011],[128.609,34.975],[128.644,34.979],[128.653,35.011]]],[[[128.674,34.787],[128.666,34.793],[128.673,34.814],[128.697,34.807],[128.722,34.814],[128.725,34.832],[128.703,34.842],[128.744,34.868],[128.734,34.89],[128.71,34.869],[128.696,34.88],[128.723,34.913],[128.715,34.936],[128.727,34.946],[128.695,34.979],[128.702,35.006],[128.717,35.012],[128.712,35.032],[128.675,35.031],[128.671,34.999],[128.655,34.99],[128.647,34.96],[128.625,34.964],[128.586,34.947],[128.611,34.923],[128.618,34.906],[128.597,34.903],[128.588,34.915],[128.55,34.907],[128.524,34.921],[128.516,34.91],[128.492,34.901],[128.473,34.872],[128.482,34.84],[128.502,34.833],[128.516,34.808],[128.529,34.834],[128.561,34.833],[128.572,34.854],[128.589,34.846],[128.584,34.798],[128.578,34.778],[128.584,34.764],[128.577,34.749],[128.586,34.737],[128.579,34.715],[128.61,34.702],[128.628,34.713],[128.627,34.727],[128.653,34.742],[128.638,34.761],[128.674,34.787]]],[[[128.033,34.92],[128.003,34.915],[127.977,34.879],[127.962,34.87],[127.971,34.842],[127.987,34.837],[128.019,34.839],[128.024,34.847],[128.066,34.831],[128.06,34.847],[128.067,34.869],[128.047,34.897],[128.022,34.882],[128.015,34.892],[128.033,34.92]]],[[[127.904,34.861],[127.901,34.884],[127.92,34.892],[127.928,34.907],[127.921,34.935],[127.895,34.947],[127.865,34.937],[127.852,34.916],[127.864,34.904],[127.836,34.898],[127.827,34.874],[127.811,34.862],[127.813,34.834],[127.845,34.787],[127.838,34.749],[127.854,34.747],[127.866,34.727],[127.89,34.722],[127.912,34.736],[127.903,34.763],[127.928,34.776],[127.949,34.767],[127.944,34.747],[127.959,34.709],[127.992,34.719],[128.007,34.711],[128.044,34.702],[128.035,34.731],[128.056,34.746],[128.056,34.788],[128.066,34.813],[128.031,34.834],[127.99,34.832],[127.954,34.805],[127.944,34.81],[127.935,34.832],[127.918,34.835],[127.904,34.861]]]]},"properties":{"prov":"38"}},
{"type":"Feature","geometry":{"type":"MultiPolygon","coordinates":[[[[126.962,33.519],[126.941,33.507],[126.943,33.495],[126.971,33.499],[126.962,33.519]]],[[[126.169,33.283],[126.169,33.275],[126.203,33.246],[126.234,33.235],[126.272,33.194],[126.29,33.206],[126.298,33.223],[126.321,33.239],[126.356,33.236],[126.373,33.23],[126.408,33.244],[126.434,33.235],[126.452,33.242],[126.473,33.223],[126.521,33.241],[126.566,33.238],[126.586,33.244],[126.599,33.234],[126.64,33.257],[126.648,33.268],[126.699,33.271],[126.765,33.292],[126.777,33.306],[126.792,33.303],[126.83,33.307],[126.846,33.32],[126.851,33.336],[126.869,33.354],[126.867,33.364],[126.884,33.384],[126.906,33.391],[126.915,33.433],[126.922,33.44],[126.92,33.469],[126.912,33.479],[126.898,33.483],[126.873,33.475],[126.911,33.49],[126.913,33.506],[126.902,33.515],[126.881,33.53],[126.841,33.534],[126.825,33.559],[126.798,33.555],[126.784,33.565],[126.761,33.559],[126.73,33.561],[126.664,33.543],[126.645,33.556],[126.634,33.536],[126.597,33.538],[126.585,33.525],[126.532,33.521],[126.515,33.516],[126.494,33.521],[126.452,33.498],[126.408,33.485],[126.386,33.489],[126.338,33.467],[126.322,33.467],[126.293,33.444],[126.279,33.442],[126.25,33.401],[126.223,33.39],[126.213,33.375],[126.182,33.357],[126.18,33.347],[126.162,33.334],[126.167,33.316],[126.162,33.287],[126.164,33.285],[126.166,33.284],[126.169,33.283]]]]},"properties":{"prov":"39"}}
]}